id,ts,sensor,reading,quality,label
0,2026-09-19,s33,6.8595,,1
1,2026-02-17,s6,1.8487,OK,1
2,2026-08-19,s40,-1.9868,,2
3,2026-01-10,s39,-1.5758,ok,0
4,1785938498,s32,1.2811,OK,0
5,2026-05-16,s17,-0.5749,,0
6,1714469087,s25,,BAD,1
7,1707022619,s25,-1.1562,ok,0
8,1741769849,s1,-3.5604,good,2
9,2026-03-13,s4,4.9212,ok,1
10,1717578104,s25,4.8278,,1
11,1779556300,s2,-0.0771,OK,0
12,2026-02-10,s29,3.2873,BAD,0
13,2026-06-14,s5,,BAD,1
14,2026-06-19,s38,,good,0
15,2026-07-12,s20,6.9755,OK,1
16,2026-04-16,s27,1.5636,BAD,0
17,1731998471,s17,-0.2419,ok,0
18,1730654837,s36,5.5835,OK,1
19,2026-02-14,s2,-5.1695,BAD,2
20,2026-05-15,s6,0.7648,OK,0
21,2026-06-18,s38,6.4412,,1
22,2026-01-10,s31,2.8118,good,0
23,1710101615,s35,0.0565,good,0
24,1711398684,s5,4.1848,OK,1
25,1701950523,s25,0.6485,ok,1
26,1744311966,s38,-2.305,ok,2
27,2026-02-18,s20,4.5545,BAD,1
28,1788601361,s17,-2.6744,ok,2
29,1722764286,s29,1.2002,OK,0
30,1728747999,s15,5.7452,OK,1
31,1766634678,s3,-4.0076,OK,2
32,2026-08-17,s27,1.6423,ok,2
33,1760730480,s5,6.4791,,1
34,2026-06-14,s9,0.5672,good,0
35,2026-05-13,s8,6.9236,ok,1
36,1726755152,s17,6.226,good,1
37,2026-09-10,s18,2.4101,,0
38,1711705082,s25,0.2745,OK,1
39,1773821504,s30,-0.0761,OK,0
40,2026-04-13,s20,3.7918,ok,1
41,2026-05-10,s3,-3.992,good,2
42,2026-04-11,s12,3.4706,ok,1
43,1769326800,s32,-1.4233,OK,2
44,2026-09-14,s34,-2.2752,BAD,2
45,2026-05-14,s20,-3.2398,BAD,2
46,2026-07-18,s39,3.151,OK,0
47,2026-09-16,s32,,ok,1
48,1733054801,s32,0.7592,,0
49,2026-09-15,s27,0.3805,,0
50,2026-01-13,s1,-1.6263,ok,2
51,2026-04-19,s32,-2.7432,good,2
52,1703120563,s27,-6.0588,OK,2
53,2026-04-18,s34,-4.738,BAD,2
54,1742395863,s13,2.4711,OK,0
55,2026-02-12,s6,-0.9915,OK,0
56,2026-03-13,s7,3.0347,BAD,1
57,1767871344,s33,2.2451,good,0
58,1782324249,s10,-1.3849,ok,2
59,2026-03-12,s38,-1.8131,OK,0
60,1762674292,s33,2.8064,ok,0
61,2026-06-10,s13,6.5347,BAD,1
62,2026-03-11,s21,-0.4229,OK,0
63,1778465677,s17,1.9289,,0
64,1772326428,s28,7.0234,,1
65,1740492067,s7,-0.5726,OK,0
66,1789401565,s22,5.193,ok,0
67,1710312480,s33,-2.5562,BAD,0
68,2026-01-11,s16,2.7474,BAD,1
69,1786974374,s1,2.3189,BAD,1
70,2026-09-16,s29,0.9223,BAD,0
71,1721465652,s31,-1.5564,BAD,2
72,1738176337,s39,2.3861,,0
73,1775248396,s19,2.7285,good,1
74,1707085548,s26,2.3443,OK,0
75,1757648626,s17,1.1187,good,0
76,2026-03-13,s4,1.7864,,0
77,2026-04-10,s8,-2.7692,ok,2
78,2026-07-15,s19,1.9978,good,1
79,1741419878,s18,-2.061,,2
80,2026-05-13,s33,2.269,OK,1
81,1736364877,s28,-4.8412,ok,2
82,2026-02-12,s24,0.4021,ok,0
83,2026-06-15,s5,3.9143,OK,1
84,1734637870,s10,-2.1629,OK,0
85,2026-06-14,s28,5.5871,BAD,1
86,1757980506,s30,-3.5539,ok,2
87,2026-02-14,s20,5.0954,ok,1
88,1788216368,s24,4.0666,OK,1
89,1771163747,s30,-1.7359,,0
90,1748545774,s2,5.3487,BAD,1
91,1775672584,s25,9.1409,BAD,1
92,2026-08-14,s34,-1.6442,ok,2
93,1787403137,s5,2.9893,BAD,0
94,2026-05-11,s2,-6.0345,ok,2
95,1729588277,s34,-3.9193,ok,2
96,2026-03-17,s40,4.6664,good,1
97,1711979427,s35,-0.795,good,0
98,2026-07-16,s11,,ok,2
99,1752254588,s34,-2.7399,OK,2
100,2026-05-12,s30,3.9354,ok,1
101,2026-06-11,s23,4.7092,ok,0
102,1724828539,s26,-1.0709,BAD,0
103,1764356209,s32,-0.2843,good,0
104,2026-08-13,s14,5.9138,ok,1
105,2026-09-18,s16,0.1549,,0
106,1721111159,s11,3.7465,OK,0
107,2026-03-19,s10,1.7205,BAD,1
108,1747208093,s40,-2.988,OK,2
109,1778736610,s2,-3.0933,,2
110,1772930068,s34,-2.4797,,0
111,2026-06-14,s36,6.5002,good,1
112,1789611938,s30,7.1695,ok,1
113,1750617095,s16,-3.0458,ok,2
114,1784258114,s35,,OK,1
115,2026-07-18,s17,-3.7811,good,2
116,1759976065,s6,1.9029,good,0
117,2026-03-12,s26,3.7756,ok,0
118,1716657516,s27,2.2531,OK,0
119,2026-09-12,s10,-1.0617,,0
120,2026-07-19,s39,-4.2179,ok,2
121,1741175056,s7,,good,2
122,1772321627,s36,-4.5436,ok,2
123,2026-09-12,s34,2.4938,BAD,0
124,2026-04-11,s31,-4.1307,ok,2
125,1748479294,s30,-7.0651,good,2
126,2026-09-18,s36,-1.782,BAD,0
127,1700509878,s24,5.3599,good,1
128,2026-09-11,s26,1.0894,BAD,0
129,2026-05-16,s11,-0.7075,OK,0
130,2026-07-12,s17,0.6028,ok,0
131,1719427646,s32,1.2451,good,0
132,1765201531,s27,-1.6749,BAD,2
133,1770464462,s27,5.4952,ok,1
134,1743206044,s38,0.7406,,0
135,2026-04-18,s31,1.5451,,0
136,1789349183,s35,0.1151,,2
137,2026-04-16,s5,6.9281,OK,1
138,2026-08-10,s20,0.0574,BAD,0
139,1771196845,s10,0.8831,ok,0
140,1743533670,s10,4.0374,,1
141,1726240180,s23,3.2809,OK,1
142,2026-04-18,s13,7.0439,BAD,1
143,2026-06-14,s22,1.2572,good,0
144,2026-04-14,s18,0.0136,OK,2
145,2026-05-14,s38,0.1643,BAD,0
146,2026-05-12,s30,-2.7996,OK,2
147,2026-02-18,s39,2.5099,BAD,0
148,2026-03-14,s12,-3.2946,ok,2
149,1704511240,s38,5.8361,ok,1
150,1743057366,s3,8.2936,ok,1
151,2026-09-12,s8,-2.9366,BAD,2
152,2026-04-14,s38,-5.4584,good,2
153,1707048602,s12,-1.9466,ok,2
154,2026-09-17,s5,4.6973,,1
155,2026-09-19,s4,1.2782,BAD,0
156,2026-05-19,s33,2.0234,BAD,1
157,1788450445,s4,2.2549,OK,0
158,2026-03-17,s10,3.0494,ok,1
159,2026-01-13,s6,-2.0875,ok,2
160,2026-04-14,s36,2.591,ok,1
161,1741446519,s40,0.2979,ok,0
162,2026-06-19,s30,2.7719,ok,0
163,2026-07-16,s27,4.9511,OK,1
164,1728783489,s20,4.5705,,1
165,1772521198,s27,7.6953,OK,1
166,1724434161,s33,2.3851,BAD,0
167,2026-05-11,s10,4.9229,OK,1
168,1751594725,s6,-1.4332,ok,2
169,2026-01-14,s32,3.841,BAD,1
170,1756915506,s35,1.8245,OK,0
171,1760625156,s10,-1.0014,BAD,2
172,2026-07-18,s7,2.129,OK,0
173,2026-04-12,s31,2.5799,BAD,1
174,2026-04-18,s24,0.0405,ok,2
175,1716080617,s32,1.2175,good,0
176,2026-04-12,s31,-3.1503,good,0
177,1745880273,s10,1.2634,OK,0
178,2026-07-11,s26,2.0704,ok,1
179,1743692095,s5,3.1114,,1
180,1786210608,s25,2.5524,good,0
181,2026-01-19,s4,-2.6494,good,2
182,1751254621,s3,-5.3903,ok,2
183,1748371915,s2,0.3403,good,0
184,1700124740,s1,-0.1256,OK,0
185,1775264484,s17,0.1222,BAD,0
186,2026-07-12,s11,4.7828,OK,1
187,1755673427,s24,4.7162,,1
188,2026-06-12,s5,-4.0415,good,2
189,1768767123,s3,-0.84,good,0
190,1768108764,s17,-0.3411,good,0
191,2026-06-12,s37,-4.2846,good,2
192,2026-05-12,s25,-0.7141,BAD,0
193,2026-03-10,s18,-3.7735,OK,2
194,2026-03-10,s3,-3.1814,,2
195,2026-02-16,s35,2.3596,BAD,0
196,1782914689,s10,4.8193,good,1
197,1719715696,s12,-2.4083,OK,2
198,2026-02-12,s18,-2.5987,,0
199,2026-07-14,s6,-4.3259,good,2
200,2026-02-10,s1,5.1894,OK,1
201,2026-04-16,s27,3.1726,OK,0
202,1725317190,s16,5.1336,BAD,1
203,2026-03-10,s5,2.8074,ok,1
204,2026-08-10,s24,2.5953,BAD,1
205,1753589203,s35,3.3342,good,0
206,2026-07-16,s1,-2.4164,,2
207,1767937227,s24,-8.2243,good,2
208,2026-02-14,s12,-4.0887,good,2
209,2026-09-14,s23,-0.2833,OK,0
210,2026-01-16,s26,1.9717,ok,0
211,1723429401,s5,2.4417,BAD,0
212,1723865544,s5,1.1407,OK,2
213,2026-03-15,s10,0.3541,good,2
214,1784372309,s33,-4.1625,OK,2
215,1789315533,s27,-4.314,ok,2
216,1770895514,s29,2.7536,ok,1
217,1720391589,s22,4.4834,BAD,1
218,1717004013,s8,4.3824,BAD,1
219,1768666102,s17,-0.5552,OK,0
220,2026-06-17,s28,1.2,BAD,0
221,1774490383,s32,1.4614,OK,0
222,2026-02-12,s7,2.896,BAD,0
223,1715757869,s12,,good,1
224,2026-02-11,s35,-5.6785,,2
225,2026-09-16,s22,-0.7451,OK,2
226,2026-04-13,s11,-4.0125,BAD,2
227,1715572463,s23,-0.6735,ok,2
228,1741643529,s13,,ok,2
229,1782239762,s18,-0.0757,good,0
230,2026-07-13,s19,5.1167,BAD,1
231,1730283911,s25,1.6888,good,0
232,1744733735,s38,0.8971,ok,0
233,2026-05-10,s1,2.0613,good,1
234,2026-07-14,s38,2.7945,,1
235,1711862887,s2,2.7091,ok,0
236,1709736221,s11,6.8611,ok,1
237,1702817136,s28,4.9545,,1
238,2026-08-16,s34,-0.6447,ok,0
239,2026-03-18,s6,-5.2626,good,2
240,1758135037,s10,2.2996,good,0
241,1747124521,s35,3.2571,good,0
242,2026-09-19,s37,-3.8546,good,2
243,1741400907,s23,0.8165,ok,0
244,2026-08-12,s30,1.0377,OK,0
245,2026-09-12,s27,2.8603,ok,0
246,2026-01-13,s25,-5.7377,,2
247,1714798168,s20,-1.3294,BAD,0
248,1728811235,s35,-5.1739,,2
249,2026-06-17,s37,-1.7327,,0
250,2026-05-13,s28,-2.2701,good,2
251,2026-06-17,s20,4.14,,1
252,2026-04-11,s21,-0.9586,,2
253,2026-09-18,s24,5.3341,OK,1
254,1780269977,s20,3.794,good,1
255,1724656327,s8,0.5312,BAD,0
256,1736254936,s24,-2.9121,OK,2
257,2026-02-11,s17,2.8475,BAD,1
258,2026-05-10,s26,5.5026,good,1
259,2026-06-10,s38,-2.7921,OK,2
260,2026-03-11,s25,-0.0603,ok,2
261,2026-08-15,s23,4.6031,ok,1
262,2026-05-18,s7,-1.6061,,2
263,1736779678,s27,2.0256,OK,1
264,1752076468,s7,4.3096,,0
265,1701977808,s11,-5.5143,OK,2
266,1779028324,s23,-4.4125,,2
267,2026-06-11,s17,-1.0494,,2
268,2026-05-16,s28,4.2109,ok,1
269,1761174139,s32,-5.3368,OK,2
270,1704707230,s37,1.3525,good,0
271,1759956180,s20,3.9901,good,0
272,2026-06-11,s38,1.0194,BAD,0
273,1714621617,s39,2.0489,good,0
274,1789626535,s19,-2.1348,OK,2
275,2026-08-11,s19,4.4016,good,1
276,2026-03-19,s35,5.4696,BAD,1
277,1707292260,s24,-3.3599,BAD,2
278,1785908644,s37,-2.6954,good,2
279,2026-02-18,s20,-4.2766,OK,2
280,2026-05-15,s5,2.8627,good,0
281,2026-03-18,s28,,BAD,0
282,1713655051,s9,-3.3275,BAD,2
283,2026-01-18,s9,3.8102,,1
284,2026-09-12,s39,4.4518,OK,1
285,2026-06-12,s3,5.766,BAD,1
286,2026-07-10,s39,3.7712,ok,0
287,2026-01-15,s26,-0.6561,ok,2
288,1706417487,s34,-0.361,ok,0
289,2026-08-13,s13,-2.1075,good,2
290,1787825592,s39,1.4732,good,0
291,2026-01-12,s5,-1.0853,BAD,2
292,2026-04-18,s33,1.5536,ok,1
293,1718529781,s23,0.82,ok,0
294,2026-07-13,s25,5.654,OK,0
295,1706983016,s3,1.5875,ok,1
296,2026-04-12,s21,6.3154,ok,1
297,2026-03-15,s16,3.9629,OK,1
298,1716125307,s10,0.6039,,0
299,1741199456,s12,-0.2632,good,0
300,2026-08-18,s6,-1.4212,BAD,2
301,2026-05-18,s22,-1.4646,ok,2
302,1780947206,s30,-4.3664,BAD,2
303,1778439050,s35,0.3733,,0
304,1729492608,s32,0.8911,OK,0
305,2026-01-12,s11,-2.4616,,2
306,1733655665,s11,6.1054,BAD,1
307,1772493805,s17,4.2137,BAD,1
308,1768296949,s11,6.4885,BAD,1
309,1745598821,s7,-3.6544,BAD,2
310,1700220967,s26,-3.638,,2
311,1712071388,s32,2.9652,BAD,1
312,2026-09-17,s18,-5.5607,good,2
313,2026-01-14,s28,1.2942,,0
314,1742414867,s13,0.4112,,1
315,1733127888,s20,-4.4771,,2
316,1788304482,s31,2.5117,ok,0
317,1714680797,s19,-1.622,,2
318,1758543848,s26,4.0707,good,1
319,1751603218,s3,2.0718,,0
320,1769233107,s21,2.5771,OK,0
321,1713859554,s22,3.0846,OK,1
322,1707609747,s7,2.2668,BAD,0
323,2026-02-10,s31,3.7129,,1
324,1743956586,s5,-4.4645,good,2
325,1785846566,s14,4.257,good,1
326,1758114192,s27,7.2864,ok,1
327,1772638444,s1,-4.5291,BAD,2
328,1773992346,s38,-2.0267,BAD,2
329,2026-01-10,s28,-2.4054,good,2
330,1700284362,s30,2.128,ok,0
331,2026-07-17,s26,-3.3519,OK,2
332,1707348067,s26,-2.7735,ok,2
333,2026-08-19,s16,4.5841,,0
334,2026-06-14,s33,-5.388,ok,2
335,2026-04-14,s18,-2.7992,,2
336,2026-06-13,s27,5.2076,,1
337,1783957138,s25,7.0577,ok,1
338,2026-02-13,s39,0.949,,2
339,1787698926,s15,-5.9458,,2
340,1755852504,s28,-2.714,good,2
341,2026-04-16,s28,2.2778,,1
342,1745589339,s38,0.414,,0
343,2026-07-18,s9,4.5068,BAD,1
344,1766464521,s11,-4.3122,good,2
345,2026-08-14,s7,-0.4153,,2
346,1747329279,s4,-1.0846,,2
347,1728993258,s18,,BAD,0
348,1719945062,s40,,good,0
349,2026-02-11,s13,2.736,ok,0
350,1783842737,s21,5.1144,good,1
351,1703710417,s37,4.5812,OK,1
352,1786895197,s29,0.3971,OK,1
353,1747669881,s14,1.1366,OK,1
354,2026-08-10,s7,5.3965,OK,1
355,1771576556,s5,3.5723,good,1
356,2026-05-10,s21,-2.424,BAD,0
357,1702755375,s16,2.9497,good,0
358,1741661723,s38,8.5836,ok,1
359,2026-03-11,s20,1.0895,ok,0
360,1755453526,s24,-0.7126,,2
361,2026-09-19,s19,-4.9639,,2
362,2026-08-14,s24,0.4864,ok,0
363,2026-08-11,s38,-1.2805,good,2
364,1772948556,s33,-0.0351,OK,2
365,2026-09-15,s1,-4.7037,good,2
366,2026-09-16,s38,1.8567,,0
367,1729097128,s35,-5.7198,,2
368,2026-04-13,s16,8.5541,ok,1
369,2026-09-11,s17,4.2372,BAD,1
370,2026-06-10,s2,2.1378,ok,0
371,1724754304,s8,-5.6554,,2
372,2026-07-14,s27,-0.2697,good,2
373,1737432363,s13,4.6151,ok,1
374,1785039679,s21,-1.8111,,2
375,2026-08-19,s34,,,1
376,2026-09-15,s38,4.9085,good,1
377,1701525350,s37,-2.8708,OK,2
378,2026-09-10,s25,-2.9185,ok,2
379,2026-07-12,s23,5.6645,,1
380,2026-04-16,s3,,ok,0
381,2026-01-19,s19,1.8576,BAD,0
382,1722634381,s27,1.318,BAD,0
383,1700751002,s20,1.8183,BAD,0
384,1752637013,s35,1.4285,ok,0
385,2026-03-16,s3,4.4667,OK,1
386,1745870655,s8,4.1777,ok,1
387,1781263101,s15,-1.5367,,2
388,2026-08-19,s4,1.9497,,1
389,1781447349,s13,0.704,good,1
390,2026-03-15,s35,1.1399,good,1
391,2026-06-10,s1,5.6501,BAD,1
392,1731200702,s12,-3.6815,ok,2
393,1742643470,s16,-1.7267,,2
394,2026-03-13,s3,3.9809,BAD,1
395,1776817948,s4,1.4042,OK,1
396,1761152117,s8,4.8959,good,1
397,2026-08-13,s38,1.2815,ok,0
398,1750041267,s28,1.6401,ok,0
399,1743848189,s29,-3.8498,OK,2
400,2026-05-17,s33,,,1
401,2026-06-19,s19,3.0005,OK,1
402,1764393643,s6,-1.0546,,0
403,1720221639,s10,1.5874,,0
404,1749374022,s14,-5.1656,,2
405,2026-08-12,s9,,OK,2
406,2026-04-15,s39,3.3113,OK,0
407,2026-06-12,s7,-0.9023,ok,0
408,1723956606,s32,-0.4558,OK,2
409,2026-04-11,s30,5.1054,,1
410,1718781305,s16,-2.7316,ok,2
411,2026-03-19,s22,1.5764,good,0
412,2026-02-11,s15,-5.4375,,2
413,2026-08-17,s24,2.3358,,0
414,1780250930,s27,3.1869,OK,0
415,1716551166,s23,5.3613,good,0
416,2026-05-16,s17,2.4156,OK,1
417,1779407176,s8,7.2948,ok,1
418,2026-09-14,s7,-1.3915,ok,2
419,1756980786,s20,3.0001,,0
420,2026-08-13,s27,-4.224,good,2
421,1732503799,s30,1.1573,BAD,0
422,1717889989,s40,-4.5721,,2
423,2026-06-11,s33,-2.8796,OK,2
424,1710509374,s3,2.0796,good,0
425,1769670680,s33,6.7476,good,1
426,2026-02-12,s20,-3.6315,,2
427,1777054499,s40,-1.6777,,0
428,2026-09-16,s5,5.7922,,1
429,2026-03-16,s28,5.4836,BAD,1
430,1726514883,s1,5.1088,BAD,1
431,1788618852,s12,1.163,,0
432,1722082412,s15,-2.8742,OK,2
433,2026-03-15,s19,-2.3202,,0
434,1749686058,s33,-1.7216,,2
435,1706068504,s37,-4.8342,good,2
436,1710975880,s15,6.5496,OK,1
437,1783008074,s22,3.5132,OK,1
438,2026-03-11,s25,1.6595,OK,0
439,1760653626,s23,6.0065,ok,1
440,2026-05-19,s11,-2.1472,ok,0
441,1740626286,s5,5.0654,OK,1
442,1739693969,s19,-3.5124,BAD,2
443,2026-07-11,s26,3.3979,ok,1
444,1736296573,s26,-4.5774,ok,2
445,1706092510,s38,-4.1145,good,2
446,2026-05-14,s16,4.7282,ok,1
447,2026-01-10,s29,0.2392,BAD,0
448,1746138384,s18,-3.3922,BAD,2
449,2026-05-17,s40,-3.0638,OK,2
450,2026-03-16,s37,-6.2064,,2
451,2026-02-14,s22,2.2203,,1
452,2026-02-16,s38,2.3819,good,0
453,1733377665,s11,-4.0836,ok,2
454,2026-03-14,s12,-0.5474,,0
455,2026-08-18,s39,3.652,BAD,1
456,1726580514,s31,8.3771,BAD,1
457,2026-05-10,s14,-4.5293,good,2
458,1710879629,s36,1.123,ok,2
459,1747137742,s34,-0.2952,good,0
460,2026-05-13,s8,-3.8348,OK,2
461,2026-06-19,s3,-0.3577,,0
462,1789267405,s28,7.2017,BAD,1
463,2026-07-16,s10,5.5954,ok,1
464,2026-01-16,s9,1.3734,OK,1
465,2026-03-10,s20,2.1872,BAD,0
466,1707057364,s39,-2.6598,good,2
467,2026-08-10,s40,5.1687,,1
468,2026-08-17,s3,4.3858,BAD,1
469,1774375572,s23,-2.8677,,2
470,2026-05-16,s39,2.8021,ok,0
471,1726257700,s15,-3.0869,ok,2
472,1770327990,s35,6.0191,good,1
473,1717896908,s25,4.6364,good,1
474,1714565827,s39,0.2249,BAD,0
475,1707970703,s25,5.6155,good,1
476,1781486540,s21,0.9632,OK,0
477,2026-04-14,s39,-3.3848,BAD,2
478,2026-04-18,s9,-2.2361,OK,2
479,1703739410,s18,-0.9189,,0
480,1755631969,s38,0.9028,ok,0
481,1739365772,s6,0.8669,BAD,0
482,2026-08-10,s4,,ok,1
483,2026-07-14,s6,-2.1316,BAD,2
484,1749397184,s20,4.4694,BAD,0
485,2026-08-10,s16,1.3959,ok,0
486,1720943306,s7,-1.8824,OK,2
487,2026-06-13,s19,2.1281,ok,0
488,1727344732,s16,0.5793,ok,2
489,1771724552,s4,-2.0257,OK,2
490,1752780960,s1,-2.0519,ok,0
491,1719061830,s15,-1.8259,BAD,2
492,2026-09-15,s34,3.4817,ok,0
493,2026-07-13,s29,3.4778,,0
494,1763941809,s8,-2.9574,ok,2
495,1779703075,s39,,good,2
496,1788957855,s12,-0.696,BAD,0
497,2026-06-15,s29,3.4926,OK,1
498,1736459594,s40,-0.7036,,1
499,2026-09-19,s24,-2.1228,BAD,2
500,1761389770,s4,7.5196,OK,1
501,2026-03-17,s8,0.8579,,0
502,2026-02-17,s18,-1.3367,ok,2
503,2026-09-10,s23,-2.0952,BAD,2
504,2026-05-12,s36,6.9673,ok,1
505,2026-04-17,s2,6.197,BAD,1
506,1777347264,s16,7.7143,OK,1
507,1775386176,s17,1.5856,BAD,0
508,2026-06-12,s17,0.8141,BAD,0
509,2026-01-19,s16,,ok,2
510,2026-05-13,s12,3.5208,,0
511,1782797463,s7,-1.1671,OK,2
512,2026-03-13,s16,3.3321,,1
513,2026-09-14,s11,3.6056,OK,1
514,1714283134,s2,-2.4487,BAD,2
515,2026-08-12,s15,-5.3605,,2
516,1723081338,s31,-3.2172,ok,2
517,2026-08-18,s18,-1.8067,BAD,2
518,1738711144,s24,0.371,good,2
519,1719644846,s34,6.9612,BAD,1
520,2026-06-19,s28,3.2168,ok,1
521,2026-06-18,s36,-4.2245,BAD,2
522,1783234214,s20,-1.0419,OK,2
523,2026-03-12,s19,,OK,0
524,1785587967,s11,-0.1478,OK,0
525,1772362594,s36,2.8932,good,1
526,2026-05-15,s16,1.6397,BAD,0
527,2026-03-17,s29,2.151,,1
528,1731831851,s24,-1.1536,BAD,0
529,1781557851,s25,5.6499,,1
530,2026-07-18,s13,3.0193,BAD,1
531,1707078065,s2,2.1695,ok,0
532,1707181185,s21,1.7605,OK,0
533,2026-04-19,s39,4.1223,BAD,1
534,2026-07-17,s11,-0.6846,,0
535,2026-05-13,s6,4.7626,,1
536,1778657138,s3,-2.9372,ok,2
537,2026-08-13,s17,5.6579,,1
538,2026-02-10,s13,0.7589,ok,0
539,1719761852,s36,-1.0225,BAD,1
540,2026-09-13,s9,-2.6796,,2
541,2026-09-14,s24,3.8433,OK,0
542,1753601859,s8,7.0676,good,1
543,1709188412,s26,3.0959,good,1
544,1778264808,s26,1.0297,BAD,0
545,1772657703,s34,0.7935,BAD,0
546,1779947369,s6,3.6955,good,1
547,2026-02-16,s2,-3.2676,BAD,2
548,1706106817,s5,4.8863,ok,0
549,2026-04-17,s37,1.9435,BAD,1
550,1779994553,s30,-2.1344,OK,2
551,1761934472,s13,6.5084,BAD,1
552,2026-09-13,s5,2.454,BAD,0
553,1758581765,s28,-5.7331,BAD,2
554,1742110153,s5,,OK,0
555,1754640285,s29,7.9267,ok,1
556,1769758774,s24,-3.9069,,2
557,2026-08-18,s5,,good,1
558,2026-05-15,s33,-3.0653,ok,2
559,2026-08-15,s29,1.3484,OK,0
560,2026-07-17,s37,5.0513,BAD,1
561,2026-09-14,s39,-8.1483,OK,2
562,2026-04-13,s39,4.2607,,1
563,2026-08-13,s23,-3.5016,BAD,2
564,1785890427,s26,-3.8945,ok,2
565,2026-05-15,s28,0.5031,good,0
566,2026-07-15,s22,-3.6344,good,2
567,2026-03-16,s19,4.9495,OK,1
568,1736234639,s29,4.4033,OK,1
569,1748906442,s26,5.6178,,1
570,2026-01-17,s10,-6.0137,,2
571,1777425081,s16,0.6668,BAD,2
572,2026-04-10,s22,1.0318,good,1
573,2026-02-19,s25,-3.611,,2
574,2026-01-18,s32,4.6984,good,1
575,1758583967,s24,2.866,,0
576,2026-07-18,s5,7.7874,ok,1
577,1718128612,s39,5.0781,good,1
578,1701034191,s37,-0.0943,,0
579,2026-08-15,s21,1.1555,,0
580,1751791247,s35,-2.9839,good,2
581,1784232212,s7,-0.6364,ok,0
582,2026-08-16,s16,-1.3877,,2
583,1744411931,s25,-4.1258,OK,2
584,2026-05-18,s33,4.5615,OK,1
585,1765802182,s33,-4.9678,ok,2
586,1782547808,s12,0.0386,,0
587,2026-09-12,s11,5.095,OK,1
588,1733771033,s30,4.3777,ok,1
589,1709361681,s6,2.1495,BAD,0
590,2026-03-10,s5,-3.2413,good,2
591,1751236643,s8,3.9359,BAD,1
592,2026-04-16,s12,-3.8924,,2
593,1729954192,s18,3.5529,ok,1
594,1787160009,s33,4.1329,ok,0
595,1724065580,s38,6.1275,,1
596,1780701259,s40,5.8354,good,1
597,1789498699,s14,-3.5196,BAD,2
598,2026-06-10,s5,8.4354,ok,1
599,2026-01-14,s1,-3.7202,,2
600,1709442050,s36,,BAD,1
601,2026-03-13,s37,4.6751,good,1
602,1758349007,s24,4.3338,good,1
603,1784576687,s21,-0.9496,BAD,2
604,1771253045,s22,6.1765,OK,1
605,1751085289,s20,4.5458,ok,1
606,1740012036,s4,2.033,OK,2
607,2026-02-19,s6,-2.7386,good,2
608,2026-06-11,s33,5.5352,BAD,1
609,2026-03-19,s26,-3.1705,,0
610,2026-02-11,s31,2.1779,,1
611,1719915467,s9,6.198,BAD,1
612,1784093772,s4,-3.581,ok,2
613,2026-07-17,s33,-4.636,OK,2
614,1778294716,s26,5.3881,BAD,1
615,1723202285,s19,-2.5835,,2
616,2026-02-17,s31,-0.4814,,2
617,2026-03-19,s39,1.5915,good,0
618,1780535199,s36,1.0284,good,0
619,1707716025,s38,1.4255,,0
620,2026-08-18,s28,7.6536,OK,1
621,1732670410,s2,6.4004,OK,1
622,1761021859,s22,-0.9558,,0
623,1756248227,s8,1.658,OK,0
624,1749893978,s1,4.2269,ok,1
625,1771670043,s34,-4.3434,BAD,2
626,1700272718,s14,4.5515,OK,1
627,2026-08-17,s25,1.6428,,0
628,1784257801,s28,6.5874,BAD,1
629,2026-02-13,s25,5.8588,,1
630,2026-04-19,s5,-1.8544,OK,2
631,1739433988,s20,0.408,BAD,0
632,1737600404,s7,2.2668,good,0
633,2026-06-15,s6,-3.7654,BAD,0
634,2026-01-14,s35,3.1974,BAD,1
635,2026-09-19,s32,-6.0378,ok,2
636,2026-09-13,s16,-2.3092,OK,2
637,2026-01-19,s38,-2.7197,BAD,2
638,2026-03-16,s38,4.3748,good,1
639,1782656600,s13,,ok,0
640,2026-04-17,s36,-0.9084,OK,2
641,2026-01-16,s8,,good,0
642,2026-07-12,s4,4.7781,ok,1
643,1787766182,s22,6.5187,BAD,1
644,1725799596,s27,3.1676,ok,1
645,1728969749,s27,4.4758,,1
646,1703675438,s2,4.3791,good,1
647,1731969212,s12,0.2544,,0
648,1776105317,s12,-0.464,OK,0
649,1757531283,s1,,ok,0
650,2026-07-15,s39,3.9448,OK,1
651,2026-06-13,s9,5.2603,,1
652,1706535861,s35,-4.2686,BAD,2
653,2026-09-13,s40,3.8087,OK,0
654,1742281600,s32,2.1938,good,0
655,2026-07-19,s23,1.2914,ok,0
656,2026-07-17,s17,-3.2407,ok,2
657,2026-07-19,s33,5.0046,,1
658,1710639871,s35,5.2454,,1
659,1764858024,s32,-0.4538,BAD,0
660,2026-06-15,s37,4.0678,good,1
661,1711647514,s17,-1.288,OK,0
662,1751002748,s21,-2.6783,ok,2
663,2026-04-12,s19,-5.3242,,2
664,1712198193,s4,-6.015,OK,2
665,2026-06-11,s3,4.5303,OK,1
666,2026-07-12,s6,-2.5385,OK,2
667,1733185256,s17,-1.3758,,2
668,1758001179,s33,-1.7729,good,2
669,2026-06-13,s15,1.4459,ok,0
670,2026-07-18,s36,5.3942,ok,1
671,1783870515,s19,-1.4789,ok,2
672,1752500603,s22,-5.1972,BAD,2
673,1784808293,s17,-0.9314,ok,0
674,2026-03-17,s23,-1.7778,good,2
675,2026-04-15,s2,1.0051,good,0
676,1716737213,s35,-6.3187,good,2
677,1730510401,s6,1.0027,good,2
678,2026-04-16,s2,6.0871,BAD,1
679,1705751383,s31,-1.5632,ok,2
680,2026-03-18,s16,1.1432,OK,0
681,2026-07-18,s36,1.7086,,0
682,2026-07-19,s2,8.3638,ok,1
683,2026-08-17,s1,-1.8185,good,0
684,1785900238,s14,6.2661,ok,1
685,1738487999,s36,0.2621,OK,0
686,1709127865,s11,-3.4083,BAD,2
687,2026-04-12,s10,-4.498,OK,0
688,1716212436,s35,-6.1617,OK,2
689,2026-08-16,s21,0.1884,ok,2
690,1743150544,s38,-2.5957,ok,2
691,1766257860,s3,-3.2525,ok,2
692,1763225212,s8,5.1759,ok,1
693,1777285973,s27,5.612,ok,1
694,1774534421,s21,4.1304,,1
695,1725935726,s9,3.921,,1
696,1721451495,s33,0.4025,,0
697,1727824754,s35,1.3838,BAD,2
698,1765819434,s29,-6.319,ok,2
699,2026-03-18,s30,2.5898,OK,1
700,2026-07-15,s11,,,1
701,1755001069,s38,5.0606,BAD,1
702,1771830759,s33,3.0087,BAD,0
703,2026-04-16,s17,1.6331,,0
704,1766150808,s36,2.4776,ok,0
705,1702593531,s36,-4.714,BAD,2
706,2026-06-11,s40,-4.7842,OK,2
707,1710158384,s21,2.6431,BAD,1
708,1776638932,s23,-0.293,BAD,1
709,1733843743,s27,-0.6926,,0
710,1759493561,s5,-0.8048,good,2
711,1768379678,s27,-3.3653,ok,2
712,1775918212,s3,-1.1595,OK,2
713,2026-07-16,s14,-1.6559,OK,2
714,1717468405,s23,1.081,ok,0
715,2026-09-14,s40,0.4448,BAD,1
716,1785852122,s8,4.9928,BAD,1
717,1731502162,s36,1.6671,,1
718,2026-05-18,s22,6.6124,good,1
719,2026-05-19,s20,4.2495,,1
720,2026-06-13,s16,0.4449,OK,0
721,1747414969,s12,2.2249,good,1
722,2026-08-17,s23,4.1508,ok,1
723,2026-03-11,s14,-6.4509,BAD,2
724,1728300138,s36,-2.1558,,2
725,2026-02-16,s35,0.6839,OK,0
726,1789433168,s24,-3.4371,ok,2
727,1709009896,s13,-6.505,,2
728,1715120584,s29,-2.5579,,0
729,1705169198,s32,1.1067,OK,0
730,1788294025,s22,8.2929,ok,1
731,2026-07-14,s35,-0.311,good,0
732,1779723011,s38,-3.106,ok,2
733,2026-05-15,s4,2.5015,OK,0
734,2026-06-12,s37,-2.0463,BAD,0
735,2026-09-17,s31,0.2504,good,2
736,2026-05-14,s9,-3.6556,good,2
737,2026-03-10,s36,0.4448,ok,2
738,1768282026,s7,2.6621,,1
739,2026-03-18,s39,4.4304,ok,1
740,1773317274,s28,3.6871,OK,1
741,1765398399,s2,0.8162,BAD,2
742,1789122193,s7,7.2326,good,1
743,1739149675,s3,-5.6813,good,2
744,1786276702,s33,2.2986,OK,1
745,2026-09-15,s5,-2.7311,BAD,2
746,1770730538,s7,3.7765,ok,1
747,1781128085,s34,4.265,BAD,1
748,2026-02-15,s26,-2.6694,OK,2
749,2026-01-18,s21,1.1592,,0
750,1700311232,s13,-7.4377,BAD,2
751,2026-09-11,s25,-2.6106,OK,2
752,1749017883,s31,3.6294,good,1
753,2026-08-19,s8,1.5604,ok,0
754,2026-03-15,s31,2.2436,OK,1
755,1717906780,s37,-3.8469,OK,2
756,1756869844,s18,-2.9991,BAD,2
757,1702260097,s25,-1.2854,BAD,0
758,2026-01-15,s10,1.3922,ok,0
759,1713486320,s30,-3.3587,ok,2
760,1756951363,s29,3.3078,,1
761,2026-09-15,s25,6.3107,BAD,1
762,2026-08-16,s28,1.7896,good,0
763,1704234069,s31,4.4898,BAD,1
764,1701780739,s38,6.0937,OK,1
765,2026-05-12,s8,6.002,BAD,1
766,2026-01-18,s33,-1.8731,OK,2
767,1778011537,s4,2.5905,BAD,0
768,1749007234,s15,-1.151,OK,0
769,1715689495,s11,7.1174,good,1
770,1724256834,s28,-2.9156,good,2
771,2026-05-10,s11,-1.5064,good,0
772,2026-09-10,s21,1.4196,OK,0
773,1757666117,s24,-1.3108,,2
774,2026-09-15,s31,2.3955,BAD,0
775,1775216003,s12,-0.833,,2
776,1744642437,s20,-2.1809,BAD,2
777,1749191810,s22,6.5783,ok,1
778,1760308702,s22,1.3072,good,0
779,2026-04-18,s34,4.9219,OK,1
780,2026-03-10,s28,-0.6924,ok,2
781,1731006536,s14,-2.9134,,2
782,2026-03-12,s20,,ok,1
783,1734256205,s5,4.4767,OK,1
784,1768516789,s33,1.8971,,0
785,2026-07-18,s11,6.4239,OK,1
786,2026-03-13,s5,0.5558,good,0
787,1775449579,s31,5.1383,good,1
788,1720511483,s8,-4.1982,OK,2
789,1788283534,s32,4.318,OK,1
790,2026-03-10,s10,-4.8797,,2
791,2026-06-14,s10,2.919,good,1
792,1709379132,s27,-4.0217,OK,2
793,2026-06-11,s2,-4.041,good,2
794,2026-09-12,s2,3.1978,OK,0
795,1708580205,s34,-2.9312,,2
796,1782283758,s19,3.9916,ok,1
797,2026-04-10,s14,5.1002,,0
798,1711781016,s12,3.8069,BAD,1
799,2026-03-19,s24,2.9741,,1
800,2026-05-17,s26,-2.6912,ok,2
801,1700326511,s11,-0.9993,good,0
802,1714161478,s12,3.5588,,1
803,2026-03-11,s6,1.5209,BAD,0
804,2026-03-14,s36,0.5748,OK,2
805,2026-05-14,s8,-3.1601,OK,2
806,2026-02-14,s22,4.1282,OK,1
807,2026-04-18,s28,-2.8433,,2
808,1719194696,s27,4.8504,good,1
809,2026-08-15,s3,3.9031,,0
810,2026-09-13,s2,1.3542,ok,0
811,2026-08-12,s12,-0.4729,good,0
812,2026-05-10,s2,2.687,ok,1
813,1781575566,s36,-3.9784,good,0
814,2026-03-15,s1,-5.4323,BAD,2
815,2026-01-17,s3,0.322,good,0
816,1748652256,s23,-3.612,ok,2
817,1714927408,s2,2.0862,OK,0
818,2026-08-11,s33,-2.5396,,2
819,2026-06-16,s30,1.2799,OK,0
820,1785680423,s18,3.8573,OK,0
821,2026-04-16,s40,1.9418,OK,1
822,1770018429,s24,-2.4922,good,2
823,1748639818,s27,4.4387,good,0
824,1734062506,s29,-1.4512,good,2
825,2026-07-12,s22,-5.5997,BAD,2
826,2026-06-15,s12,4.6232,OK,1
827,2026-01-17,s36,0.474,,0
828,1717759038,s31,-5.1899,OK,2
829,2026-03-17,s35,1.6428,BAD,0
830,1719121471,s8,-3.0706,ok,2
831,1705825770,s19,2.4239,ok,0
832,2026-05-11,s18,2.5233,BAD,1
833,2026-08-12,s28,4.6731,ok,1
834,1765964277,s17,-3.994,,2
835,1709190286,s16,3.8377,OK,1
836,2026-09-10,s8,4.6781,BAD,1
837,1759710503,s19,1.1934,BAD,0
838,2026-02-12,s35,-1.7108,ok,2
839,2026-03-19,s35,2.1967,,0
840,2026-06-17,s8,5.8061,ok,1
841,1749894976,s25,-0.5626,BAD,2
842,2026-01-13,s21,-4.772,BAD,2
843,2026-06-14,s24,3.7054,good,0
844,2026-07-14,s26,0.1622,good,0
845,2026-09-19,s24,3.6883,ok,0
846,2026-03-18,s34,1.9283,BAD,0
847,1763334473,s18,2.9542,good,0
848,1727115102,s4,-2.5973,OK,2
849,2026-04-10,s31,3.9302,ok,0
850,2026-02-12,s17,-1.4194,good,0
851,1747541178,s5,-4.0302,OK,2
852,2026-02-17,s23,-2.0744,BAD,2
853,1778095178,s20,6.1413,OK,1
854,1785602761,s20,2.8298,ok,1
855,1787088213,s22,,,2
856,1751034007,s2,-4.1034,good,0
857,1757411046,s5,3.9252,,1
858,1752238976,s30,3.0349,BAD,0
859,1736292045,s13,0.2084,BAD,0
860,2026-09-13,s3,0.117,,0
861,2026-02-17,s28,2.8601,good,1
862,1725769938,s35,-1.4264,OK,2
863,2026-06-10,s1,0.5848,BAD,0
864,1731930807,s9,1.5483,ok,0
865,2026-08-14,s34,5.0194,,1
866,2026-05-13,s32,-4.0931,ok,2
867,2026-07-15,s1,-7.005,ok,2
868,1788861967,s23,3.55,,0
869,2026-08-12,s39,0.4787,good,0
870,2026-01-13,s11,-3.8609,BAD,2
871,1776965970,s33,4.8129,OK,1
872,2026-02-13,s3,2.5762,ok,1
873,1773512782,s5,0.7463,OK,0
874,1704461094,s37,4.2952,OK,1
875,1708919460,s4,5.3082,OK,1
876,2026-04-17,s1,-1.071,OK,0
877,1755760159,s36,1.1222,,0
878,1705237055,s27,0.2124,BAD,0
879,2026-07-12,s3,-5.1567,,2
880,2026-05-10,s14,-2.7511,,2
881,2026-05-14,s20,3.6226,good,1
882,1721105003,s2,-2.2495,BAD,2
883,2026-02-11,s23,0.2102,OK,0
884,2026-02-15,s28,5.3227,,1
885,1781134658,s27,-2.2889,OK,0
886,1783530140,s40,6.7262,BAD,1
887,2026-02-10,s33,-2.7888,ok,2
888,2026-05-11,s8,-6.4094,good,2
889,1701059763,s10,2.5231,good,1
890,2026-02-16,s32,-0.9293,ok,0
891,1783561445,s39,-0.0961,good,0
892,1714776796,s9,2.9919,ok,1
893,1780663465,s25,-3.8395,OK,0
894,1760489986,s34,-0.9117,BAD,0
895,1751749905,s18,6.2068,good,1
896,1753187135,s10,-0.9737,OK,0
897,1753779337,s16,6.323,,1
898,1702872086,s10,-0.5128,,0
899,1724894827,s37,1.9434,,1
900,1773807020,s23,2.3509,ok,0
901,2026-07-19,s23,7.8068,ok,1
902,1740751427,s8,5.1422,,1
903,1732633442,s13,3.71,,1
904,2026-02-15,s30,4.2219,ok,1
905,2026-02-13,s11,-4.805,,2
906,2026-09-14,s15,5.8952,OK,1
907,2026-08-11,s17,-2.0961,,0
908,1781489021,s21,5.1972,good,1
909,1777675658,s18,-1.294,ok,2
910,2026-07-16,s4,-2.6589,OK,2
911,2026-05-19,s40,-0.5379,,0
912,2026-08-13,s11,0.6083,OK,2
913,1735217539,s34,-1.7084,good,2
914,1781713315,s20,5.1195,good,1
915,1714128692,s40,-4.1679,ok,2
916,1759413768,s6,-2.0962,ok,2
917,2026-03-19,s15,-0.8502,ok,2
918,1772561900,s9,0.7202,,0
919,2026-08-17,s1,,good,2
920,2026-09-14,s10,2.4365,BAD,0
921,1785117116,s19,-4.2336,,2
922,2026-02-19,s3,4.4946,,1
923,1744662067,s24,2.7115,OK,1
924,1762464947,s38,4.2303,BAD,1
925,2026-08-17,s13,-5.9285,good,2
926,1732499053,s27,5.1254,ok,1
927,2026-08-15,s25,-3.7932,ok,2
928,1779278639,s18,7.2538,ok,1
929,2026-02-19,s36,1.8907,BAD,1
930,2026-08-10,s35,-0.5389,,0
931,2026-04-13,s15,1.5305,OK,0
932,1779309964,s40,-3.8404,good,2
933,2026-06-10,s26,1.3484,,0
934,1784710630,s19,4.6658,ok,1
935,2026-05-13,s33,4.6912,ok,1
936,1758392246,s9,-1.0757,BAD,0
937,2026-08-12,s18,3.6484,good,1
938,1751246762,s1,2.8298,BAD,1
939,2026-06-18,s22,-2.884,BAD,2
940,2026-02-10,s16,-4.7721,good,2
941,1706540932,s22,4.0168,BAD,1
942,1751848449,s28,0.7634,OK,0
943,1776193039,s39,1.0247,OK,0
944,2026-03-15,s12,4.4273,OK,1
945,1755635642,s14,-2.02,,2
946,1735716040,s27,1.0277,good,0
947,2026-03-19,s20,1.4514,good,1
948,1708118131,s16,3.3863,OK,1
949,2026-01-12,s36,-5.7477,good,2
950,2026-09-13,s10,4.0819,OK,1
951,2026-09-12,s4,1.8462,ok,0
952,2026-04-15,s9,4.7695,BAD,1
953,2026-03-12,s22,-3.4197,OK,2
954,2026-04-18,s4,-0.0729,,2
955,1747668884,s31,0.2521,good,0
956,1783795266,s33,7.8483,ok,1
957,1726017215,s37,-3.3868,,2
958,1728181291,s36,-4.0596,good,2
959,1719217891,s14,-3.4801,,2
960,1768994816,s38,1.4538,OK,0
961,1720846637,s20,2.4913,ok,0
962,2026-06-18,s24,-0.6226,ok,0
963,1749120820,s24,-2.9442,BAD,2
964,1781695715,s24,2.1016,good,0
965,2026-05-12,s8,-4.4078,BAD,2
966,1719531540,s5,-0.9916,,2
967,1748748668,s28,4.766,ok,1
968,1755000359,s23,-0.6786,ok,2
969,1770492833,s26,7.7069,BAD,1
970,2026-04-11,s14,-4.241,good,2
971,1787000383,s16,-0.6641,OK,0
972,1788476329,s35,-4.2487,BAD,2
973,1767891537,s13,3.5668,OK,1
974,1759841838,s10,-3.8352,BAD,2
975,2026-04-12,s40,3.6563,good,1
976,2026-03-15,s32,5.0529,,1
977,2026-02-14,s28,2.0917,OK,0
978,2026-09-17,s11,-2.9526,,2
979,1757127034,s23,-1.1085,ok,0
980,1731165103,s4,-0.2922,BAD,2
981,2026-09-19,s9,3.262,,1
982,1779282154,s29,-3.2686,ok,2
983,2026-05-12,s3,6.036,good,1
984,1748242287,s8,-1.3462,BAD,2
985,1715755936,s14,7.1389,ok,1
986,2026-08-18,s28,-2.2019,good,2
987,1769278501,s29,-0.9416,BAD,2
988,2026-09-13,s40,3.4859,BAD,0
989,2026-01-19,s34,-2.0313,ok,2
990,1763294013,s1,3.9375,,0
991,1728231742,s4,-3.6219,BAD,2
992,1759202615,s29,-1.8229,ok,2
993,2026-05-17,s14,-1.2074,good,2
994,2026-03-12,s23,-0.2057,good,0
995,2026-09-12,s37,-4.3146,BAD,2
996,1713922583,s28,-4.0468,good,2
997,2026-04-11,s24,-0.9867,BAD,2
998,2026-03-12,s14,1.7321,good,0
999,1776490959,s24,0.219,ok,0
1000,1783245967,s18,-5.2458,ok,2
1001,1778977920,s40,,OK,0
1002,1710981645,s22,-5.5504,good,2
1003,1714194506,s40,-2.5841,OK,2
1004,2026-01-10,s37,6.1422,BAD,1
1005,2026-04-13,s11,0.4678,,0
1006,1775466076,s14,-3.6462,,2
1007,1711307671,s13,2.2894,ok,1
1008,1754360883,s18,-0.3394,OK,0
1009,1789776518,s40,,BAD,0
1010,1764667941,s40,-1.0369,BAD,0
1011,2026-08-17,s32,-1.7329,ok,2
1012,1746798686,s13,-1.4075,OK,0
1013,1730040105,s18,2.2566,ok,0
1014,1742368949,s27,5.3141,ok,1
1015,1789668512,s18,0.7547,BAD,0
1016,1746055364,s9,-0.6666,OK,0
1017,1787428731,s30,-5.2849,good,2
1018,2026-09-10,s26,-1.1699,,0
1019,2026-06-16,s13,-1.9297,,0
1020,2026-07-19,s11,3.4697,good,1
1021,2026-07-17,s5,3.9899,good,1
1022,2026-04-13,s25,-0.4434,BAD,2
1023,2026-08-18,s28,2.9295,,1
1024,1709499167,s8,1.1204,BAD,0
1025,1708507721,s20,6.2827,good,1
1026,2026-08-15,s28,-1.4646,,0
1027,1768228271,s18,0.4617,good,2
1028,2026-04-12,s28,-2.7342,BAD,2
1029,2026-02-16,s8,-3.7925,good,2
1030,2026-08-10,s30,-1.9357,BAD,2
1031,2026-02-15,s12,2.7435,ok,1
1032,2026-07-16,s35,-0.616,BAD,0
1033,2026-02-15,s1,4.9352,BAD,1
1034,1729553072,s31,2.1614,ok,1
1035,2026-05-19,s19,2.9435,good,0
1036,1766770126,s25,6.5142,BAD,1
1037,1780986770,s40,-4.1804,OK,2
1038,1766640930,s21,0.8591,,0
1039,2026-03-14,s8,-3.9106,BAD,2
1040,1766287038,s37,-2.3723,OK,2
1041,2026-02-12,s4,1.3635,,0
1042,1706637358,s10,4.8873,OK,1
1043,1784503423,s26,3.0121,OK,1
1044,1785301161,s16,2.7774,OK,0
1045,2026-05-16,s23,3.6078,BAD,0
1046,1705977278,s39,2.0293,,0
1047,2026-01-15,s26,-0.1123,,2
1048,2026-09-16,s13,2.7089,ok,0
1049,2026-09-12,s5,2.4942,OK,0
1050,2026-08-10,s9,6.0116,ok,1
1051,2026-07-19,s23,-3.5354,ok,2
1052,1713788930,s38,-4.1977,OK,2
1053,1750633233,s5,3.102,ok,1
1054,1755005246,s29,4.0838,,1
1055,2026-04-15,s21,-4.1728,OK,2
1056,1768725811,s17,-1.1274,OK,2
1057,1773437985,s17,-4.0785,OK,2
1058,1786566375,s34,7.0346,OK,1
1059,2026-03-18,s15,-1.4405,OK,0
1060,1769673916,s14,5.5327,,1
1061,2026-08-13,s3,-0.129,BAD,0
1062,1740541728,s11,0.8309,,0
1063,1754138412,s16,1.9612,OK,0
1064,2026-06-14,s33,4.1985,OK,0
1065,2026-05-13,s5,-2.3613,ok,2
1066,2026-02-19,s29,-2.6294,BAD,2
1067,1755921483,s5,4.1249,ok,1
1068,2026-06-10,s7,4.4107,OK,1
1069,2026-04-18,s10,2.9761,,1
1070,1773664810,s29,6.2522,good,1
1071,1730335917,s27,-0.5992,,2
1072,2026-02-13,s11,6.0244,good,1
1073,1765711991,s13,0.6537,OK,0
1074,2026-08-17,s2,3.4295,,0
1075,2026-06-19,s17,-4.2717,good,2
1076,2026-02-16,s6,-2.7112,BAD,2
1077,2026-01-14,s39,-2.0677,OK,2
1078,1768880455,s39,,,1
1079,2026-07-10,s38,-0.7355,,0
1080,1751694369,s37,-0.7349,,0
1081,2026-03-10,s23,-0.5868,BAD,0
1082,1742842600,s29,2.6614,BAD,0
1083,1757054577,s24,-0.8577,OK,0
1084,1730121739,s24,-1.6233,good,0
1085,1724034117,s2,2.755,BAD,0
1086,1774818590,s4,,good,0
1087,1758693853,s16,3.7905,good,1
1088,2026-09-19,s4,-3.3082,OK,2
1089,2026-05-10,s12,0.9747,BAD,1
1090,2026-05-12,s14,3.4379,ok,0
1091,1751526807,s15,-3.8699,ok,0
1092,2026-01-15,s38,-4.1648,OK,2
1093,1782487335,s19,-3.0913,BAD,2
1094,1778953411,s25,2.1757,good,0
1095,1769524797,s2,6.0577,good,1
1096,1735369313,s8,-4.5747,,2
1097,2026-09-17,s25,-0.8071,ok,0
1098,2026-08-11,s1,4.8393,OK,0
1099,2026-05-11,s7,-3.9999,OK,2
1100,1753557581,s24,0.6814,OK,1
1101,2026-03-13,s22,2.5056,BAD,1
1102,2026-07-18,s1,0.8417,,0
1103,1741958488,s10,-2.9944,good,2
1104,2026-04-18,s22,4.4134,BAD,1
1105,1729687206,s21,4.6813,good,1
1106,2026-03-11,s20,-1.3471,good,2
1107,2026-02-11,s3,-2.1406,,0
1108,1729258954,s14,1.3364,OK,0
1109,1711474630,s20,1.6801,ok,0
1110,2026-04-12,s37,-0.1471,good,0
1111,2026-08-15,s4,4.2563,ok,0
1112,2026-03-17,s17,,ok,1
1113,2026-05-17,s26,-3.2979,BAD,2
1114,1722453832,s20,3.4495,BAD,1
1115,1756371424,s24,6.1855,BAD,1
1116,1767330355,s30,5.8872,good,1
1117,2026-02-13,s40,-7.0099,ok,2
1118,2026-02-13,s3,-7.5605,BAD,2
1119,2026-05-12,s29,5.9861,BAD,1
1120,2026-09-16,s32,2.7916,BAD,0
1121,1761480235,s3,5.3063,,1
1122,2026-08-18,s21,-0.6297,ok,0
1123,1788186894,s39,2.9812,OK,1
1124,1734987830,s27,-5.4101,ok,2
1125,2026-08-14,s7,1.6861,ok,0
1126,1755273771,s40,,good,2
1127,1749893537,s22,3.069,OK,0
1128,1757066466,s14,3.1202,,1
1129,1756726326,s40,1.8922,ok,0
1130,1754618790,s25,-3.0792,good,2
1131,1710791409,s20,-3.7729,,2
1132,1750690406,s23,1.0515,,0
1133,2026-01-16,s18,5.739,ok,1
1134,2026-07-11,s33,-4.0674,good,2
1135,1785302886,s11,1.7542,BAD,2
1136,2026-09-13,s33,-4.9392,,2
1137,2026-06-13,s29,-5.9738,,2
1138,2026-07-17,s2,-0.6992,BAD,2
1139,1714485529,s33,1.6396,BAD,1
1140,1718646691,s29,-1.5204,good,0
1141,1710475144,s29,-3.6663,,2
1142,1734707202,s9,4.2318,ok,1
1143,1727898769,s17,3.5813,ok,0
1144,2026-05-11,s19,-2.9276,OK,2
1145,2026-05-19,s24,3.1144,good,1
1146,2026-04-16,s25,2.8508,,0
1147,2026-08-10,s40,-1.9518,,2
1148,2026-01-14,s31,1.7514,OK,0
1149,1728772630,s14,1.5276,ok,1
1150,1766012075,s28,-1.2168,ok,0
1151,2026-09-17,s27,1.9875,good,0
1152,2026-02-11,s28,-3.69,good,2
1153,2026-05-10,s32,1.9278,good,0
1154,1738185088,s22,4.0698,,1
1155,1776045626,s13,1.2075,ok,0
1156,1717346377,s32,2.2277,BAD,0
1157,1746174801,s28,-1.5035,,0
1158,1712056409,s34,6.6011,BAD,1
1159,2026-04-15,s33,6.4515,,1
1160,2026-02-10,s40,4.1819,BAD,1
1161,2026-04-17,s1,4.992,OK,1
1162,1710124501,s22,4.1814,,1
1163,1786438661,s31,-4.1749,good,2
1164,1742542112,s2,-0.6158,ok,0
1165,1778643853,s21,-1.7151,BAD,2
1166,1733464519,s26,0.3143,,0
1167,1726050060,s34,4.1828,OK,1
1168,1709876558,s29,-2.9689,,2
1169,2026-02-18,s40,-2.8195,ok,2
1170,2026-05-17,s32,-2.0396,,2
1171,2026-04-14,s9,-2.2039,,2
1172,1708599145,s20,2.1334,good,0
1173,2026-03-16,s19,-4.6447,BAD,2
1174,2026-09-13,s33,2.5839,good,1
1175,2026-09-16,s39,6.3382,OK,1
1176,1738119307,s21,-0.9172,good,2
1177,1731557887,s36,1.4044,BAD,1
1178,1753829146,s2,0.4968,ok,0
1179,2026-06-15,s25,-0.935,good,2
1180,1711321682,s31,1.9784,ok,0
1181,1746200864,s17,,OK,2
1182,1758380848,s6,1.9861,OK,0
1183,2026-05-13,s10,4.3361,OK,0
1184,2026-01-18,s34,2.256,ok,1
1185,1705999836,s7,,,0
1186,2026-09-19,s8,-3.365,,2
1187,1733103341,s17,-0.5791,ok,0
1188,2026-01-13,s2,-2.0851,OK,2
1189,1728591282,s25,,OK,1
1190,1769290405,s15,-0.3574,OK,0
1191,1743163787,s40,0.3085,OK,0
1192,1706458803,s37,-3.4355,OK,2
1193,2026-09-11,s28,-3.5887,good,2
1194,2026-06-17,s19,-4.4264,OK,2
1195,1722944707,s20,6.1555,BAD,1
1196,2026-01-11,s26,,BAD,1
1197,1760396045,s18,1.1041,good,0
1198,2026-06-10,s12,-3.3351,OK,2
1199,2026-05-18,s27,5.4927,,1
1200,2026-07-14,s3,-4.195,ok,2
1201,1768141100,s26,6.4153,BAD,1
1202,1760175703,s5,-2.4382,BAD,2
1203,1714288450,s14,-0.4577,,0
1204,2026-08-10,s14,2.4567,ok,0
1205,2026-02-11,s9,4.8254,good,1
1206,1740576234,s17,-1.4568,BAD,2
1207,2026-07-10,s4,-5.0556,good,2
1208,1741421133,s29,-1.9652,good,2
1209,1777885537,s6,-2.2249,,2
1210,1743914779,s3,-0.4017,ok,0
1211,2026-09-18,s20,1.4459,BAD,1
1212,2026-09-19,s37,6.4136,,1
1213,2026-03-14,s20,-0.3752,BAD,0
1214,1743298407,s20,5.2295,good,1
1215,1732877994,s9,-4.0286,OK,2
1216,2026-04-13,s30,0.9598,,0
1217,1717981764,s33,-5.2597,BAD,2
1218,2026-05-16,s27,-0.6721,good,0
1219,1704361172,s6,0.8283,good,0
1220,2026-03-15,s32,3.3842,good,0
1221,1767790463,s34,-5.6009,OK,2
1222,2026-04-12,s10,-1.8056,good,2
1223,2026-06-12,s4,3.6349,ok,0
1224,2026-02-10,s39,4.9759,good,1
1225,1711524012,s23,-2.8211,good,2
1226,1788784699,s23,6.1152,ok,1
1227,2026-05-10,s4,3.1477,OK,0
1228,2026-01-12,s15,-1.1833,BAD,2
1229,2026-03-10,s20,-4.1497,,2
1230,2026-05-12,s3,4.8267,,1
1231,2026-05-16,s39,1.9455,ok,1
1232,2026-03-19,s4,5.0411,,1
1233,2026-08-16,s29,0.957,ok,0
1234,2026-07-13,s10,-1.9779,OK,2
1235,1776987541,s39,6.644,BAD,1
1236,2026-05-12,s19,4.7319,OK,1
1237,1758898009,s16,-1.5636,BAD,2
1238,1768424499,s27,-2.3845,,2
1239,1736877909,s38,5.1263,OK,1
1240,2026-03-12,s8,-3.3893,BAD,2
1241,2026-02-18,s29,2.5724,,0
1242,2026-02-14,s9,-2.0736,,2
1243,1752573648,s17,-2.05,,2
1244,2026-07-15,s6,-2.9404,ok,2
1245,1712663812,s4,-2.7363,OK,2
1246,1775023977,s22,-3.8479,good,2
1247,2026-09-10,s4,-2.7446,OK,2
1248,1700811634,s16,,OK,1
1249,1741761403,s2,0.2906,ok,0
1250,2026-06-17,s15,-7.4212,,2
1251,1741521854,s19,-2.0067,,2
1252,2026-02-14,s29,-0.8611,good,0
1253,2026-05-12,s3,1.2357,good,0
1254,2026-07-19,s15,-2.5729,ok,0
1255,1702184291,s22,-0.6316,good,0
1256,1712933601,s2,0.3953,,0
1257,1747402262,s40,1.613,good,0
1258,1706455273,s18,-2.4148,BAD,0
1259,2026-09-10,s12,5.1337,good,1
1260,2026-01-11,s5,1.3067,,0
1261,1736101659,s2,3.6805,ok,1
1262,2026-06-14,s40,1.9961,ok,1
1263,2026-01-12,s25,-0.0264,ok,0
1264,2026-01-11,s13,0.0442,OK,0
1265,1720342074,s28,5.8851,OK,1
1266,2026-03-10,s26,-2.3461,BAD,2
1267,2026-07-17,s5,7.475,good,1
1268,2026-06-11,s28,5.1541,ok,1
1269,2026-02-13,s27,-2.689,OK,2
1270,2026-06-15,s34,-1.8561,,2
1271,1721186469,s9,1.9585,OK,1
1272,2026-08-10,s13,-1.3529,ok,0
1273,2026-08-10,s25,-2.2809,ok,2
1274,1728495769,s30,3.2632,,1
1275,2026-07-12,s4,-2.3168,ok,2
1276,1732270260,s12,-3.484,ok,2
1277,2026-05-17,s38,-1.1504,BAD,0
1278,1773829873,s13,-4.4853,,2
1279,1766009472,s33,4.3214,good,1
1280,2026-06-13,s7,5.315,,1
1281,2026-06-19,s3,0.8474,,0
1282,2026-03-10,s8,1.8686,good,0
1283,2026-06-18,s33,,OK,1
1284,2026-09-16,s25,5.7021,OK,1
1285,1738045156,s8,3.095,ok,1
1286,2026-06-12,s19,1.6179,ok,0
1287,2026-07-14,s4,4.1678,,1
1288,2026-08-12,s21,1.8494,good,0
1289,1745654667,s26,1.6335,BAD,0
1290,2026-06-12,s38,-5.5745,BAD,2
1291,2026-04-14,s39,-4.7652,,2
1292,2026-07-19,s19,-3.6068,good,2
1293,1730896501,s2,0.2049,,0
1294,1711970430,s29,2.9189,ok,0
1295,2026-02-14,s39,-4.3286,ok,2
1296,1750705904,s17,1.388,OK,0
1297,2026-01-11,s10,-0.8836,OK,2
1298,2026-01-17,s27,2.3485,good,0
1299,1748550205,s35,0.5549,BAD,0
1300,2026-03-11,s25,5.4893,ok,1
1301,1787264985,s9,1.5042,BAD,0
1302,2026-08-12,s28,6.0118,OK,1
1303,1743961313,s30,2.8384,,0
1304,1732519381,s24,-2.1076,,2
1305,2026-01-11,s3,-3.7021,ok,2
1306,2026-01-12,s40,2.4467,,0
1307,1781256620,s6,5.6638,BAD,1
1308,1746191271,s23,-0.3573,OK,0
1309,2026-06-15,s13,-0.2634,ok,0
1310,1731683607,s28,6.7479,ok,1
1311,2026-06-11,s10,5.3539,ok,1
1312,2026-05-13,s9,3.2922,,0
1313,1789621531,s9,1.2503,,0
1314,1700348882,s20,3.6866,ok,1
1315,2026-08-17,s20,2.1602,ok,1
1316,2026-03-12,s29,-1.344,BAD,2
1317,2026-07-17,s19,-2.5634,ok,2
1318,1734570371,s28,2.6987,,0
1319,1723139469,s39,4.4285,,1
1320,1769218910,s30,-6.508,ok,2
1321,1763970022,s10,1.764,,0
1322,2026-07-15,s13,1.5683,BAD,0
1323,2026-03-10,s22,-2.3303,ok,2
1324,2026-02-18,s14,-0.8149,BAD,0
1325,2026-04-10,s1,2.7507,ok,1
1326,1745252587,s1,-3.0274,,2
1327,1731094552,s38,1.8986,OK,0
1328,1719419549,s27,6.9438,,1
1329,2026-02-10,s34,0.9358,BAD,1
1330,1735608836,s25,-4.3409,BAD,2
1331,1704441797,s38,,good,0
1332,2026-07-12,s15,4.9266,good,1
1333,2026-04-19,s24,-1.708,good,2
1334,1740477929,s9,-3.7767,OK,2
1335,1702052813,s34,0.1738,good,0
1336,1702815624,s20,2.2109,OK,0
1337,1725650214,s3,3.8828,ok,1
1338,1738383474,s28,-7.1238,BAD,2
1339,2026-03-19,s11,-1.6083,,0
1340,2026-04-12,s32,2.2073,good,1
1341,2026-03-11,s39,2.9384,,1
1342,2026-07-19,s28,0.7321,OK,0
1343,1739948826,s4,0.3176,,2
1344,1702500230,s1,,ok,2
1345,1747334098,s34,0.1587,ok,0
1346,2026-06-10,s18,,good,0
1347,1766357100,s24,-0.6323,OK,0
1348,1714999092,s14,-4.9663,OK,2
1349,1757702186,s10,-1.439,,2
1350,2026-03-17,s21,-3.5892,good,2
1351,2026-07-15,s35,4.9713,BAD,1
1352,1739689930,s22,-0.9612,BAD,0
1353,2026-02-14,s25,0.8242,good,0
1354,1772872669,s10,0.3369,OK,0
1355,1782588134,s1,0.4852,ok,0
1356,2026-07-11,s27,-2.8721,,2
1357,2026-09-15,s25,4.5822,OK,1
1358,1723447469,s26,2.3253,,1
1359,1752388872,s35,1.9788,good,1
1360,2026-09-13,s14,1.1056,,0
1361,1704092985,s7,4.4392,good,1
1362,2026-03-15,s16,5.7308,ok,1
1363,1783056954,s10,1.2088,OK,0
1364,2026-08-10,s33,-0.5483,good,0
1365,2026-07-17,s38,-3.7004,,2
1366,2026-06-15,s24,-4.9987,OK,2
1367,2026-07-17,s12,2.1724,good,0
1368,2026-04-12,s7,-4.8159,BAD,2
1369,2026-03-10,s4,-0.4325,BAD,0
1370,2026-08-15,s18,7.2751,,1
1371,2026-03-13,s37,7.147,,1
1372,2026-04-10,s16,1.2927,,1
1373,1721228883,s9,5.8898,OK,1
1374,1776654608,s8,2.1042,,0
1375,1746251922,s25,0.5008,BAD,1
1376,2026-06-14,s14,0.5391,good,1
1377,1707549674,s34,2.4099,OK,0
1378,1759764632,s3,3.1975,,1
1379,1787564991,s11,-3.1455,ok,2
1380,1766322163,s5,-5.3219,,2
1381,2026-06-12,s1,1.8677,,0
1382,1703590809,s2,6.3001,BAD,1
1383,1720329591,s37,-2.5727,good,2
1384,2026-04-15,s34,-2.4163,good,2
1385,2026-09-12,s36,-1.6159,OK,2
1386,2026-03-12,s9,0.232,OK,2
1387,2026-01-10,s8,3.9964,ok,0
1388,2026-06-17,s26,5.3915,OK,1
1389,2026-09-19,s38,1.4295,ok,0
1390,1728986975,s2,1.5077,ok,1
1391,2026-05-14,s34,,good,1
1392,1737370212,s26,-5.1022,ok,2
1393,1774969997,s20,2.3049,BAD,1
1394,2026-05-16,s38,2.8598,ok,1
1395,2026-04-18,s21,-5.4814,ok,2
1396,1745079395,s9,-0.4144,,0
1397,1768972130,s13,-3.3743,BAD,2
1398,2026-03-18,s30,2.9486,,1
1399,1754669975,s19,-1.6235,BAD,2
1400,1728567069,s22,4.4624,BAD,1
1401,1718711296,s28,,BAD,2
1402,1771098545,s31,-0.4104,BAD,2
1403,2026-09-19,s36,1.0225,OK,1
1404,1719336900,s26,1.2073,ok,0
1405,1785772436,s2,-2.4083,,2
1406,1769947421,s36,5.914,OK,1
1407,2026-07-13,s17,2.9195,BAD,1
1408,1700253241,s18,-3.7032,BAD,0
1409,2026-01-15,s1,4.2678,,1
1410,2026-04-12,s16,-5.2794,,2
1411,1754515927,s17,-3.5697,,2
1412,2026-05-15,s16,-0.8085,BAD,0
1413,1752233314,s17,2.1395,good,1
1414,1710628766,s40,-0.5758,,2
1415,2026-06-15,s35,,OK,0
1416,1733270603,s1,5.1338,,0
1417,2026-02-19,s38,5.2103,good,1
1418,2026-05-16,s20,-0.7217,good,0
1419,1714493715,s28,,good,2
1420,1727067733,s21,1.303,BAD,0
1421,2026-09-13,s39,1.1005,ok,0
1422,2026-02-18,s30,2.3691,OK,1
1423,1725326218,s15,5.1216,good,1
1424,1778445284,s30,2.3049,OK,0
1425,1759165670,s19,4.9087,OK,0
1426,2026-08-17,s13,-0.8569,BAD,0
1427,1733043096,s14,-1.0277,good,0
1428,2026-03-16,s18,-3.1919,OK,2
1429,2026-08-14,s14,-2.5321,OK,2
1430,1786961569,s16,-0.5228,OK,2
1431,2026-06-14,s40,3.3075,,1
1432,2026-04-14,s3,3.0518,ok,1
1433,2026-02-18,s18,3.935,ok,1
1434,1725214650,s5,-4.9094,BAD,2
1435,2026-03-13,s19,4.8504,ok,1
1436,1705769148,s8,-2.7725,ok,2
1437,1738396157,s26,1.2716,OK,0
1438,1702592435,s11,-5.5057,OK,2
1439,2026-01-18,s38,1.9295,BAD,0
1440,2026-06-15,s26,-0.4921,OK,0
1441,2026-05-12,s2,-1.0179,good,0
1442,2026-03-16,s40,-6.5392,,2
1443,2026-03-18,s11,-5.2464,BAD,2
1444,1743637644,s5,3.3425,ok,0
1445,2026-03-11,s31,-2.508,good,2
1446,2026-01-19,s26,4.8613,BAD,1
1447,1783047054,s20,0.4476,ok,2
1448,1739504666,s8,-2.2769,BAD,2
1449,2026-02-17,s32,-3.3025,BAD,2
1450,2026-07-15,s23,0.8782,OK,0
1451,1713016985,s4,-3.5615,good,2
1452,2026-09-12,s8,-4.7545,ok,2
1453,2026-08-12,s21,2.7432,ok,0
1454,2026-05-14,s26,2.2587,good,1
1455,2026-03-15,s10,9.2679,good,1
1456,2026-06-14,s37,1.4206,,0
1457,2026-05-13,s11,4.2526,,1
1458,2026-01-15,s20,-0.5991,good,0
1459,1737413319,s9,-3.979,BAD,2
1460,2026-03-18,s16,0.4616,OK,2
1461,1719869752,s11,2.6453,good,1
1462,2026-06-13,s11,5.1302,,1
1463,2026-08-17,s30,-4.9344,good,2
1464,1751475803,s26,1.444,BAD,0
1465,1714630921,s1,3.7683,,1
1466,2026-02-15,s27,-2.1238,BAD,0
1467,2026-07-16,s19,-2.0808,good,2
1468,2026-09-18,s26,0.235,BAD,0
1469,2026-02-13,s21,7.4376,BAD,1
1470,2026-04-13,s15,3.4696,BAD,0
1471,1739029240,s15,5.3456,,1
1472,1783980816,s17,,OK,1
1473,1736154810,s8,-2.5363,BAD,2
1474,1780098163,s15,,OK,0
1475,1745024481,s35,3.2244,good,1
1476,1769507159,s38,-3.664,good,2
1477,1766111030,s34,7.7559,BAD,1
1478,1733472481,s40,0.329,,0
1479,2026-07-18,s18,6.657,OK,1
1480,2026-07-10,s25,-5.2339,BAD,2
1481,1771884315,s32,-5.9773,ok,2
1482,2026-07-16,s24,1.9137,good,1
1483,2026-06-16,s34,-0.5557,ok,0
1484,2026-01-16,s31,-1.0463,,2
1485,2026-06-12,s23,-1.5218,BAD,2
1486,2026-02-12,s36,-3.5841,,2
1487,1738275398,s10,-0.6891,,0
1488,1718046894,s22,7.6943,ok,1
1489,2026-03-19,s35,-6.0872,ok,2
1490,2026-06-19,s22,-3.5864,BAD,2
1491,1754428022,s34,5.7332,good,1
1492,2026-07-13,s22,-4.632,,0
1493,2026-01-10,s4,-2.7866,OK,2
1494,1754454000,s31,-5.4881,,2
1495,2026-03-11,s1,-0.8488,ok,2
1496,2026-05-12,s22,0.2828,,0
1497,2026-04-18,s28,0.5392,BAD,0
1498,1702662511,s40,2.3397,OK,0
1499,1789521163,s16,4.8246,OK,1
1500,2026-05-17,s31,8.3815,good,1
1501,1785975142,s3,-3.0636,good,2
1502,2026-03-11,s27,-5.092,OK,2
1503,1710361170,s7,-1.7317,ok,2
1504,1765073536,s12,-0.0819,ok,0
1505,2026-06-11,s40,2.5688,ok,1
1506,1746826731,s12,7.4701,ok,1
1507,2026-07-16,s36,-3.8803,good,2
1508,1739575941,s17,,BAD,1
1509,2026-01-12,s3,0.334,OK,0
1510,2026-07-19,s34,0.4058,ok,0
1511,2026-05-11,s16,-5.0825,,2
1512,1750665959,s29,-0.0971,good,0
1513,1735097375,s37,2.2791,OK,0
1514,2026-06-11,s39,-0.6467,good,0
1515,2026-04-13,s27,4.0927,ok,1
1516,1752126073,s25,-5.7959,,2
1517,1723129512,s4,-3.3213,ok,2
1518,1741963213,s4,2.2961,good,0
1519,2026-05-10,s8,,ok,0
1520,1721510023,s22,3.4802,,1
1521,1720657479,s14,4.5796,ok,1
1522,2026-02-12,s16,-0.2775,ok,0
1523,2026-04-19,s12,5.8062,good,1
1524,2026-09-11,s14,4.0754,,1
1525,2026-03-16,s9,-2.3812,,0
1526,1761861972,s34,1.9471,BAD,0
1527,1703392329,s7,4.9058,ok,1
1528,1747908626,s23,3.7241,BAD,1
1529,2026-05-17,s28,2.6289,BAD,0
1530,2026-01-14,s17,-0.3467,BAD,0
1531,2026-06-14,s13,3.2024,ok,1
1532,2026-07-11,s39,-3.1447,good,2
1533,2026-09-19,s21,1.5189,,0
1534,1772577372,s21,-1.0423,,0
1535,1702402553,s22,0.8074,ok,0
1536,2026-01-19,s15,-1.5065,,0
1537,2026-08-18,s14,-3.0759,BAD,2
1538,2026-03-16,s24,-0.0374,good,0
1539,1777956118,s5,-1.7957,good,2
1540,1737061187,s33,-1.0932,OK,2
1541,2026-02-19,s35,-5.9249,BAD,2
1542,2026-03-10,s6,-1.9944,OK,2
1543,2026-07-19,s13,-1.5603,,2
1544,2026-05-16,s21,5.3113,good,1
1545,2026-02-11,s37,-3.7795,BAD,2
1546,1707233768,s14,5.1293,ok,1
1547,1783984320,s7,3.9689,,0
1548,2026-02-13,s6,5.8177,good,1
1549,2026-06-14,s14,5.9967,,1
1550,2026-01-16,s21,-2.6248,BAD,2
1551,1723723120,s30,-3.7069,,2
1552,1761573232,s23,-3.5617,good,2
1553,2026-04-12,s27,0.1436,good,0
1554,1734739695,s20,7.069,OK,1
1555,1733520632,s34,-2.2351,OK,0
1556,1746222584,s6,-4.0824,,2
1557,2026-02-13,s38,1.655,ok,0
1558,2026-01-15,s40,-3.7846,good,2
1559,1750344637,s37,4.5061,BAD,1
1560,1713144192,s8,-0.1973,OK,0
1561,2026-02-11,s34,6.0473,,1
1562,1724719560,s40,-3.6064,,2
1563,2026-03-15,s28,6.0391,ok,1
1564,2026-03-13,s21,-5.4113,good,2
1565,2026-04-12,s26,5.721,OK,1
1566,1735214576,s38,1.5211,OK,0
1567,1749436693,s40,6.1493,,1
1568,2026-03-10,s39,8.1763,ok,1
1569,1778685677,s28,-4.0568,BAD,2
1570,1714844729,s16,5.554,OK,1
1571,1742381171,s8,-5.0105,BAD,2
1572,2026-03-17,s4,3.6568,BAD,0
1573,2026-08-13,s14,-1.0305,,0
1574,1757652150,s25,5.0378,BAD,1
1575,2026-05-19,s37,-2.4481,OK,2
1576,1771422125,s6,2.399,,0
1577,1744940295,s4,-4.9665,good,2
1578,2026-01-15,s26,-7.1006,,2
1579,1777757464,s15,-2.9894,OK,2
1580,2026-05-10,s5,-2.7829,,2
1581,2026-04-19,s40,-2.0966,,2
1582,2026-02-12,s31,-5.0828,,2
1583,1784274624,s24,4.1214,BAD,1
1584,2026-04-12,s22,1.8507,BAD,1
1585,2026-01-15,s24,2.1762,good,0
1586,1776174533,s13,0.6032,ok,0
1587,1780073229,s22,4.1282,ok,1
1588,2026-06-17,s12,2.4232,ok,1
1589,2026-04-19,s29,7.7626,ok,1
1590,1770819178,s21,0.8792,BAD,0
1591,2026-05-16,s19,0.7407,OK,0
1592,1718381514,s3,5.445,ok,1
1593,1760751331,s33,2.0433,good,1
1594,2026-01-11,s11,6.9077,good,1
1595,1729450579,s2,-1.8998,BAD,0
1596,2026-05-13,s11,-2.3104,OK,0
1597,2026-01-12,s25,-3.5694,,2
1598,1777475143,s2,-4.2117,,2
1599,1762498667,s35,5.6409,ok,1
1600,1734816566,s7,-4.9679,ok,2
1601,1753924022,s17,3.953,BAD,1
1602,1721404626,s26,1.7563,OK,0
1603,1713522340,s8,-2.016,OK,2
1604,1786833248,s25,0.5217,OK,0
1605,2026-07-11,s28,-2.0312,OK,2
1606,1723324354,s32,-2.7021,OK,2
1607,1732169751,s28,1.9526,good,0
1608,2026-01-15,s29,4.0128,ok,0
1609,2026-07-13,s14,-4.6481,ok,2
1610,1739938380,s13,-1.5539,ok,0
1611,1745654280,s10,2.0073,ok,0
1612,2026-05-13,s15,,BAD,2
1613,1752302632,s22,3.4897,good,1
1614,2026-07-16,s37,4.675,BAD,1
1615,1742619622,s11,-3.2131,good,2
1616,2026-07-10,s12,-0.1534,BAD,2
1617,1705272710,s8,1.1898,good,0
1618,1722296335,s15,-3.8905,,2
1619,2026-09-16,s27,6.6056,OK,1
1620,2026-09-17,s5,3.1366,ok,0
1621,2026-06-15,s4,-1.3291,good,2
1622,2026-05-12,s17,5.7032,good,1
1623,1761941897,s2,-3.9706,BAD,2
1624,1749692885,s24,-5.8275,ok,2
1625,2026-02-19,s1,-0.3966,,0
1626,2026-01-12,s27,7.0998,BAD,1
1627,2026-01-16,s24,3.5672,BAD,1
1628,1724100360,s1,,BAD,0
1629,2026-05-18,s13,-2.7056,BAD,0
1630,1753875615,s2,1.7052,OK,0
1631,1762580755,s38,,good,2
1632,2026-07-13,s14,0.1129,,0
1633,1783987938,s40,5.6399,BAD,1
1634,2026-09-16,s34,6.3134,ok,1
1635,2026-08-15,s29,-1.3547,OK,0
1636,2026-08-16,s40,-3.7589,OK,2
1637,2026-04-16,s3,0.6235,,0
1638,1745918214,s36,0.8934,OK,0
1639,1733609086,s3,2.8597,BAD,1
1640,1775568056,s23,2.2795,ok,0
1641,2026-09-13,s20,1.4117,good,0
1642,2026-02-13,s15,4.9101,ok,1
1643,2026-09-10,s19,1.7779,ok,0
1644,1728134792,s7,,OK,2
1645,1775625723,s39,-2.3876,OK,2
1646,2026-05-19,s19,3.0652,BAD,0
1647,1700238104,s7,-1.2679,BAD,2
1648,2026-01-12,s17,4.737,ok,1
1649,1750459990,s40,-2.0448,ok,2
1650,1705794444,s32,-1.9566,ok,2
1651,1708490376,s26,4.9075,good,0
1652,1765478647,s13,3.0598,,1
1653,1781516725,s8,3.7077,ok,1
1654,1754929014,s35,-4.4816,good,2
1655,2026-06-17,s40,-3.2689,OK,2
1656,1706346388,s34,-0.371,good,0
1657,1723944333,s18,2.5463,BAD,1
1658,1722453721,s1,0.3395,OK,1
1659,2026-01-18,s2,3.887,good,0
1660,2026-04-19,s1,4.2032,good,1
1661,2026-02-10,s3,0.5176,good,2
1662,1726153244,s27,-0.7757,BAD,2
1663,1758102109,s5,3.1331,ok,0
1664,2026-08-13,s30,0.8083,,1
1665,2026-01-15,s40,-1.3982,good,0
1666,1745107439,s23,0.4873,OK,0
1667,1702671462,s6,4.855,good,1
1668,1777933806,s13,,ok,0
1669,1735070034,s22,-5.5991,OK,2
1670,1720849567,s32,3.8359,,1
1671,2026-05-16,s3,-3.6655,BAD,2
1672,1781690703,s29,0.4551,BAD,0
1673,1779792695,s27,4.4063,good,1
1674,2026-02-14,s28,2.7999,good,0
1675,1771246869,s17,1.1662,ok,0
1676,2026-06-13,s26,-4.7265,good,2
1677,2026-09-18,s3,-0.4657,good,0
1678,2026-03-17,s39,6.0468,good,1
1679,2026-04-19,s13,2.4414,,0
1680,1762631926,s17,6.8872,OK,1
1681,1754874935,s31,-4.2589,,2
1682,2026-02-15,s15,4.3038,good,1
1683,2026-07-10,s4,3.0603,ok,1
1684,1700416602,s27,1.4941,good,0
1685,1759088393,s33,-0.2986,BAD,2
1686,1767044417,s34,1.2596,BAD,0
1687,2026-02-15,s26,0.6772,,0
1688,1721176793,s25,-0.4847,BAD,0
1689,2026-09-16,s18,,good,1
1690,2026-09-10,s14,1.7684,ok,0
1691,2026-08-12,s20,0.0308,OK,0
1692,2026-04-12,s21,4.7004,good,1
1693,2026-01-11,s10,,OK,0
1694,1739819849,s33,-0.8388,BAD,0
1695,2026-06-18,s9,3.8268,OK,0
1696,1716302902,s17,-3.3871,ok,2
1697,2026-07-10,s30,3.6605,ok,0
1698,2026-09-10,s12,-0.2758,OK,2
1699,1709949619,s13,3.0272,OK,1
1700,2026-09-19,s13,-1.9127,OK,2
1701,1763618468,s40,0.1335,ok,2
1702,1725964065,s8,-2.0484,good,2
1703,1767417711,s10,,BAD,2
1704,2026-03-11,s38,1.1164,ok,0
1705,1779185291,s5,,ok,1
1706,2026-09-17,s34,-1.3982,OK,0
1707,1730291981,s12,2.9927,OK,1
1708,1760091642,s15,2.6836,OK,0
1709,1732438455,s22,2.4142,ok,0
1710,2026-07-15,s17,5.8224,good,1
1711,1724304842,s39,-3.1098,BAD,2
1712,1719662818,s7,-1.2004,BAD,0
1713,1719277953,s15,4.9339,ok,1
1714,1720838991,s29,,BAD,2
1715,1735143354,s40,,good,0
1716,1765407632,s18,-1.192,OK,0
1717,1779525709,s14,1.0089,,0
1718,2026-07-13,s22,0.8967,OK,2
1719,2026-01-13,s39,5.9759,,1
1720,1746255520,s1,2.9788,good,0
1721,1770547914,s28,2.1355,ok,0
1722,1710153129,s3,1.2096,ok,0
1723,1759884544,s16,5.7696,good,1
1724,1753191112,s39,-2.3205,good,2
1725,2026-03-15,s8,-0.613,,2
1726,1784882891,s23,0.3483,OK,0
1727,2026-01-19,s40,-0.9764,BAD,0
1728,1784943067,s20,-6.2901,ok,2
1729,1705785790,s14,2.1029,OK,0
1730,1730389590,s2,,OK,1
1731,2026-01-10,s25,5.2589,ok,1
1732,2026-08-11,s36,-4.0269,,2
1733,1728404472,s40,0.0001,ok,0
1734,2026-06-18,s19,,good,0
1735,1785078245,s32,4.046,,0
1736,2026-09-16,s23,-4.3727,ok,2
1737,1769798367,s7,-1.18,,2
1738,2026-01-11,s25,-1.8996,BAD,0
1739,1762901352,s4,3.2369,BAD,1
1740,1757518602,s4,2.7538,BAD,0
1741,2026-04-19,s31,2.6977,good,1
1742,2026-07-16,s7,-0.4117,good,2
1743,1721578825,s36,0.82,good,0
1744,1704097051,s26,2.9919,ok,1
1745,1721442813,s39,1.0897,ok,1
1746,2026-07-12,s40,-4.1509,BAD,2
1747,2026-08-16,s21,-1.9631,OK,2
1748,2026-09-13,s23,-3.7887,good,2
1749,2026-02-11,s24,6.2472,OK,1
1750,1787776335,s30,-5.175,good,2
1751,2026-09-11,s24,4.8265,ok,1
1752,1710894615,s40,,ok,1
1753,1757041561,s18,5.228,,1
1754,2026-06-10,s32,-5.4595,OK,2
1755,2026-09-11,s22,4.6953,good,1
1756,1709695445,s20,1.3926,OK,0
1757,2026-04-11,s34,0.5447,good,2
1758,2026-04-17,s37,0.5523,good,2
1759,1741851044,s18,-1.6039,OK,2
1760,2026-06-10,s26,4.4252,good,1
1761,1788826608,s14,1.6048,OK,0
1762,2026-06-16,s5,5.3325,BAD,1
1763,2026-09-10,s37,4.3106,OK,1
1764,1702667965,s23,-1.9201,BAD,2
1765,2026-07-12,s4,6.4727,OK,1
1766,2026-06-11,s1,2.5226,good,0
1767,2026-07-16,s5,0.3024,good,2
1768,2026-05-15,s39,-3.9332,BAD,2
1769,2026-01-18,s30,-3.7744,OK,2
1770,2026-03-17,s23,-3.4313,,2
1771,1780126286,s3,-4.3809,ok,2
1772,1749888408,s38,3.1007,good,0
1773,1782020219,s23,5.597,OK,1
1774,1755153842,s5,6.3628,BAD,1
1775,2026-03-13,s18,3.7594,OK,1
1776,1726314399,s14,7.0037,ok,1
1777,1747541167,s30,-6.7604,BAD,2
1778,1715660768,s27,4.5434,good,1
1779,1752051564,s8,0.2668,good,1
1780,1710110681,s24,3.3278,,1
1781,2026-07-11,s26,-1.4892,,0
1782,2026-09-16,s27,1.5095,good,1
1783,2026-04-11,s32,3.3081,BAD,0
1784,1702752851,s7,3.7125,,1
1785,2026-02-11,s27,-8.2855,ok,2
1786,1758132172,s31,1.6215,good,0
1787,1747195982,s3,-3.2152,OK,2
1788,2026-04-10,s11,3.4194,good,0
1789,1759006083,s30,3.9434,ok,1
1790,1757384285,s37,2.2726,ok,2
1791,1733649553,s31,1.3504,,1
1792,2026-06-13,s30,-0.2751,,0
1793,1739779920,s39,3.685,good,1
1794,1755555621,s2,-2.5961,,2
1795,1724441225,s25,,BAD,1
1796,2026-07-19,s32,2.1921,ok,1
1797,1711470658,s18,-0.8234,good,0
1798,2026-03-19,s15,1.3534,good,0
1799,1758176635,s5,-0.1644,good,0
1800,2026-07-12,s16,-2.4428,OK,0
1801,2026-06-17,s37,5.3884,good,1
1802,1771258420,s40,-1.9269,OK,0
1803,2026-08-16,s23,1.4447,ok,0
1804,2026-06-13,s18,-4.226,OK,2
1805,2026-05-19,s10,-4.294,,2
1806,1746362402,s40,-4.7613,OK,2
1807,2026-06-11,s18,-0.1045,,2
1808,1783044558,s33,4.4104,ok,0
1809,2026-01-14,s12,-2.8464,BAD,2
1810,1718062140,s3,2.4302,good,0
1811,1744285340,s40,-1.9662,good,0
1812,2026-06-11,s10,1.5403,BAD,0
1813,2026-03-12,s2,4.2088,,1
1814,2026-03-15,s35,1.8446,ok,1
1815,1788554881,s18,5.2278,ok,1
1816,1717237035,s36,3.9773,BAD,1
1817,2026-04-17,s7,-2.2769,,2
1818,1759721088,s36,6.2363,good,1
1819,2026-04-12,s33,0.8038,,0
1820,2026-09-13,s18,5.1982,BAD,1
1821,1785586715,s35,,BAD,0
1822,1722234378,s32,1.7794,OK,0
1823,2026-08-15,s12,-0.8189,ok,2
1824,1726772287,s26,-2.5537,good,2
1825,2026-01-11,s33,3.6564,ok,0
1826,1752772842,s29,-1.8559,OK,2
1827,2026-04-15,s2,8.1732,,1
1828,2026-06-16,s35,3.7616,good,1
1829,2026-01-15,s31,-0.8872,,2
1830,2026-02-13,s34,2.9998,,1
1831,2026-03-13,s25,-4.0008,OK,2
1832,1745951922,s18,2.9297,,0
1833,1707185969,s23,-3.1125,OK,2
1834,2026-02-16,s22,9.0882,ok,1
1835,2026-03-17,s38,1.4917,BAD,2
1836,1773043311,s32,-3.2297,good,2
1837,2026-09-18,s34,7.0478,,1
1838,1713760809,s25,4.7969,OK,1
1839,2026-01-11,s14,-0.9529,OK,0
1840,1737830638,s26,-2.2917,ok,2
1841,2026-01-12,s15,0.6021,good,0
1842,2026-01-14,s6,0.8313,OK,0
1843,2026-07-13,s17,-4.6031,ok,2
1844,1749810927,s15,-1.101,,2
1845,2026-09-19,s9,8.474,good,1
1846,2026-03-13,s22,4.9293,,1
1847,2026-08-16,s37,5.7121,ok,1
1848,1706359481,s18,-5.1527,ok,2
1849,2026-07-14,s3,6.4709,OK,1
1850,2026-05-16,s6,,BAD,1
1851,1758562160,s18,2.6926,BAD,0
1852,1721572080,s21,-2.969,good,2
1853,1745076960,s31,4.7776,good,1
1854,1775154790,s29,5.0486,good,1
1855,1786989343,s37,1.7805,ok,1
1856,1743099354,s4,0.1497,,0
1857,1720618120,s18,1.7455,good,0
1858,2026-06-15,s14,4.6974,ok,1
1859,2026-04-18,s11,1.7117,BAD,0
1860,1708487162,s23,4.9202,ok,1
1861,1779893762,s38,5.1768,good,1
1862,1762959356,s34,-0.0843,good,2
1863,2026-05-12,s33,0.2754,ok,2
1864,2026-08-13,s40,2.566,good,0
1865,2026-08-14,s35,8.4487,OK,1
1866,1727638488,s36,0.0387,ok,0
1867,1773950947,s7,-2.4161,OK,2
1868,2026-07-13,s3,-1.8085,OK,2
1869,2026-06-16,s22,2.3984,BAD,0
1870,1706859791,s35,2.5685,good,0
1871,2026-04-14,s23,1.4541,,1
1872,2026-08-17,s31,1.2366,BAD,0
1873,2026-03-17,s14,2.5214,BAD,0
1874,1739731869,s29,-6.5229,,2
1875,2026-08-19,s22,6.0591,ok,1
1876,2026-03-18,s4,1.4694,ok,0
1877,1758846131,s6,-2.5554,,2
1878,1785615138,s2,4.9217,OK,0
1879,2026-07-14,s35,-4.4827,good,2
1880,2026-05-15,s25,-0.6784,good,0
1881,2026-05-16,s8,5.1991,BAD,1
1882,2026-06-16,s37,7.491,BAD,1
1883,1712603537,s39,-1.4589,good,0
1884,1739429158,s39,4.7161,,1
1885,2026-02-17,s11,-0.685,BAD,0
1886,1744050824,s1,2.7545,ok,0
1887,1711591223,s14,1.0921,good,0
1888,2026-01-18,s18,5.8394,good,1
1889,2026-01-14,s26,2.4409,good,1
1890,1726461229,s2,0.0267,OK,0
1891,2026-05-16,s38,1.5906,OK,0
1892,2026-04-18,s9,-4.4615,ok,2
1893,2026-07-16,s14,1.8148,OK,0
1894,1715468744,s38,0.3451,BAD,2
1895,2026-05-19,s11,3.4991,OK,0
1896,1743544494,s24,0.8269,ok,0
1897,1739107527,s6,-0.2698,BAD,0
1898,2026-03-12,s18,-1.1772,OK,2
1899,1784821865,s26,,good,1
1900,1753260813,s19,2.7944,BAD,1
1901,1701775977,s19,-3.8991,good,2
1902,1721440577,s17,4.8627,good,1
1903,2026-03-16,s2,4.4228,good,1
1904,2026-05-16,s10,0.7781,BAD,0
1905,1730335897,s40,-0.3244,BAD,0
1906,1711326573,s9,-2.1793,ok,2
1907,2026-04-19,s17,-2.1128,OK,0
1908,2026-04-12,s15,0.2776,good,0
1909,1726782432,s34,-3.0335,ok,2
1910,2026-05-19,s20,3.0971,BAD,1
1911,1702634917,s30,2.5573,,0
1912,2026-07-13,s14,-7.166,BAD,2
1913,1776688537,s17,1.4581,BAD,0
1914,2026-02-13,s5,0.288,BAD,2
1915,1751395586,s39,-0.3676,,0
1916,1712404725,s3,6.706,ok,1
1917,2026-03-11,s39,,BAD,2
1918,2026-09-18,s24,5.7324,,1
1919,1753960540,s25,5.0661,ok,1
1920,2026-07-15,s19,2.4981,ok,1
1921,2026-03-18,s20,-7.6196,,2
1922,1751325433,s30,4.2179,OK,1
1923,2026-07-12,s23,2.4208,good,1
1924,2026-04-19,s12,,good,2
1925,2026-02-18,s26,4.0922,ok,1
1926,1764748792,s19,,good,1
1927,2026-03-12,s25,5.7696,OK,1
1928,1738920987,s10,-0.8141,ok,0
1929,1788978020,s3,-0.3767,good,0
1930,1773599064,s26,-2.2645,good,2
1931,1732805499,s30,0.5391,good,0
1932,1736584227,s31,-4.3407,OK,2
1933,1748701451,s12,3.4888,ok,0
1934,2026-04-16,s7,-0.8503,,0
1935,2026-07-18,s8,3.8749,OK,1
1936,1785950076,s29,-3.3562,,2
1937,1772180778,s30,5.8036,ok,1
1938,2026-02-17,s20,8.0013,,1
1939,2026-08-15,s40,-5.4924,good,2
1940,2026-04-12,s1,5.0066,OK,1
1941,1748721132,s12,1.7576,,0
1942,1774134707,s4,2.256,ok,0
1943,2026-05-16,s1,0.5845,,1
1944,1770826807,s32,-3.3498,good,2
1945,1709033442,s21,6.5247,OK,1
1946,2026-03-17,s38,4.001,ok,1
1947,2026-05-15,s16,-0.5015,,0
1948,1739875217,s21,-4.0503,,2
1949,2026-06-17,s6,,OK,0
1950,2026-09-16,s25,7.772,good,1
1951,2026-09-13,s10,2.3093,,0
1952,2026-01-19,s4,-2.4722,good,2
1953,1708779177,s21,3.2136,good,1
1954,1719916759,s28,-4.843,good,2
1955,1713855386,s35,4.8314,ok,1
1956,2026-09-13,s20,3.1668,good,1
1957,1734464321,s21,-5.1338,BAD,2
1958,1781556928,s16,-1.9258,OK,2
1959,2026-01-18,s34,4.8069,BAD,1
1960,1774608064,s2,-1.9988,ok,2
1961,2026-08-19,s35,3.5294,OK,1
1962,2026-08-14,s22,-2.3482,BAD,0
1963,1788543458,s24,2.0582,OK,1
1964,2026-03-17,s7,-0.9711,BAD,0
1965,2026-05-12,s1,4.2283,BAD,1
1966,1705559529,s36,-3.1133,ok,2
1967,2026-05-14,s39,3.2429,OK,1
1968,1758917252,s18,-3.0602,good,2
1969,2026-09-11,s22,-3.0551,,2
1970,1766222643,s7,3.4514,OK,0
1971,1717131792,s28,6.0783,good,1
1972,2026-03-13,s12,-5.877,,2
1973,1700022367,s3,-4.1298,OK,2
1974,2026-03-15,s8,-3.0637,good,2
1975,2026-05-15,s12,-2.525,OK,2
1976,2026-06-14,s28,0.9598,OK,0
1977,1768166563,s30,5.6298,BAD,1
1978,1721722784,s21,-1.5862,,0
1979,1737822827,s13,1.5397,BAD,0
1980,1754056876,s37,4.0418,good,1
1981,2026-07-10,s13,2.4929,OK,0
1982,1719497956,s17,-1.5335,good,0
1983,1739801204,s1,0.0259,,0
1984,2026-03-11,s9,-4.849,ok,2
1985,2026-02-12,s12,2.5904,ok,1
1986,1753979221,s21,-1.481,,2
1987,2026-01-17,s21,1.7095,OK,0
1988,2026-07-17,s13,0.6588,,0
1989,2026-01-19,s5,4.9932,ok,1
1990,2026-03-19,s12,-2.6571,OK,2
1991,2026-03-19,s26,3.2383,OK,1
1992,1753137152,s10,,BAD,0
1993,2026-04-17,s9,-3.5018,,2
1994,2026-02-12,s18,-0.74,OK,0
1995,2026-08-13,s13,,,0
1996,1711672638,s37,3.8774,good,1
1997,1723593240,s19,-4.0501,good,2
1998,1769503996,s26,4.3902,,1
1999,1777861613,s22,1.2581,,2
2000,1751121744,s23,-4.8713,OK,2
2001,1780166450,s19,4.457,,1
2002,2026-04-18,s24,2.2839,BAD,0
2003,2026-05-11,s11,-1.5375,,2
2004,1713666281,s1,,BAD,2
2005,2026-04-16,s3,-2.364,OK,2
2006,1723558986,s29,-6.7505,ok,2
2007,1789779406,s23,5.3556,good,1
2008,1734758750,s29,2.6447,good,0
2009,2026-07-18,s17,2.2814,OK,0
2010,1780304405,s5,5.3344,good,1
2011,1720237924,s34,4.6912,OK,1
2012,1722447739,s37,2.3015,,0
2013,2026-04-14,s14,3.5865,OK,1
2014,2026-09-14,s13,-3.1059,BAD,0
2015,2026-04-17,s10,-4.5718,OK,2
2016,1702653525,s20,2.858,,0
2017,2026-05-14,s8,-2.1575,,2
2018,1742254669,s25,,ok,1
2019,1720198969,s27,1.5659,,0
2020,2026-09-18,s19,-3.7815,OK,2
2021,1721872857,s4,2.3776,OK,0
2022,2026-08-12,s3,-3.402,OK,2
2023,1751348667,s6,4.2109,BAD,1
2024,2026-05-15,s26,0.2487,BAD,0
2025,2026-04-10,s13,2.5519,,1
2026,2026-05-11,s17,0.1313,ok,0
2027,2026-09-19,s7,4.5475,BAD,0
2028,2026-02-13,s18,1.2067,OK,0
2029,2026-07-19,s9,0.7607,ok,0
2030,1762809716,s26,-5.999,ok,2
2031,2026-01-17,s21,8.7309,ok,1
2032,1732058417,s19,2.5677,good,0
2033,2026-05-11,s24,3.5865,ok,0
2034,1723964205,s32,-3.8064,OK,2
2035,2026-08-16,s10,6.4892,BAD,1
2036,2026-04-15,s27,5.2471,ok,1
2037,2026-08-19,s7,-1.022,ok,2
2038,2026-03-10,s30,-3.609,ok,2
2039,1745350070,s40,-2.2155,ok,2
2040,1760095875,s7,0.3607,ok,2
2041,2026-02-14,s6,1.5331,,0
2042,1757254556,s38,-2.2638,,2
2043,2026-05-17,s32,,,2
2044,1709810815,s28,0.8445,BAD,0
2045,1711084690,s33,-2.1722,ok,2
2046,1712294188,s3,0.1288,good,0
2047,1728592162,s39,-4.192,OK,2
2048,2026-07-15,s12,1.009,,0
2049,1702825581,s39,4.7639,good,1
2050,1747208796,s15,-2.2246,BAD,2
2051,1738487215,s20,-3.7765,OK,2
2052,1774920738,s22,-0.268,,1
2053,1732765453,s10,0.4522,ok,0
2054,1743195365,s18,-0.4938,ok,0
2055,2026-03-18,s8,-3.693,BAD,2
2056,2026-01-12,s17,0.2712,OK,2
2057,1705780158,s14,-0.5649,,2
2058,2026-01-18,s6,4.3898,BAD,1
2059,2026-09-17,s20,-2.5445,BAD,2
2060,1734804148,s4,8.6012,good,1
2061,1700597496,s10,-1.9917,good,2
2062,1737511880,s33,0.3923,ok,0
2063,2026-08-12,s13,-2.8523,BAD,2
2064,2026-07-13,s31,1.213,BAD,0
2065,1767447769,s19,-5.785,,2
2066,2026-06-18,s4,2.9132,,1
2067,2026-06-15,s4,1.6758,,1
2068,2026-04-12,s22,-0.2615,good,2
2069,2026-08-15,s18,2.8085,BAD,0
2070,2026-02-10,s38,0.6071,BAD,0
2071,1777885740,s27,-1.8997,,2
2072,1707836257,s27,-5.0551,good,2
2073,1777463487,s35,4.5343,good,0
2074,1718663866,s28,-0.9102,BAD,1
2075,2026-09-10,s30,-3.835,ok,2
2076,1752607571,s17,-4.4495,BAD,2
2077,1787769140,s22,-1.7981,,2
2078,1722389497,s35,5.8121,ok,1
2079,1705749323,s34,1.717,ok,1
2080,1752964721,s37,-3.4644,good,2
2081,1707440054,s31,-6.554,OK,2
2082,2026-01-19,s23,-0.2709,good,1
2083,2026-04-13,s14,-1.9695,OK,2
2084,2026-04-10,s14,6.8831,good,1
2085,1740139027,s28,-3.9157,ok,2
2086,1725480485,s39,-2.2681,ok,2
2087,2026-05-13,s5,0.9978,BAD,0
2088,1732886290,s17,3.4915,good,1
2089,2026-04-12,s28,5.3437,good,1
2090,1785896728,s12,1.9412,OK,1
2091,1725933365,s20,-1.8281,OK,0
2092,2026-08-19,s14,-1.3502,BAD,0
2093,1749633642,s27,2.8167,OK,0
2094,2026-03-12,s2,0.6754,OK,0
2095,2026-06-15,s18,1.7909,,1
2096,1777250081,s32,-1.0383,OK,2
2097,2026-08-11,s6,-3.0862,ok,0
2098,2026-03-12,s10,-6.9259,BAD,2
2099,1770986352,s3,3.4866,OK,1
2100,2026-02-18,s4,-1.2289,,0
2101,1785399628,s6,0.9814,,1
2102,2026-08-18,s21,0.7083,OK,0
2103,1754454756,s16,4.8116,ok,1
2104,2026-07-15,s35,-2.2915,ok,0
2105,1718727698,s40,-4.3776,BAD,2
2106,2026-01-17,s11,-0.5166,good,2
2107,2026-09-18,s11,0.738,,0
2108,2026-05-18,s37,4.9858,,1
2109,2026-09-16,s26,7.7011,OK,1
2110,1769378345,s26,0.1437,OK,1
2111,2026-08-15,s3,-0.8129,BAD,0
2112,2026-06-15,s31,-3.9052,OK,2
2113,2026-05-13,s10,3.6419,ok,1
2114,2026-08-18,s19,0.3511,OK,2
2115,1733755048,s5,1.7533,good,0
2116,1757495767,s35,6.1852,,1
2117,2026-06-15,s11,4.4821,BAD,0
2118,1765170824,s22,4.4489,BAD,1
2119,2026-09-18,s29,-2.3513,,2
2120,1716927635,s36,5.6371,good,1
2121,1728702387,s35,1.8269,BAD,1
2122,2026-08-14,s6,-3.8945,good,2
2123,2026-02-11,s13,-3.7646,BAD,2
2124,1767908065,s11,1.707,good,0
2125,2026-08-14,s3,6.3113,,1
2126,2026-03-12,s40,0.0132,BAD,2
2127,1734747856,s15,-3.9313,ok,2
2128,1775936623,s3,-2.1628,BAD,2
2129,1755964892,s17,0.8107,ok,0
2130,1766817768,s37,3.0384,,1
2131,2026-04-11,s5,5.9934,BAD,1
2132,2026-04-18,s34,0.7651,good,0
2133,2026-04-16,s27,2.6559,,1
2134,1715997762,s28,,good,1
2135,1705676194,s13,2.3191,OK,0
2136,1779649645,s15,-2.9965,,2
2137,2026-01-18,s38,3.7896,,1
2138,2026-09-13,s38,6.256,OK,1
2139,2026-06-14,s34,0.3017,ok,0
2140,2026-09-13,s2,1.4117,good,1
2141,2026-06-13,s27,1.8074,OK,1
2142,2026-07-17,s13,-2.1723,,2
2143,2026-09-12,s10,-4.2614,good,2
2144,1742249262,s22,-0.6522,good,0
2145,2026-09-13,s33,3.7072,good,0
2146,1725924234,s25,-2.8592,good,2
2147,1762000270,s27,1.6984,BAD,1
2148,2026-06-10,s9,1.7598,BAD,0
2149,2026-03-10,s30,-1.02,,0
2150,2026-07-12,s13,1.4222,ok,0
2151,2026-06-18,s32,2.9707,BAD,1
2152,1734000091,s4,-1.5682,ok,0
2153,1773163524,s12,,ok,0
2154,2026-07-13,s31,5.2226,good,1
2155,2026-05-11,s38,5.6871,ok,1
2156,2026-01-10,s34,0.7048,ok,0
2157,1764048270,s38,6.4354,,1
2158,1746982475,s19,5.1906,,1
2159,2026-04-13,s26,-1.6923,good,2
2160,2026-03-11,s29,6.8011,BAD,1
2161,2026-06-19,s12,-3.5372,BAD,2
2162,1789749012,s6,-4.1854,ok,2
2163,2026-08-16,s40,-4.6132,BAD,2
2164,1743015696,s29,-1.7995,ok,0
2165,1704194146,s13,6.6478,BAD,1
2166,1714439097,s3,5.7762,,1
2167,2026-03-13,s14,4.6431,OK,1
2168,2026-08-10,s27,2.8893,BAD,1
2169,2026-08-17,s20,-2.8373,ok,2
2170,2026-08-10,s38,3.2924,BAD,0
2171,2026-06-14,s36,-1.2995,BAD,2
2172,2026-03-13,s36,4.1481,good,1
2173,1717836708,s15,3.5438,ok,1
2174,2026-01-16,s37,7.6578,good,1
2175,1760382203,s38,-5.2866,,2
2176,1788373999,s39,2.2939,good,0
2177,2026-01-15,s22,-3.4212,good,2
2178,2026-03-10,s2,-2.2049,good,2
2179,1707719360,s36,5.3971,BAD,1
2180,2026-03-10,s26,6.4383,OK,1
2181,2026-04-10,s25,0.8777,good,0
2182,1722226492,s12,3.0359,OK,1
2183,1771110294,s17,3.4361,OK,1
2184,2026-09-10,s37,-2.1226,,0
2185,1714393970,s3,-0.153,ok,0
2186,1739430800,s16,3.7157,,0
2187,2026-03-17,s13,-2.1133,good,2
2188,2026-06-13,s11,6.1101,ok,1
2189,2026-09-19,s22,6.1401,ok,1
2190,2026-01-13,s36,2.9642,good,1
2191,2026-05-18,s40,5.7534,ok,1
2192,2026-08-19,s34,2.0676,,0
2193,2026-05-18,s25,4.6752,BAD,1
2194,1729622010,s40,4.7118,,1
2195,1757788729,s37,-4.6271,good,2
2196,1762226903,s38,1.004,good,0
2197,1742949948,s19,5.6383,ok,1
2198,2026-08-14,s35,4.1042,good,0
2199,2026-08-16,s32,-4.6579,ok,2
2200,2026-03-16,s21,1.3016,good,0
2201,1739644744,s21,5.7622,good,0
2202,1736030089,s14,1.3023,BAD,0
2203,2026-05-14,s9,7.1923,OK,1
2204,1717732666,s3,-3.9843,BAD,2
2205,2026-08-12,s22,,good,0
2206,2026-03-10,s9,-1.6242,OK,2
2207,2026-05-17,s18,-3.6498,BAD,2
2208,2026-01-10,s27,-1.8707,BAD,2
2209,2026-07-19,s32,5.5065,ok,1
2210,2026-03-16,s20,4.1996,BAD,1
2211,1725378568,s11,4.0958,OK,1
2212,1789079965,s9,-1.9606,BAD,2
2213,2026-09-11,s27,4.3875,BAD,0
2214,2026-06-17,s30,-4.3589,good,2
2215,1771609198,s28,0.4009,ok,0
2216,1739971388,s17,2.3484,good,1
2217,1783177312,s40,,OK,2
2218,1767904199,s23,-1.0773,,0
2219,2026-08-16,s30,-2.8349,,2
2220,2026-08-19,s32,-6.2838,ok,2
2221,2026-04-12,s38,5.97,OK,1
2222,2026-06-12,s29,6.7349,good,1
2223,2026-09-19,s12,-1.7317,OK,2
2224,2026-06-19,s39,1.1699,good,1
2225,2026-08-17,s19,1.8647,ok,0
2226,1718370069,s2,-2.8864,BAD,2
2227,2026-01-14,s39,3.3715,OK,1
2228,1764084546,s36,-6.588,OK,2
2229,2026-03-10,s20,-3.3189,good,2
2230,2026-04-10,s23,5.617,BAD,1
2231,1759853510,s37,3.6027,,1
2232,1706620504,s19,6.8895,good,1
2233,1711783260,s10,1.2793,BAD,0
2234,2026-01-12,s10,-2.5464,ok,0
2235,1732805529,s31,2.5616,OK,0
2236,1705624759,s29,-2.074,BAD,2
2237,1754031753,s32,,good,1
2238,1768803480,s4,-1.2681,ok,0
2239,1774448881,s15,1.9399,good,0
2240,1724359962,s26,2.8667,BAD,1
2241,2026-07-19,s18,7.7123,,1
2242,2026-03-10,s28,,ok,2
2243,2026-05-19,s9,3.85,ok,1
2244,1748637792,s13,-2.1301,good,0
2245,2026-04-13,s11,-5.4508,OK,2
2246,2026-04-12,s29,-0.9305,OK,0
2247,1785225047,s25,0.38,,0
2248,1781419608,s13,1.4613,good,0
2249,1758021346,s35,3.6591,OK,1
2250,2026-05-18,s4,2.0158,OK,0
2251,2026-05-18,s39,-4.9942,BAD,2
2252,2026-09-11,s19,4.4523,ok,1
2253,2026-01-11,s10,3.0521,OK,1
2254,2026-05-15,s6,-2.0779,OK,0
2255,1764594163,s32,5.8997,,1
2256,1757205483,s30,4.4673,OK,1
2257,1722635117,s27,5.3607,good,1
2258,1768366292,s37,5.5392,,1
2259,1755454124,s39,3.4678,good,0
2260,2026-05-15,s40,-1.5666,BAD,2
2261,2026-01-12,s32,-4.5118,BAD,2
2262,1744422827,s21,3.1086,good,1
2263,1722102378,s14,4.6551,BAD,0
2264,2026-06-13,s3,-7.158,ok,2
2265,1720848078,s15,-0.3651,,0
2266,1761657566,s23,3.8698,good,1
2267,1717740698,s35,6.0706,,1
2268,2026-02-19,s9,7.4031,OK,1
2269,2026-01-14,s26,4.5787,ok,1
2270,1719735406,s35,-4.0176,,2
2271,1736956499,s19,1.967,,1
2272,2026-08-11,s37,-1.1573,good,2
2273,1741651476,s6,0.8577,good,0
2274,1718874106,s3,3.7053,ok,0
2275,1755066408,s9,5.4119,,1
2276,2026-05-11,s3,-1.694,,2
2277,1732599490,s20,0.517,,0
2278,2026-03-12,s9,6.9971,ok,1
2279,1756502732,s3,-0.201,OK,0
2280,2026-07-19,s6,5.5131,good,1
2281,1753363680,s3,5.5776,ok,1
2282,2026-05-13,s2,0.2599,BAD,0
2283,1756055163,s6,1.6413,OK,0
2284,1762791140,s37,6.4483,good,1
2285,2026-07-10,s28,-0.5717,BAD,0
2286,1783718848,s38,3.285,good,1
2287,1754812726,s28,1.8175,BAD,0
2288,1783203853,s2,0.5754,OK,0
2289,2026-07-16,s7,-3.7158,good,2
2290,1743351849,s11,-1.2871,ok,0
2291,1715042650,s21,-2.9812,OK,2
2292,2026-07-15,s34,0.3335,OK,0
2293,1740225515,s5,9.1142,,1
2294,2026-08-18,s6,3.155,,0
2295,2026-07-16,s5,-8.2124,BAD,2
2296,2026-04-10,s5,4.6158,ok,1
2297,1717241800,s33,-0.1459,BAD,0
2298,1727535358,s37,-4.4714,BAD,2
2299,1704047138,s29,-8.3696,BAD,2
2300,1780841056,s4,6.8329,BAD,1
2301,1744866481,s29,4.223,BAD,1
2302,1765869723,s15,-3.5842,BAD,2
2303,1786098250,s35,0.0683,BAD,0
2304,1726251975,s6,0.9731,BAD,0
2305,2026-08-16,s31,6.2311,BAD,0
2306,1752867346,s11,,BAD,0
2307,1736050898,s29,0.1578,ok,0
2308,2026-08-17,s5,,good,1
2309,1789028700,s33,3.1467,good,1
2310,2026-06-11,s31,-2.3695,BAD,2
2311,2026-09-17,s19,-2.7223,,2
2312,2026-09-10,s15,-3.6973,,2
2313,2026-07-19,s31,0.0697,BAD,0
2314,1750092711,s37,3.7512,ok,1
2315,1746512200,s8,,BAD,1
2316,1768722351,s29,1.1784,,0
2317,2026-07-10,s22,-2.1326,OK,2
2318,1719960331,s35,5.4693,BAD,1
2319,1746506114,s23,-4.0293,,2
2320,2026-07-11,s9,5.7521,BAD,1
2321,1715554564,s38,-2.1007,ok,2
2322,1716630304,s20,0.2848,good,0
2323,2026-08-13,s2,4.4093,good,0
2324,1784653783,s34,4.8583,ok,1
2325,2026-07-10,s14,1.6705,ok,0
2326,2026-06-14,s1,0.5744,ok,0
2327,1705527714,s29,-3.8806,,2
2328,2026-05-18,s27,5.3201,,1
2329,1705226737,s33,-3.6826,OK,2
2330,1716072366,s21,-0.264,,0
2331,1776270178,s34,4.1614,ok,1
2332,2026-09-12,s29,0.8089,BAD,0
2333,2026-03-18,s13,4.2545,OK,1
2334,2026-07-17,s9,-0.4014,good,0
2335,1714439209,s30,-0.6104,good,0
2336,2026-03-19,s26,-1.2086,good,0
2337,2026-05-13,s11,,BAD,2
2338,2026-06-10,s14,-1.9613,,2
2339,2026-05-13,s28,0.9654,,0
2340,1712588128,s8,-1.7717,BAD,0
2341,2026-06-19,s30,-0.2549,BAD,0
2342,1741390378,s37,5.6929,good,1
2343,2026-01-16,s8,4.0247,good,1
2344,1781359426,s15,0.7013,OK,0
2345,1760515506,s21,-0.7261,ok,2
2346,1758084175,s22,-4.2343,ok,2
2347,2026-01-14,s2,-4.3414,,2
2348,1743462451,s37,2.9028,,1
2349,2026-09-10,s7,-3.9851,,2
2350,2026-01-11,s23,1.3489,good,0
2351,1720271175,s26,5.1373,OK,0
2352,2026-08-13,s19,-1.7813,,2
2353,2026-03-16,s5,-0.8343,,0
2354,1728843839,s18,1.3354,good,0
2355,1748260316,s35,2.2957,good,0
2356,1719203540,s20,2.5659,OK,0
2357,2026-07-19,s15,1.1333,ok,0
2358,2026-01-19,s25,0.0863,OK,0
2359,2026-02-11,s11,6.6832,good,1
2360,2026-08-10,s28,-4.1663,good,2
2361,2026-01-16,s23,-1.4762,OK,2
2362,2026-07-13,s27,-0.2094,BAD,2
2363,2026-08-16,s3,1.4367,good,1
2364,1749867680,s12,5.4141,BAD,1
2365,1706239822,s2,-2.445,OK,0
2366,2026-01-17,s24,2.6491,ok,0
2367,1766131700,s11,-0.3644,good,0
2368,2026-01-15,s15,2.8695,OK,0
2369,2026-03-16,s38,6.9006,OK,1
2370,1750880735,s29,-0.3195,good,0
2371,1744820465,s7,0.0996,OK,0
2372,2026-09-17,s26,5.7554,good,0
2373,2026-06-11,s37,3.663,,1
2374,2026-03-15,s34,-6.8851,OK,2
2375,1753256018,s14,-2.9196,,2
2376,2026-09-11,s5,-2.4026,,2
2377,1746651807,s40,-0.7735,BAD,2
2378,1746138640,s39,4.1468,,1
2379,2026-04-18,s24,3.8435,,1
2380,2026-08-19,s8,,,1
2381,1770811569,s23,-2.2348,BAD,2
2382,1786342490,s40,5.6857,,1
2383,2026-01-15,s33,2.14,ok,1
2384,2026-02-18,s13,5.532,,1
2385,1751204325,s25,-3.2252,BAD,0
2386,2026-01-17,s20,-0.919,good,2
2387,2026-09-12,s1,3.0923,OK,0
2388,1747852756,s38,-3.7752,BAD,0
2389,1719516191,s7,1.385,BAD,0
2390,1703331471,s3,-3.4001,BAD,2
2391,2026-09-14,s29,-3.2392,,2
2392,1716715143,s21,5.3907,BAD,1
2393,2026-08-19,s13,0.0255,BAD,0
2394,2026-02-18,s13,2.8264,ok,1
2395,2026-07-17,s24,-2.897,good,2
2396,1761686486,s20,4.0603,,1
2397,2026-09-19,s21,-0.0142,good,0
2398,2026-03-13,s1,1.2145,good,0
2399,2026-04-10,s29,4.997,,1
2400,1736681886,s3,-5.0502,,2
2401,2026-07-12,s22,-0.8629,,0
2402,2026-06-18,s21,2.0059,,0
2403,2026-07-14,s19,2.5232,BAD,1
2404,1761188156,s17,2.2695,OK,0
2405,2026-08-16,s33,-0.9579,BAD,2
2406,2026-07-12,s4,2.1159,BAD,0
2407,2026-07-18,s27,0.8352,BAD,0
2408,1749568378,s11,-5.0939,OK,2
2409,1727811724,s15,1.8081,BAD,0
2410,1714919524,s34,6.277,,1
2411,2026-05-14,s11,-4.9956,good,2
2412,1736481871,s26,2.4504,ok,0
2413,1730052791,s34,1.3011,good,0
2414,2026-07-15,s17,8.7241,ok,1
2415,1767263087,s24,-7.158,OK,2
2416,2026-01-12,s17,-1.2556,good,2
2417,1750053514,s13,5.7032,good,1
2418,2026-02-18,s1,6.2275,OK,1
2419,2026-09-13,s14,2.0188,BAD,1
2420,1740212947,s27,0.756,,0
2421,1779741296,s31,1.7878,,2
2422,1761724424,s18,5.0892,,1
2423,1785573178,s18,-0.1335,OK,2
2424,2026-05-17,s40,6.1694,ok,1
2425,1729932853,s18,-1.4797,,2
2426,1745275509,s4,-5.1194,BAD,2
2427,2026-03-11,s22,4.3337,,1
2428,2026-05-12,s40,-4.991,ok,2
2429,1758088436,s35,1.1844,,0
2430,2026-03-15,s38,3.0127,OK,1
2431,1708149365,s18,-2.4529,,2
2432,1747510286,s13,-2.5553,,0
2433,2026-08-14,s27,5.9422,good,1
2434,1738405361,s34,3.6965,ok,1
2435,2026-01-12,s23,5.9449,ok,1
2436,1728760602,s30,-0.3756,OK,0
2437,2026-09-18,s31,3.8592,OK,1
2438,1788869650,s38,-1.7761,good,2
2439,1739490717,s24,4.8088,OK,1
2440,1725035394,s25,-5.4783,,2
2441,1789293658,s24,-2.5893,BAD,2
2442,2026-05-10,s21,3.9093,BAD,0
2443,2026-02-13,s28,3.3144,ok,1
2444,1717303075,s19,2.1956,BAD,0
2445,2026-01-16,s40,5.3374,BAD,1
2446,1764439227,s20,3.7533,good,1
2447,2026-02-11,s27,-1.3808,BAD,0
2448,1776642662,s38,-3.4128,,2
2449,1774550825,s2,1.2245,ok,1
2450,2026-07-16,s22,2.6597,BAD,0
2451,1783508762,s35,5.2109,BAD,1
2452,2026-03-11,s4,1.0697,good,0
2453,1786426004,s26,-3.221,good,2
2454,1757655922,s9,-0.5552,ok,2
2455,2026-02-14,s16,-0.6435,OK,0
2456,1751834663,s5,0.0021,OK,0
2457,2026-02-10,s12,5.3007,OK,1
2458,1765327240,s10,4.3059,good,1
2459,1756167184,s35,-3.4074,,2
2460,2026-01-14,s10,-2.8027,ok,2
2461,1724386817,s31,-5.6445,BAD,2
2462,2026-01-19,s34,4.1408,ok,0
2463,2026-07-12,s5,-0.091,OK,0
2464,1741661197,s40,-4.6416,good,2
2465,1736358466,s30,0.0628,OK,1
2466,2026-09-19,s13,2.2705,good,1
2467,1781450832,s36,4.7153,OK,1
2468,1740561590,s12,1.4236,good,0
2469,2026-04-17,s17,5.5953,good,1
2470,2026-02-14,s39,-0.5037,BAD,2
2471,1743031456,s19,0.9258,ok,0
2472,2026-04-17,s25,6.6212,BAD,1
2473,1780440971,s25,5.3312,BAD,1
2474,1712198596,s40,1.9219,,0
2475,2026-05-13,s12,1.5058,ok,1
2476,1767566663,s9,3.7095,BAD,1
2477,2026-01-13,s31,-1.9292,BAD,2
2478,1759201759,s37,0.7479,good,0
2479,2026-02-19,s19,-4.6546,OK,2
2480,1778272962,s37,4.156,OK,1
2481,2026-04-18,s10,5.3713,,1
2482,1758333078,s10,1.6614,,0
2483,2026-08-12,s34,5.1747,good,1
2484,2026-04-11,s12,2.0203,BAD,0
2485,1774080277,s31,0.3307,BAD,0
2486,2026-05-10,s8,5.2507,good,1
2487,1788693934,s15,-3.1337,OK,2
2488,1723260282,s34,2.0783,OK,0
2489,2026-03-18,s12,,good,2
2490,2026-01-12,s18,-3.2887,,2
2491,2026-06-18,s39,6.3657,,1
2492,2026-01-15,s21,-6.1827,good,2
2493,1719563695,s26,2.8081,,0
2494,2026-09-16,s20,0.9233,OK,0
2495,2026-03-13,s20,-0.1693,ok,0
2496,2026-01-17,s24,6.9042,good,1
2497,2026-09-16,s7,-3.8655,,2
2498,2026-05-13,s8,-4.8135,ok,2
2499,2026-05-19,s11,-0.0932,OK,0
2500,1702365916,s1,2.1628,BAD,1
2501,2026-01-11,s27,1.9695,BAD,0
2502,1742519818,s40,-3.5489,OK,2
2503,1708576150,s5,6.5087,good,1
2504,1729208893,s23,2.5173,,0
2505,2026-09-17,s11,,OK,0
2506,1741231030,s18,-3.1478,ok,2
2507,1706277384,s8,5.8418,OK,1
2508,1723133862,s10,-7.6553,ok,2
2509,1713763634,s10,-4.8903,OK,2
2510,1777293516,s23,-0.6458,,2
2511,2026-04-14,s30,-3.1471,ok,2
2512,2026-04-17,s24,-4.379,ok,2
2513,2026-04-19,s32,-3.0677,good,2
2514,2026-02-18,s20,-2.0476,,0
2515,1784233415,s35,,good,0
2516,1732418888,s5,-5.0397,,2
2517,2026-09-15,s29,3.9879,ok,1
2518,1750694555,s29,3.735,,1
2519,1712220987,s33,-2.3371,,2
2520,1727045647,s17,-5.7927,good,2
2521,2026-09-19,s23,1.4073,ok,0
2522,2026-08-16,s16,6.3827,OK,1
2523,2026-04-17,s17,6.5786,,1
2524,2026-02-14,s32,6.1685,good,1
2525,2026-09-18,s15,1.1032,,0
2526,2026-09-19,s4,0.2376,BAD,0
2527,1750805937,s3,-2.6798,OK,2
2528,2026-07-15,s1,-4.766,OK,2
2529,2026-03-11,s13,4.4529,,1
2530,1720794919,s35,2.2488,BAD,1
2531,1779563195,s9,-3.3134,good,2
2532,1753200680,s21,0.9988,OK,0
2533,2026-02-10,s31,0.3471,ok,0
2534,2026-02-14,s15,3.2046,ok,0
2535,2026-03-15,s11,-3.7984,BAD,2
2536,1780087156,s32,-1.0449,ok,2
2537,2026-06-15,s33,3.1153,OK,1
2538,2026-08-14,s9,6.9715,BAD,1
2539,1759034225,s35,2.8955,good,1
2540,1784075313,s27,4.4676,ok,1
2541,1718150374,s37,-4.2623,BAD,2
2542,1716397001,s3,2.5613,OK,1
2543,2026-03-12,s29,6.3627,BAD,1
2544,2026-09-15,s38,2.9407,ok,1
2545,1765909156,s34,2.2547,,1
2546,1716751896,s12,3.7121,OK,0
2547,2026-02-12,s38,6.2407,OK,1
2548,1773192488,s26,-0.4185,BAD,0
2549,1734947351,s6,-2.9644,,2
2550,1767460308,s3,-3.672,BAD,2
2551,2026-07-18,s33,1.5452,good,1
2552,2026-05-13,s10,6.0509,BAD,1
2553,1712585512,s8,0.6003,OK,0
2554,1739170264,s13,-6.0825,BAD,2
2555,2026-03-13,s7,5.7543,OK,1
2556,2026-02-17,s11,-2.2173,,2
2557,1760639695,s2,-1.0206,,0
2558,1734524418,s5,-3.5171,OK,2
2559,1705308354,s6,-0.9745,good,2
2560,1753326968,s8,0.6676,,0
2561,2026-03-17,s16,1.4072,,0
2562,1705594562,s25,0.6531,OK,0
2563,2026-07-19,s6,-0.1331,BAD,2
2564,2026-02-11,s34,-2.4637,ok,2
2565,1730859469,s32,-4.3468,OK,2
2566,1763237620,s20,5.7192,good,1
2567,1742007567,s11,-2.1846,OK,0
2568,2026-04-17,s34,6.2112,good,1
2569,2026-06-11,s24,-3.3903,OK,2
2570,1736540553,s15,4.949,BAD,1
2571,1721485110,s33,0.5325,good,1
2572,2026-03-14,s14,-4.6895,OK,2
2573,1745302735,s40,-6.397,ok,2
2574,1777099463,s3,5.9064,good,1
2575,2026-03-18,s36,-2.1281,ok,2
2576,2026-09-10,s9,-4.4093,OK,2
2577,2026-08-17,s40,-2.6272,good,2
2578,2026-07-12,s17,6.3782,good,1
2579,1745266422,s1,-1.8446,OK,2
2580,2026-08-10,s6,2.6461,good,0
2581,2026-09-18,s29,2.2116,OK,1
2582,2026-01-14,s17,2.7335,good,0
2583,2026-05-10,s12,1.7648,BAD,0
2584,1720874063,s5,-0.2602,good,0
2585,2026-05-19,s33,-3.3387,good,2
2586,2026-06-14,s26,-0.1108,OK,0
2587,1750585231,s34,3.3605,ok,0
2588,1703660693,s20,5.4476,BAD,1
2589,2026-09-18,s14,0.5455,ok,2
2590,1757407177,s38,3.4339,ok,1
2591,1721449054,s20,4.1712,OK,1
2592,1701397509,s24,-2.5775,BAD,0
2593,1751569997,s36,-0.4329,ok,2
2594,2026-03-10,s31,6.2739,OK,1
2595,1748721364,s39,-4.5338,,2
2596,2026-06-16,s16,,BAD,0
2597,1784037057,s36,,,1
2598,2026-02-14,s15,4.4055,ok,1
2599,2026-02-10,s24,-1.3439,BAD,0
2600,1745006729,s16,9.0547,ok,1
2601,2026-01-10,s13,-2.8014,,2
2602,2026-02-10,s30,-2.4804,ok,2
2603,2026-02-17,s15,,OK,0
2604,2026-09-12,s26,-1.4181,BAD,2
2605,2026-04-18,s33,1.862,BAD,0
2606,2026-05-10,s11,4.389,good,1
2607,1784081945,s11,-4.541,OK,2
2608,2026-07-13,s29,2.2219,good,1
2609,1700813039,s5,1.4887,,1
2610,2026-01-10,s7,0.6405,,2
2611,2026-08-13,s34,-6.1595,ok,2
2612,1784237485,s25,5.0879,OK,1
2613,2026-02-16,s7,-3.8368,,2
2614,1784011137,s1,3.6506,OK,0
2615,1772562061,s13,2.3152,BAD,1
2616,1738256257,s6,-1.0902,,2
2617,2026-01-14,s36,4.6235,ok,1
2618,1721632236,s7,1.448,OK,0
2619,2026-06-19,s29,3.6113,OK,0
2620,2026-07-16,s17,4.8754,,1
2621,2026-03-13,s15,6.16,OK,1
2622,2026-07-15,s39,-3.3006,OK,2
2623,2026-01-14,s33,,OK,2
2624,2026-04-15,s9,-2.4781,ok,2
2625,1729565431,s37,2.8621,ok,1
2626,2026-03-16,s22,5.4768,good,1
2627,1709208466,s29,-0.0605,good,0
2628,2026-03-16,s23,1.3921,,0
2629,2026-08-17,s9,2.7671,BAD,1
2630,2026-08-19,s24,1.3818,,0
2631,1762754621,s23,7.2294,BAD,1
2632,1750526740,s40,0.2583,ok,0
2633,1747707628,s28,3.4093,OK,1
2634,2026-08-16,s17,-6.4182,good,2
2635,1704115101,s6,-1.7807,OK,2
2636,1749515780,s21,-0.2578,,2
2637,2026-08-17,s1,-0.3925,,0
2638,1714327702,s26,-6.0164,OK,2
2639,2026-06-15,s20,-6.7381,OK,2
2640,1776287011,s19,3.3444,good,1
2641,2026-07-10,s25,5.8632,OK,1
2642,1711489339,s20,,,0
2643,2026-02-15,s38,2.8819,good,0
2644,1742344608,s32,-1.7886,,0
2645,1761925927,s31,5.1618,OK,1
2646,2026-03-18,s17,3.6872,good,1
2647,1714550261,s23,2.6698,good,1
2648,1705390206,s33,0.4538,,0
2649,2026-06-17,s22,-3.1325,ok,2
2650,2026-08-15,s6,-3.2972,OK,2
2651,2026-06-11,s11,2.2311,BAD,0
2652,1736148831,s6,-2.8369,ok,2
2653,2026-08-19,s8,-0.7698,good,2
2654,2026-08-10,s1,-2.2028,,0
2655,2026-01-11,s17,-5.6067,BAD,2
2656,2026-08-11,s15,-2.509,ok,2
2657,1759905418,s11,0.6908,,1
2658,2026-08-15,s36,2.6414,,0
2659,2026-09-19,s4,0.8075,good,0
2660,1736584094,s34,1.1242,OK,0
2661,1708606255,s8,4.2381,good,1
2662,1745901582,s26,-0.7613,OK,0
2663,2026-08-12,s20,-3.9119,,2
2664,1704331766,s40,4.3951,BAD,1
2665,1773766178,s29,-3.0339,OK,2
2666,2026-02-19,s12,5.0301,ok,1
2667,2026-05-11,s3,2.4038,ok,1
2668,1712110256,s15,0.9229,BAD,0
2669,1742027259,s11,6.3557,BAD,1
2670,1786348504,s13,-2.4577,good,2
2671,2026-02-11,s12,-2.3888,OK,2
2672,1746366323,s12,5.033,ok,1
2673,2026-04-12,s13,3.5418,ok,1
2674,1754250030,s16,4.5289,good,1
2675,2026-08-10,s31,0.5598,ok,2
2676,2026-01-15,s16,3.5478,ok,1
2677,2026-06-12,s2,3.6955,,0
2678,1763580867,s28,-5.9516,ok,2
2679,1710583402,s11,-0.188,OK,0
2680,2026-07-18,s30,-0.5534,BAD,0
2681,1745862197,s28,-4.5978,OK,2
2682,2026-01-18,s12,-2.2207,,2
2683,2026-08-18,s22,1.5683,ok,0
2684,2026-03-13,s26,0.8047,good,0
2685,2026-09-18,s31,-1.3326,good,2
2686,1733772509,s12,-4.108,ok,2
2687,2026-03-15,s23,0.5695,ok,2
2688,1773287970,s28,7.8048,BAD,1
2689,2026-09-15,s14,1.6666,OK,0
2690,2026-06-12,s25,3.0878,BAD,1
2691,2026-07-17,s5,3.0427,ok,0
2692,2026-02-10,s5,5.3841,BAD,1
2693,2026-05-10,s4,-5.4552,BAD,2
2694,1756082731,s21,0.4528,good,0
2695,1762648624,s2,-1.1051,OK,0
2696,1765924131,s19,1.8493,,0
2697,2026-06-15,s37,3.8178,OK,1
2698,2026-07-16,s5,5.2279,,1
2699,2026-03-19,s18,1.6929,OK,0
2700,1781225249,s24,4.2392,good,1
2701,2026-03-16,s16,6.4778,ok,1
2702,2026-07-16,s20,1.7859,ok,1
2703,1706177354,s36,2.5365,BAD,0
2704,2026-08-13,s8,2.5374,,0
2705,2026-06-14,s11,-1.9519,,2
2706,1783249633,s17,1.577,good,0
2707,1763974741,s7,4.1124,good,1
2708,1789660899,s32,4.1074,,1
2709,1757467086,s21,-3.5412,ok,2
2710,2026-09-19,s38,0.9594,ok,0
2711,1733870107,s16,-0.2364,OK,0
2712,2026-07-12,s38,1.3504,,0
2713,1779801488,s11,-1.9805,good,0
2714,1723980714,s23,-3.0102,OK,2
2715,2026-08-12,s1,5.2428,BAD,1
2716,2026-09-19,s37,4.4556,,1
2717,2026-07-13,s40,3.1455,OK,1
2718,2026-04-18,s26,-3.5659,BAD,2
2719,1715091020,s33,-0.5532,BAD,0
2720,2026-05-15,s34,11.0712,BAD,1
2721,1789634609,s5,-0.914,,2
2722,2026-02-15,s13,-0.3407,BAD,2
2723,2026-09-16,s30,-3.9272,OK,2
2724,1719453500,s9,-1.3144,ok,0
2725,2026-08-13,s14,-5.9016,,2
2726,2026-08-18,s33,-0.9568,ok,0
2727,1778050399,s15,-4.5698,good,2
2728,1753770158,s6,-0.2238,ok,1
2729,2026-04-14,s5,2.2763,OK,1
2730,1775338803,s16,4.6117,good,1
2731,1717307819,s26,4.0705,OK,1
2732,1789099180,s24,-7.9507,OK,2
2733,1718399190,s18,-0.7199,ok,0
2734,2026-07-18,s34,4.5775,BAD,1
2735,1741878663,s23,6.5113,good,1
2736,1736270916,s4,3.6561,BAD,1
2737,2026-03-18,s25,2.5927,ok,1
2738,2026-07-13,s5,-1.6375,good,2
2739,2026-04-19,s3,6.2954,ok,1
2740,1772181649,s23,-5.232,BAD,2
2741,1767577718,s10,0.5621,OK,0
2742,2026-04-14,s9,0.8144,ok,0
2743,2026-02-13,s29,1.1384,ok,1
2744,2026-08-11,s3,2.1202,OK,0
2745,1764461977,s19,4.0443,OK,0
2746,2026-03-11,s10,0.1066,,0
2747,1738003800,s28,-1.4657,ok,0
2748,1766206260,s25,1.3095,good,0
2749,2026-05-19,s2,6.3207,good,1
2750,2026-06-18,s1,-3.137,ok,2
2751,2026-08-11,s10,2.0088,OK,1
2752,2026-05-19,s19,2.1853,ok,1
2753,1751022736,s6,-1.3895,BAD,2
2754,2026-06-12,s4,-1.4495,,0
2755,2026-08-19,s12,-2.6332,BAD,2
2756,1789569260,s29,3.7115,BAD,1
2757,1710395356,s27,-0.9854,,2
2758,2026-05-10,s25,3.3751,BAD,1
2759,1740113668,s23,-5.142,OK,2
2760,2026-02-13,s25,-4.015,good,2
2761,2026-05-13,s16,3.6161,OK,0
2762,2026-05-10,s26,,ok,1
2763,1725723964,s12,-4.157,ok,2
2764,2026-08-11,s36,6.1342,good,1
2765,2026-06-19,s12,,ok,2
2766,2026-02-11,s16,-4.0974,ok,0
2767,2026-01-18,s39,1.3469,,1
2768,1716675738,s22,3.4588,,1
2769,1742861656,s37,1.0591,BAD,0
2770,1717868858,s8,1.5812,good,0
2771,1738473614,s13,1.6049,BAD,1
2772,1734528953,s38,-1.459,BAD,0
2773,1768979962,s33,-4.0052,OK,2
2774,1749678871,s21,-2.1103,BAD,2
2775,1722846852,s29,8.7837,BAD,1
2776,1780194782,s23,-4.7409,,2
2777,2026-07-12,s33,3.2516,OK,1
2778,1753325206,s36,-1.0198,good,0
2779,1713560034,s27,-3.0719,OK,2
2780,1730149440,s11,-1.6348,OK,2
2781,1755887035,s15,6.1464,BAD,1
2782,2026-04-15,s22,-1.3492,BAD,0
2783,2026-04-14,s13,2.6683,ok,0
2784,1755333499,s39,6.1263,BAD,1
2785,2026-02-16,s3,3.5278,,0
2786,1769250798,s14,,good,2
2787,2026-09-17,s15,4.3986,OK,1
2788,1785714762,s34,-4.8827,ok,2
2789,1722413466,s27,0.0636,good,2
2790,2026-03-12,s30,-5.1961,good,2
2791,1773923003,s37,2.6892,ok,1
2792,1714908971,s23,-0.2122,OK,2
2793,2026-09-18,s1,-1.4504,ok,2
2794,1712981935,s20,-4.8766,BAD,2
2795,2026-06-19,s10,-0.2404,OK,2
2796,1748330648,s17,0.1444,BAD,0
2797,2026-05-10,s12,-1.7752,BAD,2
2798,2026-08-11,s19,-3.726,BAD,2
2799,1716212816,s35,4.0554,ok,0
2800,1726645575,s1,,ok,2
2801,1744737048,s5,4.5338,good,1
2802,1746904629,s32,-0.4843,OK,0
2803,1785529499,s26,,,2
2804,2026-05-13,s31,9.512,ok,1
2805,1766877099,s39,0.5479,BAD,0
2806,1746985482,s28,-3.7047,good,2
2807,1729993049,s27,-4.7018,good,2
2808,2026-04-10,s27,6.1212,,1
2809,2026-06-13,s30,4.985,ok,1
2810,2026-01-11,s8,-2.333,OK,0
2811,2026-05-11,s14,0.5495,BAD,0
2812,2026-01-12,s29,-4.3529,,2
2813,2026-04-12,s23,-5.4779,OK,2
2814,1725095341,s1,-1.6402,,2
2815,2026-01-17,s24,,BAD,1
2816,1749524596,s28,-1.7446,OK,2
2817,1771451239,s19,1.5364,good,1
2818,2026-04-18,s23,0.5152,,0
2819,2026-02-13,s12,-4.1457,BAD,2
2820,1706226269,s39,5.2964,good,1
2821,2026-05-19,s27,1.0243,,0
2822,2026-08-19,s2,2.8134,ok,1
2823,1734763566,s37,3.0395,good,1
2824,1703868747,s26,-0.4629,,2
2825,1719643418,s12,2.8303,ok,0
2826,1714166972,s25,4.4725,OK,1
2827,1767238787,s31,6.5128,ok,1
2828,2026-01-11,s40,-0.4792,OK,2
2829,2026-08-10,s18,-2.1388,BAD,2
2830,2026-04-10,s37,-3.3178,good,2
2831,2026-04-12,s17,-3.1325,,2
2832,2026-03-17,s18,3.9164,BAD,1
2833,2026-02-19,s37,-1.0712,OK,2
2834,2026-05-14,s14,-0.2029,good,0
2835,1718846449,s19,3.7446,BAD,1
2836,1765953007,s15,5.8672,ok,1
2837,1758709339,s19,-3.8602,good,2
2838,2026-03-16,s29,-2.3105,good,2
2839,2026-06-12,s7,0.1191,BAD,2
2840,2026-04-18,s11,-1.8317,OK,2
2841,1711968862,s24,5.0513,,1
2842,1735604390,s11,-1.5242,OK,2
2843,1765278466,s13,1.4458,OK,0
2844,1750980624,s12,-0.6776,,0
2845,1720273251,s36,-2.935,good,2
2846,1710029558,s37,4.7331,OK,1
2847,2026-06-15,s36,-1.1418,,0
2848,1778369730,s33,-4.1492,ok,2
2849,1746685658,s25,-4.0043,BAD,2
2850,2026-01-11,s5,2.0452,ok,0
2851,2026-03-13,s19,0.8756,,0
2852,2026-06-18,s24,1.5908,good,0
2853,1735071402,s29,2.1078,OK,1
2854,1718412685,s22,-0.1992,,0
2855,2026-02-15,s7,-3.8692,ok,2
2856,2026-01-16,s29,-4.9811,good,2
2857,1775489859,s3,-0.508,BAD,2
2858,2026-07-10,s33,3.1005,good,1
2859,1714276597,s18,2.3972,OK,0
2860,2026-09-10,s40,7.1999,ok,1
2861,1703276768,s33,5.2262,,1
2862,1762376426,s24,0.5274,good,2
2863,1786793964,s13,1.6901,OK,0
2864,1709863550,s27,2.1268,,1
2865,1785174406,s30,5.6033,OK,1
2866,2026-07-13,s15,2.3108,,0
2867,1773288155,s19,1.9614,good,1
2868,1764669520,s20,-5.3868,,2
2869,2026-08-19,s18,-2.234,OK,2
2870,1737442638,s17,-3.0633,good,2
2871,2026-02-17,s1,7.6708,OK,1
2872,2026-04-11,s33,3.903,,1
2873,1785432790,s29,-0.2852,,0
2874,2026-05-18,s34,1.8827,good,1
2875,2026-07-16,s1,-1.2235,ok,2
2876,2026-05-17,s9,0.0695,,0
2877,2026-03-13,s28,2.2297,,1
2878,2026-06-15,s4,-3.1787,good,2
2879,1759916152,s9,-3.9805,BAD,2
2880,2026-04-18,s26,-4.7572,,2
2881,1739782510,s8,-4.415,,2
2882,1768605196,s12,-0.6902,good,0
2883,1714435856,s10,,good,2
2884,1728931334,s18,-3.6718,good,2
2885,2026-01-15,s10,4.0573,,1
2886,2026-05-17,s36,7.8605,,1
2887,2026-01-13,s18,-1.0583,ok,0
2888,2026-05-15,s16,3.8351,,1
2889,1713159920,s37,2.3038,BAD,0
2890,2026-03-14,s7,0.9686,ok,0
2891,1712368689,s33,0.5331,good,0
2892,1737285334,s7,-4.7269,BAD,2
2893,1759482534,s37,2.0552,ok,1
2894,1705728340,s21,3.0211,good,1
2895,2026-08-10,s23,-2.7513,BAD,2
2896,1730152547,s38,-6.4369,,2
2897,2026-02-13,s38,-4.6713,ok,2
2898,2026-04-11,s26,3.5243,ok,1
2899,2026-07-13,s15,1.461,,0
2900,1741218972,s11,7.5334,BAD,1
2901,1717739623,s27,3.2025,BAD,0
2902,1731895578,s36,-4.9433,BAD,2
2903,2026-06-12,s35,3.6952,,1
2904,2026-05-19,s21,-2.8293,OK,2
2905,1782089178,s34,-2.9736,ok,2
2906,1714095813,s21,-4.5875,ok,2
2907,2026-04-17,s30,4.2431,ok,1
2908,1721443649,s1,0.1883,ok,0
2909,1729493480,s30,3.2584,good,0
2910,2026-01-15,s14,4.8821,,1
2911,2026-08-16,s35,4.4809,good,1
2912,1744128182,s21,-1.5595,good,0
2913,2026-08-11,s39,-6.5798,,2
2914,1777536572,s7,-2.6044,OK,2
2915,1751197352,s3,5.8094,good,1
2916,2026-09-11,s28,-1.1551,OK,2
2917,2026-02-15,s40,-0.5967,ok,2
2918,1703416258,s28,,OK,1
2919,2026-07-14,s31,5.9851,OK,1
2920,2026-04-14,s4,-3.0005,ok,2
2921,2026-09-11,s5,-0.8835,,0
2922,1777916062,s23,4.4672,BAD,1
2923,1780111107,s13,5.5804,OK,1
2924,1741164288,s9,-4.3235,ok,2
2925,1718236848,s21,-3.0776,BAD,2
2926,1753276092,s4,-2.1828,BAD,2
2927,2026-02-15,s11,-5.3892,good,2
2928,1779450946,s24,-0.8307,BAD,2
2929,1772622340,s3,-6.6756,good,2
2930,2026-03-16,s16,-5.8751,,2
2931,1733674639,s38,4.4188,OK,1
2932,1727721829,s5,-2.7836,OK,2
2933,2026-08-19,s13,-1.4606,good,2
2934,1768193584,s22,2.5546,OK,0
2935,2026-03-15,s18,1.8602,,0
2936,1756166995,s14,-2.024,good,0
2937,1743802654,s40,6.4542,,1
2938,2026-09-12,s10,-4.0866,good,2
2939,2026-09-16,s5,2.227,BAD,0
2940,1711762744,s16,0.6084,good,0
2941,1750673734,s23,0.3512,BAD,0
2942,1714502544,s30,-5.0354,ok,2
2943,2026-03-11,s34,5.3139,ok,1
2944,1730684917,s20,-2.9427,good,2
2945,2026-03-11,s35,-3.8185,,2
2946,1744794485,s28,0.0977,,2
2947,2026-03-12,s11,-3.528,ok,2
2948,1755201196,s1,-3.4898,BAD,2
2949,2026-03-19,s20,2.0369,ok,0
2950,1720208938,s27,2.3837,ok,0
2951,2026-07-13,s12,-4.9118,BAD,2
2952,2026-09-17,s20,5.0205,good,1
2953,2026-07-10,s40,-2.8651,OK,2
2954,2026-01-15,s25,-5.3558,,2
2955,1752278291,s8,2.0668,OK,0
2956,1763415140,s21,7.4196,good,1
2957,1719003119,s37,2.1684,BAD,0
2958,2026-05-18,s7,,good,2
2959,1713603320,s29,-4.0775,good,2
2960,2026-07-12,s22,1.7988,OK,0
2961,1784305230,s38,1.8379,,0
2962,2026-01-18,s21,5.6733,OK,1
2963,2026-04-10,s4,5.9446,BAD,1
2964,2026-09-11,s5,-2.4929,good,0
2965,1772249715,s25,-3.2494,OK,2
2966,1746903856,s16,0.8614,OK,1
2967,2026-08-14,s26,4.6273,BAD,1
2968,1782610278,s12,8.7685,OK,1
2969,1763626759,s17,-0.0342,ok,2
2970,2026-08-10,s8,3.4602,BAD,0
2971,1741664274,s37,2.5152,OK,0
2972,2026-01-13,s30,6.5416,ok,1
2973,2026-05-16,s13,3.4913,OK,1
2974,1744061131,s17,4.173,OK,1
2975,1759417909,s21,-5.5612,BAD,2
2976,2026-03-11,s14,4.0146,,1
2977,1780189680,s17,0.9566,,0
2978,2026-08-19,s35,4.6739,good,1
2979,2026-04-14,s19,-3.4255,ok,2
2980,2026-05-13,s19,1.5044,ok,1
2981,1718998031,s29,0.3538,OK,0
2982,1732015176,s33,-5.1488,ok,2
2983,1758459805,s12,1.9307,OK,0
2984,1716112183,s24,0.5095,OK,0
2985,2026-07-15,s34,1.752,OK,0
2986,1701876747,s35,0.4363,ok,0
2987,2026-02-17,s32,-0.3046,ok,2
2988,2026-09-19,s40,5.2478,BAD,1
2989,1767990612,s34,0.3174,,1
2990,1744407483,s19,-4.9045,ok,2
2991,2026-07-10,s16,1.0046,OK,0
2992,1739284441,s24,-3.6897,ok,2
2993,2026-09-15,s12,2.9816,good,0
2994,2026-07-18,s5,2.1631,ok,1
2995,1768104155,s28,6.0793,,1
2996,1718235052,s35,3.8487,,0
2997,1776730082,s5,-2.7573,ok,0
2998,2026-01-18,s30,1.1411,good,0
2999,2026-01-16,s19,-2.5941,OK,0
3000,2026-03-17,s6,1.415,,0
3001,2026-06-12,s37,-5.3225,ok,2
3002,2026-05-12,s18,2.9703,ok,0
3003,2026-09-14,s33,2.6354,good,0
3004,2026-05-10,s19,-3.2308,,2
3005,1783655970,s8,0.7839,OK,0
3006,1742360084,s28,,ok,2
3007,2026-02-19,s32,0.93,OK,0
3008,1724111244,s7,4.701,ok,1
3009,2026-02-16,s29,4.0476,ok,1
3010,2026-05-14,s21,1.7761,,1
3011,1752415368,s29,0.4616,ok,0
3012,1762213006,s30,-6.542,ok,2
3013,1762958644,s10,2.1784,ok,0
3014,2026-09-12,s12,-0.8587,ok,0
3015,2026-02-15,s21,0.2767,,0
3016,1788428239,s29,-2.3877,BAD,2
3017,1787024373,s28,,,0
3018,1756263199,s26,2.8858,good,1
3019,1746668354,s8,0.1356,good,0
3020,1760445048,s31,0.0785,,0
3021,1785793433,s1,-0.688,BAD,0
3022,1760791989,s24,5.2884,OK,1
3023,1780845278,s11,-5.1988,OK,2
3024,1783380184,s2,5.4567,good,1
3025,2026-05-12,s7,0.7704,BAD,0
3026,2026-05-15,s26,3.2561,,1
3027,2026-02-15,s4,1.8409,BAD,0
3028,2026-02-17,s33,2.6024,BAD,0
3029,1727625343,s8,-0.4938,ok,0
3030,2026-05-11,s1,-0.6691,BAD,0
3031,1711583261,s14,1.8672,OK,0
3032,1728883193,s36,2.1192,ok,0
3033,2026-09-17,s28,3.6912,,1
3034,1709178016,s40,0.6011,OK,0
3035,2026-08-18,s33,3.8997,,1
3036,2026-03-14,s16,2.501,good,1
3037,2026-05-16,s19,4.1577,BAD,1
3038,2026-04-16,s26,1.3065,,0
3039,2026-06-13,s24,5.2307,BAD,1
3040,1736991092,s8,,good,0
3041,2026-01-15,s18,3.1327,good,1
3042,2026-02-11,s9,-0.4263,OK,0
3043,2026-07-19,s26,-2.2148,BAD,2
3044,1769971216,s40,3.4619,,1
3045,1769610508,s35,6.698,OK,1
3046,2026-09-12,s25,-4.0273,good,2
3047,1787471034,s9,5.0798,good,1
3048,1771429630,s1,-1.94,OK,2
3049,2026-03-14,s10,4.5546,BAD,1
3050,1712732148,s13,1.8903,,0
3051,1749879680,s31,-5.6385,OK,2
3052,2026-01-17,s5,5.3326,BAD,1
3053,1749250466,s32,7.1212,good,1
3054,2026-03-13,s7,1.8057,,0
3055,2026-03-10,s40,0.7861,ok,0
3056,1715270434,s5,-5.0445,,2
3057,2026-08-19,s6,-5.0496,BAD,2
3058,2026-08-14,s22,-2.8531,,2
3059,2026-07-13,s23,6.069,OK,1
3060,1776959095,s26,6.1671,,1
3061,1749793925,s26,0.5549,BAD,0
3062,1788623115,s21,-3.0031,BAD,2
3063,2026-02-12,s30,,ok,2
3064,2026-04-15,s27,0.393,ok,0
3065,1769114182,s17,6.3828,OK,1
3066,2026-01-13,s38,0.2582,BAD,0
3067,2026-02-15,s12,4.002,good,0
3068,2026-02-15,s38,,good,1
3069,1700834523,s6,4.348,OK,1
3070,2026-03-11,s31,1.8791,OK,0
3071,1706977842,s25,-3.6062,OK,2
3072,2026-06-17,s20,-0.3733,ok,2
3073,1732411913,s20,-1.8711,good,2
3074,1789219687,s21,-0.0141,,0
3075,1720439804,s27,6.788,ok,1
3076,2026-01-10,s22,5.6027,OK,1
3077,1723664484,s13,5.2605,OK,1
3078,2026-05-16,s17,8.2221,ok,1
3079,2026-07-10,s35,-0.7143,good,0
3080,1784390063,s39,6.3925,BAD,1
3081,1758992156,s8,4.9979,,0
3082,1751365760,s35,-2.0936,good,2
3083,2026-01-11,s14,3.286,good,1
3084,1758625967,s39,3.2489,,1
3085,2026-06-14,s23,-6.2264,,2
3086,2026-08-14,s39,-4.0712,OK,2
3087,2026-06-14,s17,-3.569,BAD,2
3088,1728533372,s9,-1.6687,OK,0
3089,1736598908,s39,-1.2855,,0
3090,1781520903,s27,3.2069,OK,0
3091,1702544379,s37,6.4349,ok,1
3092,2026-09-15,s5,-4.3961,ok,2
3093,1788214706,s32,-2.9864,good,2
3094,1756830017,s24,,ok,2
3095,1716745802,s30,7.0086,ok,1
3096,1726180850,s19,-4.6462,good,2
3097,2026-09-18,s14,3.9999,,1
3098,2026-04-12,s7,-4.4393,ok,2
3099,2026-08-10,s34,3.8849,good,0
3100,2026-09-17,s33,3.1405,good,1
3101,1702061093,s22,-3.1263,BAD,2
3102,2026-06-17,s21,-4.7453,OK,2
3103,1700491372,s23,-3.1049,BAD,2
3104,2026-05-19,s7,-5.1142,BAD,2
3105,2026-08-16,s19,-2.0537,BAD,2
3106,1781079548,s5,-0.2411,,2
3107,1758394801,s5,2.6999,ok,1
3108,2026-05-10,s26,2.5791,OK,0
3109,2026-06-18,s25,5.1054,BAD,1
3110,1769071025,s22,4.4075,good,1
3111,2026-03-10,s38,3.1423,BAD,0
3112,2026-09-11,s37,-0.403,OK,0
3113,2026-01-18,s27,3.0205,OK,1
3114,2026-05-11,s1,-1.7423,OK,2
3115,2026-02-16,s27,-1.8257,BAD,0
3116,1742757476,s19,3.9837,BAD,1
3117,1773012070,s29,4.9421,good,1
3118,2026-08-11,s11,-0.3551,OK,0
3119,2026-09-18,s22,5.4094,ok,1
3120,1717900388,s1,-1.9098,BAD,2
3121,1788271687,s8,-0.7086,ok,2
3122,1732336167,s1,3.9866,OK,1
3123,2026-06-18,s26,-4.3322,BAD,2
3124,1705026338,s1,3.8079,,0
3125,2026-02-14,s5,3.6692,good,0
3126,1750881123,s8,-3.1825,BAD,2
3127,1770261185,s40,-1.7663,BAD,0
3128,1776910540,s33,-4.3629,OK,2
3129,1737846930,s1,0.5045,good,0
3130,1732668725,s14,-4.0395,good,2
3131,2026-08-13,s23,1.1371,OK,1
3132,1781291852,s8,-1.5749,OK,0
3133,2026-09-13,s4,4.1943,BAD,0
3134,1731287286,s39,-2.7703,good,2
3135,2026-07-14,s18,-3.6748,BAD,2
3136,2026-02-17,s31,-6.7336,,2
3137,2026-02-17,s16,-0.4202,BAD,0
3138,2026-05-19,s30,-3.1032,good,2
3139,2026-04-15,s40,0.9203,good,2
3140,2026-03-17,s28,0.3393,,0
3141,2026-08-15,s14,-0.9177,good,2
3142,2026-07-13,s37,2.4189,good,0
3143,1726243125,s27,,OK,0
3144,1739831893,s11,-0.0267,good,2
3145,2026-01-15,s6,-0.602,BAD,0
3146,1741622294,s16,-5.6804,good,2
3147,2026-06-12,s22,-0.1827,OK,0
3148,2026-04-14,s23,1.3904,good,0
3149,2026-05-16,s20,1.0927,good,0
3150,1747582306,s20,3.1197,good,1
3151,1746341749,s22,3.5524,ok,1
3152,1702201375,s6,2.3619,OK,1
3153,2026-04-14,s11,1.0736,ok,0
3154,2026-09-11,s30,0.417,ok,0
3155,2026-06-19,s18,-0.2176,good,2
3156,1743558162,s8,-0.7793,BAD,0
3157,1722608761,s17,0.1416,good,1
3158,2026-07-17,s4,-3.7056,BAD,2
3159,1750999040,s29,5.7127,OK,1
3160,2026-02-16,s8,-3.7573,OK,2
3161,2026-09-14,s3,0.0858,OK,0
3162,2026-03-10,s6,4.0602,ok,1
3163,1740016430,s6,1.0957,ok,1
3164,2026-08-15,s8,0.0794,OK,0
3165,1782733940,s11,3.1688,ok,0
3166,2026-07-10,s39,1.4831,OK,0
3167,1784003070,s1,-1.7608,OK,2
3168,1739779874,s37,5.7928,ok,1
3169,1763985878,s17,5.9904,BAD,1
3170,1748229682,s7,3.9221,BAD,1
3171,1773747618,s13,6.2401,OK,1
3172,2026-03-16,s38,0.513,ok,2
3173,1739855424,s7,3.3351,ok,1
3174,2026-05-11,s27,-0.3082,,0
3175,2026-06-12,s19,-4.2825,good,2
3176,2026-06-13,s16,0.3242,BAD,0
3177,2026-09-15,s18,-3.008,good,2
3178,2026-09-10,s21,3.573,ok,1
3179,2026-04-17,s26,3.317,,1
3180,1719266393,s17,1.8713,BAD,2
3181,2026-02-16,s26,0.5302,good,0
3182,1701660454,s9,6.8916,BAD,1
3183,2026-08-13,s4,2.734,BAD,1
3184,1743197436,s12,1.2476,OK,0
3185,1743794870,s1,3.8454,good,1
3186,1781569866,s38,,ok,1
3187,1778369347,s40,2.3861,,1
3188,2026-04-12,s12,,ok,0
3189,1743492778,s19,-3.1298,,2
3190,2026-08-11,s28,-2.77,,2
3191,2026-05-15,s20,6.2625,BAD,1
3192,1748619513,s36,-0.6743,OK,0
3193,2026-02-14,s19,5.2123,good,0
3194,1753466096,s21,0.5253,ok,0
3195,2026-06-17,s26,4.4277,,1
3196,1731692467,s36,5.3451,,1
3197,2026-04-12,s13,6.6969,ok,1
3198,1719843403,s23,0.4816,,0
3199,2026-09-16,s26,-0.6019,BAD,2
3200,1771678746,s34,-6.2562,OK,2
3201,1746688544,s1,3.5325,BAD,1
3202,2026-09-19,s29,-4.0057,ok,2
3203,2026-03-18,s16,4.6055,BAD,1
3204,1751193821,s11,-3.6226,BAD,2
3205,1709309601,s3,2.6734,,1
3206,2026-03-11,s3,1.0434,ok,0
3207,1768705980,s39,-2.201,good,2
3208,1780021142,s35,0.2925,,0
3209,2026-03-13,s29,4.8483,BAD,1
3210,1757195751,s13,-1.1171,ok,2
3211,2026-02-15,s6,-2.1639,BAD,2
3212,1730097454,s30,4.5098,BAD,1
3213,2026-03-12,s14,2.2342,BAD,0
3214,2026-03-11,s31,1.1219,OK,0
3215,1748093648,s26,1.348,BAD,0
3216,2026-01-13,s34,-1.6952,OK,2
3217,1756077110,s19,2.7438,BAD,1
3218,2026-09-12,s24,-5.6152,,2
3219,2026-08-16,s22,6.1914,BAD,1
3220,2026-02-18,s28,3.4118,,1
3221,2026-04-10,s1,1.9686,OK,0
3222,1772223781,s27,-3.832,ok,2
3223,1741985172,s29,-6.1329,good,2
3224,2026-02-10,s17,3.5177,ok,1
3225,2026-09-19,s28,4.925,ok,1
3226,2026-04-18,s23,-1.729,,0
3227,2026-04-15,s14,4.9763,BAD,1
3228,2026-08-13,s2,3.7123,OK,1
3229,1789202346,s26,5.7744,,1
3230,2026-04-11,s8,7.4213,ok,1
3231,1789028013,s30,-0.2863,BAD,0
3232,2026-05-12,s12,-5.0038,BAD,2
3233,1727327270,s40,3.1931,BAD,1
3234,2026-08-17,s27,3.1007,OK,1
3235,2026-07-16,s17,6.2624,good,1
3236,1777194621,s22,3.1033,BAD,0
3237,2026-09-15,s6,5.819,BAD,1
3238,2026-03-18,s6,-2.083,BAD,2
3239,1775537643,s31,,ok,1
3240,2026-01-16,s12,-4.9889,OK,2
3241,1774012521,s5,-0.1939,good,0
3242,2026-09-10,s10,6.4794,BAD,1
3243,2026-09-18,s30,-1.1877,OK,0
3244,1776448854,s12,3.4342,OK,1
3245,2026-03-16,s24,-0.6462,ok,0
3246,2026-05-18,s2,5.5236,BAD,1
3247,1772191402,s6,-4.5158,good,2
3248,2026-04-18,s37,5.0464,,1
3249,2026-08-14,s34,,,2
3250,1717670100,s40,-2.3,OK,2
3251,2026-02-18,s21,1.6843,good,0
3252,1768820115,s4,-2.1453,BAD,0
3253,1717470788,s22,2.7984,,1
3254,1728750954,s22,-2.9675,ok,2
3255,2026-09-13,s4,-0.3039,BAD,0
3256,1705583432,s29,2.2946,ok,0
3257,1743136488,s18,3.6836,OK,1
3258,2026-05-14,s21,0.0164,good,0
3259,1724987138,s6,-3.7904,ok,2
3260,2026-01-19,s29,2.9524,good,0
3261,2026-06-14,s20,-2.1654,OK,0
3262,2026-09-15,s16,-1.6841,,2
3263,2026-07-17,s5,-1.9769,OK,0
3264,1741354413,s19,8.2064,good,1
3265,1762813574,s36,5.2475,ok,1
3266,1748095860,s18,-0.4701,OK,0
3267,2026-08-18,s1,6.1249,good,1
3268,2026-09-17,s39,-4.4436,,2
3269,2026-05-18,s11,0.4256,OK,0
3270,2026-07-19,s31,2.4395,,0
3271,1708403507,s32,-1.1492,BAD,0
3272,2026-04-12,s36,6.4312,,1
3273,1703429935,s32,4.7289,ok,1
3274,1777645930,s38,9.0101,good,1
3275,2026-07-12,s23,0.0538,good,0
3276,2026-01-16,s20,-3.0472,ok,2
3277,2026-09-17,s16,-4.6396,good,2
3278,2026-03-13,s38,-3.2977,good,2
3279,1746143409,s17,4.163,OK,1
3280,1713184366,s15,4.1179,ok,1
3281,2026-01-11,s28,-3.9199,BAD,2
3282,2026-09-19,s29,1.9162,ok,1
3283,2026-08-12,s16,0.7123,BAD,0
3284,1763611080,s10,3.9667,OK,0
3285,1733803398,s8,0.0834,OK,0
3286,2026-09-11,s16,3.4125,ok,0
3287,1750526295,s15,1.4443,ok,0
3288,1764129865,s3,4.1257,ok,1
3289,1735070029,s2,-1.2726,BAD,2
3290,1736183263,s36,4.6846,good,1
3291,1745330918,s33,-2.9645,OK,0
3292,2026-08-10,s4,-1.4873,ok,2
3293,2026-02-10,s9,0.4574,ok,2
3294,1707579208,s1,-2.7108,good,2
3295,2026-03-13,s15,1.4287,good,0
3296,2026-06-12,s16,-0.6945,ok,0
3297,1776621472,s26,-2.1864,OK,2
3298,1724555564,s9,-4.174,,2
3299,1777083777,s23,7.1674,OK,1
3300,2026-04-16,s31,5.917,good,1
3301,2026-09-12,s11,3.9806,OK,1
3302,1770475845,s34,-4.5411,ok,2
3303,2026-04-12,s10,2.6357,,1
3304,2026-01-10,s21,-0.6598,good,1
3305,1709574233,s15,,BAD,2
3306,2026-06-15,s16,-5.5054,good,2
3307,1702991691,s38,-0.5427,ok,0
3308,1706480382,s31,3.1918,OK,0
3309,2026-05-16,s38,-3.0419,good,2
3310,1704282334,s34,-3.7229,good,2
3311,2026-06-11,s13,6.523,good,1
3312,1782046678,s19,-4.2418,good,2
3313,1707784660,s20,1.0811,good,0
3314,1710721894,s17,-4.5635,,2
3315,1762576730,s38,6.2848,,1
3316,1759553563,s28,-5.5965,ok,2
3317,1728446994,s36,6.5286,,1
3318,2026-05-13,s36,0.1635,ok,0
3319,1718757555,s4,6.0653,ok,1
3320,2026-05-14,s23,0.8993,good,0
3321,2026-06-10,s12,1.1533,ok,0
3322,1782961393,s14,-5.9697,BAD,2
3323,1743633833,s21,2.4994,good,1
3324,1784710402,s17,3.5118,BAD,1
3325,2026-04-11,s12,-0.0674,ok,0
3326,2026-02-13,s26,4.6251,BAD,0
3327,1785821786,s19,2.0715,,0
3328,1759377469,s36,1.1395,OK,1
3329,1734010059,s15,2.9946,,1
3330,2026-02-18,s6,4.8084,,1
3331,1726372277,s19,-5.0697,good,2
3332,1710820013,s9,5.1628,BAD,1
3333,2026-08-14,s36,0.8454,,0
3334,1735560654,s13,-2.693,BAD,2
3335,2026-08-11,s27,1.0823,good,0
3336,2026-06-16,s32,4.6931,good,1
3337,1701854842,s9,-4.9237,,2
3338,2026-01-18,s7,4.4988,ok,1
3339,1786548482,s20,6.1392,OK,1
3340,2026-05-17,s1,5.2352,good,1
3341,1740459397,s21,-2.9406,OK,2
3342,1727967303,s6,1.854,good,1
3343,2026-01-10,s28,4.0648,OK,0
3344,1782722435,s29,-0.0069,good,0
3345,1723347086,s26,-2.9659,good,2
3346,2026-01-12,s30,5.3972,OK,1
3347,2026-03-18,s9,-3.3984,,2
3348,2026-08-15,s27,4.0307,good,1
3349,2026-09-15,s35,2.9305,BAD,0
3350,1757404268,s36,0.3126,BAD,0
3351,1748517665,s11,-1.8481,OK,2
3352,2026-05-19,s15,-5.9351,OK,2
3353,1763155066,s19,1.1485,OK,0
3354,2026-02-15,s9,-0.1372,OK,0
3355,1735923302,s35,-2.0362,OK,2
3356,2026-02-10,s3,-4.4988,good,2
3357,2026-05-17,s39,-2.7994,BAD,2
3358,2026-01-12,s21,-1.2688,good,2
3359,1752583042,s38,5.2041,OK,0
3360,2026-08-18,s24,-5.247,good,2
3361,1775864902,s33,-1.669,good,2
3362,2026-06-19,s19,-1.5107,OK,2
3363,1702051961,s32,1.8782,BAD,1
3364,2026-08-15,s23,2.3124,,0
3365,2026-02-19,s15,3.3805,ok,0
3366,1722957103,s19,3.885,ok,1
3367,2026-02-18,s10,5.2337,,1
3368,1722919742,s31,-1.6634,,2
3369,1707488350,s16,2.4372,ok,0
3370,1738681501,s18,7.8826,ok,1
3371,1713404478,s37,-2.8453,BAD,2
3372,2026-04-12,s28,1.5774,ok,0
3373,2026-01-19,s23,2.1693,good,0
3374,1725166248,s12,-0.2947,,2
3375,1733244487,s6,0.251,,0
3376,2026-09-18,s34,2.4758,BAD,1
3377,1770859741,s20,3.1862,OK,0
3378,2026-07-18,s30,-0.5217,BAD,0
3379,1711720426,s32,-2.8856,ok,2
3380,1789647247,s33,-5.8112,,2
3381,2026-06-19,s32,-4.2349,OK,2
3382,2026-03-10,s21,1.08,,0
3383,1705836224,s2,0.9992,,2
3384,1758307592,s14,5.9827,,1
3385,1710011062,s22,3.1327,good,1
3386,2026-03-16,s33,-5.0653,good,2
3387,1776356368,s3,1.1276,BAD,2
3388,2026-05-19,s32,-3.8579,OK,2
3389,2026-04-17,s21,3.3312,ok,0
3390,1734392812,s38,5.4758,OK,1
3391,1708612392,s33,-6.0998,BAD,2
3392,2026-09-14,s23,-3.5365,ok,2
3393,1789034235,s17,3.3609,BAD,1
3394,1701640861,s18,1.1158,OK,0
3395,1724992300,s31,3.3952,,0
3396,2026-04-12,s11,-0.8028,ok,0
3397,2026-08-14,s13,-3.7327,OK,2
3398,2026-06-12,s23,-2.143,good,2
3399,1773775799,s2,5.1282,BAD,1
3400,2026-07-11,s37,6.6468,OK,1
3401,2026-05-11,s21,-0.6184,BAD,2
3402,1763804674,s29,1.4253,ok,0
3403,2026-02-10,s30,-0.5579,good,0
3404,2026-04-18,s12,-3.0526,,2
3405,2026-04-11,s2,0.8288,OK,0
3406,1714446370,s7,,good,0
3407,1784677004,s1,-6.1486,ok,2
3408,1705973681,s34,-2.8706,good,2
3409,1782703050,s26,,good,2
3410,1730308448,s10,3.9111,OK,1
3411,2026-02-14,s19,3.6561,good,1
3412,2026-06-12,s40,-5.0348,ok,2
3413,1750345914,s4,,OK,1
3414,1718327688,s17,-2.6432,ok,2
3415,1720862099,s2,-3.5175,,2
3416,2026-04-13,s19,-1.924,,0
3417,1786216902,s36,2.9763,BAD,1
3418,1737132707,s35,-3.6341,ok,2
3419,1776737340,s11,-5.0616,OK,2
3420,2026-06-10,s33,5.4966,BAD,1
3421,2026-06-14,s30,4.4957,OK,1
3422,1752952199,s13,-5.3272,,2
3423,2026-09-17,s31,-1.7212,OK,2
3424,1760999740,s37,0.2661,ok,0
3425,1768745323,s13,1.0393,good,1
3426,1708899499,s8,4.6503,OK,1
3427,2026-08-15,s12,2.123,BAD,0
3428,2026-04-10,s23,-0.2977,ok,2
3429,2026-08-13,s11,0.1243,good,0
3430,2026-09-17,s40,2.3664,good,1
3431,2026-03-15,s7,3.5757,BAD,1
3432,2026-02-10,s38,3.969,good,1
3433,1781522321,s40,-3.4442,ok,2
3434,1751164795,s7,-2.1488,OK,2
3435,1737680689,s17,2.0434,BAD,1
3436,1747664552,s12,6.2738,BAD,1
3437,2026-06-14,s22,,OK,0
3438,2026-09-16,s38,2.6171,good,0
3439,1772622392,s16,4.4159,good,1
3440,1745830546,s21,2.9437,,1
3441,2026-04-14,s25,-2.3282,BAD,2
3442,1734168204,s30,-0.5316,,2
3443,2026-06-16,s18,1.0958,good,0
3444,1704867482,s27,-0.6601,OK,0
3445,2026-03-16,s7,6.1068,ok,1
3446,1783507077,s6,-4.7007,BAD,2
3447,1784648373,s39,2.8841,good,0
3448,1710133601,s9,4.6999,BAD,1
3449,1766129079,s24,7.0289,OK,1
3450,1729921324,s15,-3.3747,OK,2
3451,2026-02-18,s30,4.4647,ok,1
3452,2026-06-11,s6,-1.4663,BAD,2
3453,1787474258,s12,3.4624,ok,1
3454,1758720299,s39,1.1897,OK,0
3455,1764190737,s2,0.7332,good,0
3456,2026-07-13,s33,4.9743,BAD,1
3457,2026-08-14,s40,1.0012,,0
3458,1767447869,s35,-3.601,ok,2
3459,2026-03-11,s5,-3.562,,2
3460,2026-09-18,s10,2.6554,good,0
3461,1732917549,s38,5.2454,,1
3462,1770915872,s28,-2.4495,,2
3463,2026-07-13,s39,4.372,good,1
3464,1777370459,s23,0.239,ok,0
3465,1739608919,s6,-1.9892,good,0
3466,2026-06-10,s21,0.9077,,1
3467,1771281000,s9,6.7193,,1
3468,1753262639,s28,4.2024,,1
3469,1787284305,s11,3.0176,good,0
3470,2026-01-11,s9,3.3244,good,1
3471,2026-03-10,s9,3.5231,,0
3472,2026-01-17,s24,0.218,BAD,0
3473,2026-07-16,s19,-2.017,BAD,2
3474,2026-08-17,s19,-2.8112,ok,2
3475,1760188095,s25,-1.4734,good,2
3476,2026-08-15,s14,-0.5282,,0
3477,1765891928,s22,7.0972,OK,1
3478,2026-05-18,s9,3.5018,ok,1
3479,2026-05-11,s24,-1.2378,OK,2
3480,2026-03-19,s11,3.8388,good,1
3481,2026-07-16,s21,2.6861,OK,0
3482,1742427656,s4,0.6679,BAD,0
3483,1774505001,s31,4.2015,OK,1
3484,2026-09-18,s26,0.8347,ok,1
3485,1738580054,s31,-3.8316,good,2
3486,2026-09-11,s40,-2.9661,ok,2
3487,2026-01-13,s25,3.3037,,0
3488,2026-09-14,s7,4.6633,,1
3489,1767969681,s12,-3.7532,OK,2
3490,2026-08-18,s24,0.0316,BAD,0
3491,2026-02-19,s27,3.2664,ok,0
3492,1754429011,s20,2.3625,OK,1
3493,1781624272,s32,3.5883,good,0
3494,1789262825,s5,-4.0725,ok,2
3495,2026-08-13,s8,-3.2663,,2
3496,2026-08-16,s10,-5.873,OK,2
3497,1733755352,s10,4.4136,,1
3498,1708513388,s7,-0.5515,BAD,0
3499,2026-05-15,s35,0.43,good,0
3500,2026-06-14,s40,,,0
3501,1714234168,s21,4.9394,BAD,0
3502,1702818215,s40,7.4142,good,1
3503,2026-05-12,s5,7.141,,1
3504,2026-08-12,s7,0.0469,,2
3505,1746566797,s14,7.6446,OK,1
3506,2026-01-18,s16,6.9071,good,1
3507,2026-02-17,s39,,,0
3508,1781651206,s10,-2.8644,BAD,0
3509,1780288714,s35,4.354,OK,1
3510,2026-09-17,s7,3.6953,good,1
3511,2026-04-10,s25,6.6256,OK,1
3512,1788911609,s11,6.9393,OK,1
3513,1700230631,s30,-3.8306,,2
3514,2026-05-14,s15,0.2426,OK,0
3515,1785152009,s19,0.2101,,1
3516,1760457820,s25,4.4918,,1
3517,2026-03-16,s23,-3.2406,good,2
3518,1767272322,s5,,OK,1
3519,1758843222,s3,4.343,OK,1
3520,2026-01-10,s22,2.1131,OK,0
3521,1748444720,s29,4.8788,,1
3522,1702741084,s3,5.8264,good,1
3523,2026-02-10,s2,-0.4573,,0
3524,1787330344,s35,0.2202,OK,0
3525,2026-07-15,s3,0.5342,ok,0
3526,2026-01-16,s32,4.7637,ok,1
3527,1722757562,s31,4.7821,,0
3528,1747001715,s2,3.102,OK,1
3529,2026-08-18,s19,3.8031,BAD,1
3530,1741977391,s35,2.7997,OK,0
3531,1782388248,s35,-1.4118,OK,2
3532,2026-08-12,s10,-2.7814,OK,2
3533,1747596388,s11,1.9077,ok,1
3534,2026-07-13,s2,6.6615,ok,1
3535,1747617934,s38,1.6464,BAD,0
3536,2026-03-15,s32,-6.5588,OK,2
3537,1727300947,s34,-0.6605,OK,0
3538,2026-08-14,s25,,BAD,2
3539,2026-05-18,s35,2.0478,ok,0
3540,2026-05-19,s8,-2.2749,OK,2
3541,1785878640,s27,-6.8644,good,2
3542,1720654654,s16,0.9613,BAD,0
3543,2026-02-19,s39,5.2577,OK,1
3544,2026-03-14,s9,0.9058,OK,0
3545,1717379341,s18,3.6736,BAD,0
3546,1784692623,s5,-4.4971,OK,2
3547,1771668574,s18,-5.752,OK,2
3548,1706409017,s18,-0.5888,BAD,0
3549,1774204670,s40,-3.727,,2
3550,1716769781,s28,0.7966,good,0
3551,2026-09-15,s3,-2.2402,ok,2
3552,1720808662,s1,-0.6605,,0
3553,1764026582,s39,-5.0327,,2
3554,2026-06-13,s25,6.6605,good,1
3555,1752111988,s37,3.926,BAD,1
3556,1781978613,s5,1.5954,good,0
3557,1777259940,s28,-4.2679,good,2
3558,1744713085,s25,3.5955,ok,1
3559,2026-07-13,s29,0.26,good,0
3560,2026-08-19,s29,3.3567,BAD,1
3561,1736807800,s26,6.5934,ok,1
3562,2026-05-11,s11,5.3914,,1
3563,2026-08-18,s39,-2.7205,,0
3564,2026-06-16,s28,3.2377,,1
3565,2026-01-13,s13,,ok,1
3566,2026-09-13,s31,0.6686,BAD,0
3567,1749749665,s6,5.0497,ok,1
3568,2026-06-11,s28,-0.6265,ok,0
3569,1708587541,s22,3.0719,ok,0
3570,1772214641,s1,-2.4108,ok,0
3571,2026-08-17,s31,-2.0294,,2
3572,2026-08-15,s3,6.5386,BAD,1
3573,2026-06-12,s2,-2.3753,BAD,2
3574,1788478441,s21,-4.6897,good,2
3575,2026-03-10,s28,-5.771,BAD,2
3576,1788021363,s12,0.1828,good,0
3577,1775878936,s31,6.0361,,1
3578,2026-09-12,s5,4.2766,,0
3579,1767266834,s33,0.5261,OK,0
3580,1749494954,s39,7.2032,BAD,1
3581,2026-09-11,s15,1.4103,OK,2
3582,2026-07-11,s16,-2.6872,BAD,2
3583,1743202836,s4,4.0555,BAD,1
3584,2026-03-12,s1,-3.1438,BAD,2
3585,1782917649,s22,6.4496,,1
3586,2026-05-19,s19,3.0703,BAD,0
3587,1779004758,s14,1.5936,BAD,0
3588,1763040335,s24,3.1883,ok,1
3589,1719600235,s37,-3.6327,good,2
3590,2026-04-13,s11,-2.1363,ok,2
3591,1765624535,s17,7.067,good,1
3592,1774523957,s31,6.5046,OK,1
3593,1737438478,s4,-1.1655,ok,0
3594,2026-08-12,s14,-2.1734,ok,0
3595,1766997035,s2,1.0829,OK,0
3596,2026-01-18,s16,3.6739,BAD,0
3597,2026-05-17,s21,0.7039,,0
3598,2026-02-16,s21,-5.024,good,2
3599,2026-08-18,s14,1.1952,ok,0
3600,1761647581,s35,-3.5923,ok,2
3601,2026-03-19,s39,-0.9695,ok,0
3602,1783877326,s38,-0.6927,OK,0
3603,1703702376,s8,-5.9919,BAD,2
3604,2026-02-15,s18,0.4671,BAD,0
3605,1761155885,s13,6.362,ok,1
3606,2026-01-12,s6,2.3486,BAD,1
3607,2026-09-18,s7,1.1987,good,0
3608,2026-02-14,s6,1.3983,ok,1
3609,1775954182,s6,3.4503,ok,1
3610,1731825557,s20,,good,0
3611,2026-09-15,s23,0.323,OK,2
3612,2026-01-11,s23,0.5407,good,0
3613,1779073761,s29,-0.2605,OK,1
3614,2026-06-15,s17,-0.6422,,2
3615,2026-09-18,s31,-1.9759,OK,0
3616,1709940134,s8,-3.5361,,2
3617,2026-01-13,s17,6.8352,,1
3618,2026-06-16,s19,6.7933,BAD,1
3619,2026-06-14,s14,,,2
3620,1704239597,s4,-4.4012,BAD,2
3621,1733036428,s29,-2.2155,OK,0
3622,1704739604,s22,-5.3961,OK,2
3623,2026-09-11,s8,4.7096,OK,1
3624,1703080182,s4,0.5969,BAD,0
3625,2026-06-15,s8,5.2857,BAD,1
3626,2026-04-11,s39,3.7517,BAD,0
3627,2026-07-10,s2,1.2358,ok,0
3628,2026-06-10,s7,6.6292,BAD,1
3629,1703060093,s14,4.5793,BAD,1
3630,1773317365,s28,1.2735,good,0
3631,2026-07-15,s23,-0.2933,OK,0
3632,1769814287,s3,-5.6656,BAD,2
3633,2026-01-12,s13,6.4714,BAD,1
3634,1717928202,s39,-0.1122,BAD,0
3635,1787081333,s11,-1.569,good,2
3636,1755474817,s15,-3.861,BAD,2
3637,2026-04-12,s11,3.8256,ok,1
3638,2026-03-17,s32,3.881,good,1
3639,1745849761,s8,4.3154,good,1
3640,1737253235,s16,1.4631,,0
3641,1735529656,s26,2.0093,good,2
3642,2026-02-17,s3,1.1918,,0
3643,2026-04-18,s16,0.6973,OK,0
3644,2026-06-12,s22,4.9544,good,1
3645,2026-02-15,s5,-3.5759,OK,2
3646,1710324805,s5,1.684,OK,0
3647,1779539913,s29,3.4114,BAD,1
3648,2026-04-13,s4,2.0,BAD,0
3649,1733883481,s19,-0.5488,ok,0
3650,1729543821,s29,6.7898,,1
3651,2026-03-11,s26,-3.6049,OK,2
3652,1762154888,s1,-1.2799,ok,2
3653,2026-03-13,s18,-1.5537,good,0
3654,1703784062,s13,-0.3127,good,2
3655,2026-08-13,s12,-0.6038,,0
3656,1757324720,s29,3.5472,BAD,1
3657,1707557275,s2,0.6399,ok,0
3658,2026-04-11,s18,-6.0024,BAD,2
3659,2026-09-15,s24,6.1044,,1
3660,2026-07-12,s33,-2.4761,,2
3661,1756454167,s22,0.2635,,2
3662,2026-08-18,s36,0.0874,good,0
3663,1731080983,s18,-4.1631,ok,2
3664,1713845927,s2,-0.642,BAD,2
3665,2026-05-19,s1,2.5221,good,0
3666,2026-05-10,s14,6.3556,,1
3667,1718823996,s7,-1.7329,ok,2
3668,2026-01-14,s17,-0.6399,BAD,2
3669,2026-07-19,s3,4.0361,ok,0
3670,2026-05-17,s25,4.5146,BAD,1
3671,2026-02-16,s13,-1.3916,good,0
3672,1702551714,s30,2.6709,,0
3673,2026-08-18,s20,7.828,,1
3674,1706576949,s5,,good,2
3675,2026-02-11,s27,1.9713,good,0
3676,1717973630,s38,-6.4262,ok,2
3677,1788882521,s19,-3.6571,good,2
3678,1760797419,s37,2.9481,OK,1
3679,1771315018,s34,0.0031,ok,0
3680,1768671310,s5,-2.1789,,2
3681,1775456292,s33,3.9421,,1
3682,2026-06-12,s18,0.7458,BAD,2
3683,1712923773,s32,3.7072,good,1
3684,1718582173,s11,-3.8036,,2
3685,1702841288,s15,5.3727,BAD,1
3686,2026-05-14,s27,0.0643,OK,0
3687,2026-02-12,s19,-4.3249,,2
3688,1771252891,s39,0.1576,,0
3689,1763740460,s19,-7.3223,ok,2
3690,2026-06-12,s1,1.5127,OK,0
3691,1769362149,s17,2.6627,ok,0
3692,2026-02-18,s40,0.7033,good,0
3693,1738567462,s20,-0.7086,good,2
3694,2026-05-10,s20,,OK,0
3695,2026-01-17,s39,-0.8191,,0
3696,1733833675,s29,6.6948,BAD,1
3697,1773439892,s8,-5.9064,,2
3698,1703882426,s4,0.4999,BAD,0
3699,2026-07-14,s7,3.5984,OK,1
3700,2026-05-19,s22,0.0201,,0
3701,1711535435,s27,4.5112,good,1
3702,2026-08-14,s35,-0.4973,BAD,2
3703,2026-05-15,s22,-6.9401,ok,2
3704,2026-07-16,s16,-3.706,good,2
3705,1761045754,s22,-3.0307,ok,2
3706,1750917733,s38,1.8146,OK,0
3707,2026-05-18,s5,4.0134,good,1
3708,2026-01-13,s20,-3.9858,BAD,2
3709,2026-07-14,s10,2.6676,ok,0
3710,2026-02-14,s18,4.3009,BAD,1
3711,1733898098,s28,-3.1698,ok,2
3712,1772174628,s14,5.6328,BAD,1
3713,1774238190,s20,-1.1887,OK,0
3714,2026-08-10,s25,2.7392,BAD,1
3715,2026-06-15,s8,-5.6012,OK,2
3716,2026-09-10,s38,-4.7775,,2
3717,1780477788,s13,2.3231,,0
3718,2026-04-15,s5,0.1717,,0
3719,1754908226,s39,3.6414,OK,1
3720,2026-02-16,s21,-1.1585,good,2
3721,1717874052,s17,1.5697,OK,1
3722,2026-06-14,s36,2.2876,OK,0
3723,1742069679,s27,3.2076,OK,0
3724,2026-01-17,s39,3.9747,BAD,1
3725,2026-04-13,s14,-0.1706,good,0
3726,2026-03-15,s11,2.2983,ok,1
3727,2026-01-16,s36,3.9046,good,1
3728,2026-02-17,s27,-2.9947,good,2
3729,2026-06-17,s28,-1.3474,ok,2
3730,1772366899,s17,4.2584,,1
3731,1720176084,s26,4.6865,good,1
3732,1763308455,s17,0.7781,good,1
3733,1712921895,s10,1.7249,ok,0
3734,1741157578,s13,,OK,2
3735,2026-05-15,s2,-2.146,ok,2
3736,2026-04-16,s5,2.8537,,1
3737,1730815333,s28,-4.2091,good,2
3738,2026-09-18,s24,-3.7136,,2
3739,1738241395,s3,5.1716,ok,1
3740,2026-08-15,s9,4.5844,ok,1
3741,2026-08-13,s31,-5.3356,good,2
3742,1709152039,s25,1.8096,ok,1
3743,2026-03-17,s20,,,1
3744,1755570447,s16,0.2264,BAD,0
3745,1761171797,s25,-1.0694,,2
3746,2026-04-17,s26,4.852,good,1
3747,2026-04-19,s33,,ok,2
3748,2026-02-13,s3,,OK,0
3749,1711513305,s15,-5.6072,BAD,2
3750,2026-04-16,s1,3.0141,good,0
3751,1712025913,s40,0.8752,ok,0
3752,1756181579,s26,0.9504,,0
3753,2026-03-18,s3,-2.8312,BAD,2
3754,2026-01-12,s14,0.926,OK,0
3755,1749584078,s22,4.1429,BAD,0
3756,2026-08-10,s18,0.9692,OK,0
3757,2026-03-15,s12,3.7664,ok,1
3758,2026-01-16,s17,-5.4599,OK,2
3759,1708274612,s25,1.7798,good,2
3760,2026-07-16,s18,-7.0958,good,2
3761,1735076831,s24,-0.4412,OK,2
3762,1724498256,s23,-2.8746,OK,2
3763,2026-08-17,s4,3.7805,BAD,0
3764,2026-09-19,s20,-3.4098,ok,2
3765,1756888520,s3,-3.2165,,2
3766,2026-02-18,s40,-5.6596,good,2
3767,2026-04-10,s18,-3.1598,BAD,2
3768,2026-05-12,s20,,good,0
3769,2026-05-13,s16,-1.2801,OK,2
3770,2026-04-12,s8,-3.7439,BAD,2
3771,2026-06-17,s40,2.0092,OK,0
3772,2026-02-11,s13,0.76,ok,0
3773,2026-04-10,s26,5.2201,BAD,1
3774,2026-07-12,s37,1.8967,OK,0
3775,2026-09-17,s17,-3.8938,good,2
3776,1766935881,s26,9.7869,ok,1
3777,1776731392,s19,3.7171,BAD,0
3778,2026-01-14,s3,8.8946,,1
3779,1703320688,s5,-1.4055,good,2
3780,1779932818,s14,5.9648,,1
3781,2026-09-14,s26,-5.4247,ok,2
3782,1727951761,s30,-2.8724,,0
3783,1765925986,s15,-1.9228,,0
3784,1770329387,s30,5.5029,good,1
3785,2026-04-14,s11,4.274,ok,1
3786,1769955746,s2,0.8382,good,0
3787,2026-01-18,s12,2.4531,BAD,0
3788,1715879298,s2,2.174,BAD,1
3789,1726622081,s26,-1.238,OK,2
3790,1769214816,s32,-4.2563,ok,2
3791,2026-07-16,s13,5.1072,OK,1
3792,2026-04-16,s23,2.6256,BAD,0
3793,1758642332,s3,-1.9842,ok,0
3794,2026-08-15,s17,-4.1572,OK,2
3795,1747065948,s26,5.9154,ok,1
3796,1739372653,s10,4.1134,OK,1
3797,1776637718,s25,0.4631,,0
3798,1754736877,s36,0.2192,OK,0
3799,1735437152,s3,6.3641,BAD,1
3800,1776174738,s5,1.7697,OK,1
3801,2026-04-17,s9,1.7542,,0
3802,1740116458,s34,-5.7416,,0
3803,1766146342,s40,2.5771,ok,0
3804,1704444251,s31,0.1853,,0
3805,1752284738,s16,2.3536,ok,1
3806,1779166350,s2,1.0514,ok,0
3807,1769340830,s29,3.4572,good,1
3808,2026-07-12,s8,2.3,ok,1
3809,2026-07-11,s31,3.8409,BAD,1
3810,1728044361,s14,-0.864,,2
3811,2026-09-14,s12,-0.468,ok,0
3812,1724699805,s30,2.2035,,0
3813,1757068660,s38,-0.1532,BAD,0
3814,1773598106,s9,-4.8798,,2
3815,1759420099,s4,-0.6036,BAD,2
3816,1782230951,s3,-0.5002,ok,0
3817,2026-06-18,s4,8.2307,,1
3818,1729114713,s3,2.9138,ok,0
3819,2026-04-19,s23,-2.7108,good,2
3820,1741912582,s38,3.2262,OK,0
3821,2026-05-17,s25,-4.6329,good,2
3822,1786550969,s14,-0.5509,,2
3823,2026-07-16,s8,-4.4801,BAD,2
3824,1731011318,s23,2.497,ok,1
3825,2026-02-13,s5,0.0662,BAD,2
3826,2026-05-12,s29,-3.9971,,2
3827,1737206817,s2,0.4329,,0
3828,1709419945,s23,5.7401,OK,1
3829,1741203649,s30,-1.9443,BAD,2
3830,2026-06-14,s25,-1.3893,,2
3831,1735326118,s12,-0.3873,ok,2
3832,1778977841,s36,-0.8615,BAD,2
3833,1765584992,s6,-1.6889,OK,2
3834,2026-03-19,s30,-3.733,ok,2
3835,2026-02-15,s16,2.1393,OK,0
3836,1773805432,s12,-5.6732,ok,2
3837,2026-07-19,s8,-4.2946,ok,2
3838,1703287871,s4,-2.9748,good,2
3839,1786379791,s26,-0.2328,,0
3840,2026-08-14,s3,0.0103,ok,0
3841,1740309984,s34,0.509,BAD,0
3842,1771050000,s14,,OK,1
3843,2026-05-17,s36,-1.9104,,2
3844,1784643404,s18,0.637,ok,0
3845,2026-04-18,s8,-1.9186,OK,2
3846,2026-05-13,s39,0.9176,OK,0
3847,1764736005,s8,,good,1
3848,2026-03-14,s40,-1.3706,OK,0
3849,2026-09-19,s31,0.9201,OK,0
3850,2026-05-19,s9,4.4085,good,1
3851,1707458622,s38,-1.5486,BAD,0
3852,2026-06-14,s13,1.8688,BAD,0
3853,2026-01-14,s8,-4.2406,BAD,2
3854,2026-05-14,s19,-5.387,OK,2
3855,1748070277,s37,-2.3166,good,0
3856,2026-05-14,s19,-2.1546,good,2
3857,1729407758,s32,-3.5034,good,2
3858,1755694322,s37,3.4438,,1
3859,2026-04-12,s4,-0.8526,good,0
3860,2026-06-14,s13,5.6167,good,1
3861,1709432054,s33,-2.8361,ok,2
3862,1765488989,s33,-1.9895,ok,2
3863,2026-04-17,s9,-1.8189,BAD,2
3864,2026-04-11,s16,1.23,ok,0
3865,1708333126,s6,3.0131,,1
3866,2026-03-12,s11,-3.8965,good,2
3867,2026-05-13,s39,0.3464,OK,0
3868,1734149437,s25,0.1391,good,0
3869,2026-02-16,s37,-2.1122,OK,2
3870,1782506594,s14,1.971,good,1
3871,1788030822,s3,-2.6871,good,2
3872,1727923545,s13,,BAD,0
3873,1773480711,s13,-3.4427,good,2
3874,1759259626,s23,-2.411,,2
3875,1739264279,s37,-4.2981,OK,2
3876,1762323444,s24,0.6141,ok,2
3877,1780220197,s24,-5.5814,,2
3878,2026-06-16,s28,4.586,,1
3879,1788244707,s30,-0.6038,ok,0
3880,1706761666,s14,4.9929,BAD,0
3881,2026-06-15,s11,-0.5339,ok,2
3882,1745026898,s8,6.8421,good,1
3883,1703240684,s22,1.1563,,0
3884,2026-05-13,s8,1.1199,OK,0
3885,1786149004,s4,1.3286,BAD,0
3886,1725071711,s25,7.326,ok,1
3887,2026-09-11,s32,-6.2609,ok,2
3888,2026-08-18,s3,6.766,OK,1
3889,1726855326,s21,-1.5464,,0
3890,2026-02-19,s2,0.0015,good,1
3891,2026-05-18,s3,-0.1,OK,0
3892,1746230754,s3,4.3318,ok,1
3893,2026-09-16,s24,-2.1411,,2
3894,1714230300,s31,-1.9867,OK,2
3895,1769850626,s6,3.357,,1
3896,2026-04-13,s8,-4.7638,ok,2
3897,2026-09-12,s18,-1.64,OK,2
3898,2026-04-11,s17,-1.2696,BAD,2
3899,2026-02-15,s27,2.6903,good,0
3900,1718608535,s36,,BAD,1
3901,2026-05-12,s34,2.6683,BAD,0
3902,2026-02-12,s18,0.1701,,0
3903,2026-09-13,s7,3.1449,BAD,1
3904,1745399793,s37,3.0721,,0
3905,2026-05-15,s17,0.5979,ok,0
3906,2026-06-19,s12,,BAD,1
3907,1735468458,s15,-0.2869,,2
3908,1761413434,s32,0.2915,BAD,0
3909,1738442553,s23,4.5495,OK,0
3910,2026-06-19,s36,-0.2341,OK,2
3911,2026-02-16,s30,3.9109,ok,1
3912,2026-04-19,s9,-1.3747,,2
3913,2026-01-14,s17,4.4863,ok,1
3914,1724179909,s11,1.4168,OK,0
3915,2026-05-14,s29,4.4066,OK,0
3916,2026-02-16,s7,1.5283,OK,0
3917,2026-06-13,s20,3.5654,good,1
3918,1770451133,s9,6.2677,good,1
3919,1780311489,s39,3.2199,good,0
3920,1726222985,s16,-4.241,BAD,2
3921,1748011716,s39,3.0657,ok,1
3922,2026-02-18,s35,1.6821,BAD,0
3923,1763035123,s37,0.6833,good,2
3924,1768512911,s15,4.0172,,1
3925,1719797368,s12,2.2649,OK,0
3926,2026-02-14,s16,5.7014,OK,1
3927,1757226032,s20,0.1932,ok,0
3928,1708792878,s40,1.7517,,0
3929,1783175498,s38,1.4333,good,0
3930,1703450002,s40,-2.2823,,2
3931,1768446410,s37,-1.1946,BAD,0
3932,1720668094,s29,1.2113,,0
3933,1720578500,s27,4.2983,BAD,0
3934,1769199658,s34,-0.6788,OK,0
3935,1743756644,s36,6.1599,BAD,1
3936,2026-06-11,s18,0.1165,good,0
3937,2026-07-16,s27,0.1,BAD,1
3938,1776898470,s18,-0.252,BAD,2
3939,2026-06-13,s27,1.736,ok,0
3940,2026-03-17,s20,-1.6816,,2
3941,2026-03-16,s21,-3.2792,,2
3942,1765990319,s29,-4.3669,good,2
3943,1749163600,s35,-2.3127,,2
3944,1733076891,s36,-4.0745,,2
3945,2026-08-16,s19,-4.9355,,2
3946,1739731204,s24,0.3988,,0
3947,2026-08-19,s28,-3.199,good,2
3948,1740590928,s36,5.4384,,1
3949,1765327885,s19,0.0578,OK,0
3950,2026-09-17,s25,-5.4143,BAD,2
3951,1720197869,s1,-4.3002,good,2
3952,2026-05-14,s10,-3.0262,,2
3953,1756186768,s5,4.0682,OK,1
3954,2026-05-15,s10,5.4257,OK,1
3955,1765465840,s23,3.5588,good,0
3956,2026-09-13,s28,3.8336,,1
3957,1714962734,s36,-4.6756,OK,2
3958,1773393664,s38,-2.2034,ok,2
3959,1783949305,s18,4.6418,BAD,1
3960,2026-08-10,s13,3.6557,good,1
3961,1765560866,s11,7.3212,BAD,1
3962,2026-08-18,s27,-3.2294,,2
3963,2026-01-19,s27,-0.5759,good,0
3964,2026-07-18,s15,-4.0941,good,2
3965,1785761894,s30,-0.768,OK,2
3966,2026-09-18,s7,3.7545,,1
3967,1719328491,s3,3.2676,good,1
3968,1779680158,s21,2.8462,BAD,1
3969,2026-07-10,s25,-3.86,OK,2
3970,1703736173,s1,5.5958,good,1
3971,2026-08-17,s24,-4.734,,2
3972,2026-03-12,s9,-1.9254,ok,2
3973,1712879306,s30,-2.3021,good,0
3974,2026-09-18,s29,-1.0792,good,2
3975,1761691852,s14,5.2688,good,1
3976,2026-01-14,s15,-4.4036,good,2
3977,2026-06-12,s3,-1.8779,ok,0
3978,2026-06-18,s32,-3.5177,BAD,2
3979,1700756675,s22,5.5495,ok,1
3980,2026-08-18,s3,0.1439,BAD,2
3981,2026-09-15,s11,3.2077,ok,1
3982,1751867969,s27,,BAD,0
3983,1773807855,s33,-6.3135,OK,2
3984,2026-04-12,s6,3.994,ok,1
3985,2026-06-19,s22,-2.5845,OK,2
3986,1709068505,s22,-0.2747,ok,0
3987,2026-06-18,s4,4.1561,BAD,0
3988,1701229094,s25,-3.8533,BAD,2
3989,1717347201,s3,-0.0225,good,0
3990,2026-04-11,s17,-2.5611,good,2
3991,1777825177,s9,0.9433,,0
3992,1786211156,s20,2.9438,OK,1
3993,2026-03-15,s15,-5.6131,OK,2
3994,2026-03-16,s12,0.7741,,0
3995,2026-05-14,s6,5.2189,good,1
3996,1754772125,s19,-2.1088,BAD,0
3997,2026-07-12,s36,3.9635,OK,1
3998,1781714846,s4,5.5256,good,1
3999,2026-01-17,s4,8.2514,good,1
4000,1720852362,s14,-0.9051,,0
4001,1722762266,s39,1.6515,ok,0
4002,2026-02-13,s4,2.8912,OK,2
4003,2026-06-19,s32,-2.4635,BAD,2
4004,1701501265,s24,1.6641,OK,1
4005,2026-06-18,s19,0.6232,OK,0
4006,1745455692,s16,5.3832,BAD,1
4007,2026-06-14,s2,-3.7666,OK,2
4008,1706985014,s36,2.6863,,1
4009,2026-04-10,s9,0.6296,good,0
4010,2026-01-17,s33,1.3025,OK,0
4011,2026-06-15,s17,3.1752,,1
4012,2026-07-19,s22,-2.7481,BAD,2
4013,1745736686,s30,-5.8302,BAD,2
4014,2026-05-12,s22,-1.0938,ok,1
4015,1708884660,s19,3.5581,good,1
4016,2026-06-16,s8,-0.3101,BAD,0
4017,2026-02-18,s16,-1.8269,ok,2
4018,1752147939,s24,-3.828,ok,2
4019,2026-03-19,s24,1.6323,BAD,0
4020,1783515829,s15,-4.7819,BAD,2
4021,2026-02-14,s4,-3.1167,BAD,2
4022,2026-09-14,s18,-1.9656,ok,0
4023,1786578151,s27,-6.426,good,2
4024,1715814455,s34,0.8567,ok,2
4025,1735145395,s20,-3.993,,2
4026,1771640894,s37,5.5524,good,1
4027,1770899811,s18,-0.8882,,0
4028,1740039602,s19,3.6012,OK,0
4029,2026-01-19,s40,-2.044,ok,2
4030,1723647353,s29,2.9462,good,0
4031,2026-06-17,s19,5.5769,,1
4032,1717547047,s35,-4.8586,BAD,2
4033,2026-07-12,s39,-3.2415,ok,2
4034,2026-03-18,s36,1.1616,ok,0
4035,1767247082,s27,,OK,0
4036,2026-02-15,s2,2.7784,OK,0
4037,2026-05-18,s39,1.3418,OK,0
4038,2026-05-18,s27,2.4215,ok,0
4039,2026-07-12,s21,0.8917,good,0
4040,2026-04-14,s3,2.6849,BAD,0
4041,1758070809,s31,0.7769,good,0
4042,2026-02-18,s36,-4.9704,,2
4043,2026-03-12,s38,-2.7291,good,2
4044,1708818621,s25,2.5627,good,0
4045,2026-07-11,s25,4.328,OK,1
4046,2026-09-18,s40,3.9425,ok,0
4047,1753407884,s31,-4.6187,,2
4048,2026-03-14,s2,-0.8344,OK,0
4049,2026-01-19,s38,-3.1526,,2
4050,1760671003,s38,-2.4252,ok,2
4051,2026-05-14,s8,3.2733,,1
4052,2026-06-13,s12,-3.67,ok,2
4053,1761888445,s17,-3.9619,BAD,2
4054,2026-02-19,s29,-1.4141,good,2
4055,1718285962,s3,-0.6348,,0
4056,1784773141,s6,-1.4853,,0
4057,1733655136,s7,-1.9607,good,2
4058,1722164273,s40,,,2
4059,2026-05-12,s24,-0.9223,good,2
4060,1701460855,s4,-0.9177,,2
4061,1748389430,s26,-1.0757,,0
4062,2026-01-16,s37,1.411,ok,0
4063,2026-07-19,s8,-3.6831,BAD,2
4064,2026-04-14,s30,3.7924,,1
4065,1702399808,s36,2.0527,ok,1
4066,1748128122,s2,-1.1181,ok,0
4067,1700922559,s20,5.6225,ok,1
4068,1760929308,s15,0.5435,OK,0
4069,1706668709,s40,-0.6339,OK,2
4070,1787205354,s10,1.986,BAD,0
4071,1743674256,s27,-1.6556,ok,2
4072,2026-03-18,s24,-3.3518,,2
4073,2026-05-16,s3,2.164,BAD,1
4074,2026-03-17,s29,3.4392,OK,1
4075,1754408126,s13,4.6738,good,1
4076,2026-01-16,s25,1.0668,OK,0
4077,2026-02-15,s26,-3.5418,BAD,2
4078,2026-06-17,s21,5.0212,BAD,1
4079,2026-07-14,s17,-6.2903,good,2
4080,2026-01-15,s33,-0.8563,,2
4081,1788971437,s30,2.4292,good,1
4082,2026-01-12,s20,7.1948,OK,1
4083,2026-04-10,s5,-1.9898,OK,2
4084,1742213407,s1,2.436,,1
4085,1729218720,s34,-2.6548,good,2
4086,1713599561,s20,1.1972,,0
4087,2026-04-17,s9,-6.2585,good,2
4088,1717576152,s38,1.8068,,0
4089,2026-09-10,s35,-3.2258,good,2
4090,2026-04-16,s22,3.6196,good,1
4091,2026-07-14,s37,-1.7245,BAD,2
4092,2026-05-19,s23,-4.5185,ok,2
4093,1714038493,s7,4.6452,ok,1
4094,1729615869,s7,-5.3404,OK,2
4095,1725413195,s12,-3.0034,ok,2
4096,2026-08-17,s6,-2.7283,good,2
4097,1737439232,s33,-2.8527,good,2
4098,2026-06-13,s25,10.9382,BAD,1
4099,1745868749,s10,7.7057,good,1
4100,1711305217,s26,5.6135,BAD,1
4101,2026-03-15,s12,-0.1404,ok,2
4102,1781116066,s10,1.0274,good,0
4103,2026-07-15,s32,5.2509,ok,1
4104,2026-08-19,s6,1.5282,OK,0
4105,2026-07-10,s26,3.9042,BAD,1
4106,2026-09-10,s27,3.0192,good,1
4107,1748845317,s25,-1.9707,OK,0
4108,1717257548,s35,-1.3085,OK,2
4109,2026-02-18,s29,4.4577,OK,1
4110,1739830960,s31,4.0998,,0
4111,1721480232,s27,4.7188,good,1
4112,2026-06-12,s16,-2.9874,OK,2
4113,2026-06-11,s8,5.3498,ok,1
4114,2026-04-16,s37,-2.4553,,2
4115,1770897951,s38,-1.4953,OK,2
4116,1720950356,s22,-0.9356,,0
4117,1771198605,s3,4.1627,OK,1
4118,2026-03-19,s7,4.2669,BAD,1
4119,1701092901,s35,,,1
4120,1782484981,s17,3.8908,BAD,1
4121,1756187589,s23,-2.4854,OK,2
4122,1731186299,s4,8.2707,OK,1
4123,1766555121,s32,5.6879,good,1
4124,2026-09-11,s25,-2.9322,ok,2
4125,1773594894,s23,,,0
4126,1766482358,s26,-4.6688,good,2
4127,2026-08-11,s8,0.2206,,2
4128,2026-08-17,s22,1.4122,OK,2
4129,2026-02-15,s25,2.421,OK,0
4130,1720409851,s9,4.4817,,1
4131,2026-02-15,s30,1.5988,,0
4132,2026-08-13,s36,2.7961,ok,1
4133,2026-01-12,s19,6.4794,,1
4134,2026-01-12,s13,-5.4896,,2
4135,2026-05-16,s36,-3.5357,OK,2
4136,1708262790,s36,0.8796,ok,0
4137,1700444522,s10,-1.2407,,0
4138,2026-08-17,s18,-0.9984,BAD,0
4139,1716516250,s13,4.1043,ok,0
4140,1715218354,s38,0.0185,ok,0
4141,2026-09-19,s40,1.9772,OK,0
4142,1715853961,s39,2.1009,good,0
4143,1728426536,s2,-2.2123,ok,2
4144,2026-05-16,s37,-1.8868,,2
4145,2026-07-16,s38,2.0866,ok,1
4146,1754187641,s8,1.4056,good,0
4147,1759595135,s29,-5.482,ok,2
4148,2026-03-19,s13,6.4113,good,1
4149,1762360481,s37,-5.0461,BAD,2
4150,2026-04-15,s6,4.9232,good,1
4151,1768323287,s36,-3.3579,good,2
4152,2026-03-18,s14,-2.0175,BAD,2
4153,2026-01-11,s24,1.1292,,0
4154,1706657600,s19,3.5253,good,0
4155,2026-05-16,s25,-0.9889,ok,2
4156,2026-06-16,s26,-1.7715,good,2
4157,2026-07-14,s34,3.3026,ok,1
4158,2026-02-11,s27,6.3953,OK,1
4159,1777181782,s1,-3.0402,ok,2
4160,2026-08-17,s40,5.3376,,1
4161,1705654934,s10,2.6155,BAD,1
4162,2026-02-18,s30,,good,1
4163,2026-09-14,s4,3.314,,0
4164,1718431449,s39,6.4853,BAD,1
4165,2026-08-16,s21,0.1432,OK,2
4166,2026-01-18,s25,3.994,ok,0
4167,1734259213,s34,2.2625,BAD,0
4168,2026-02-10,s20,-4.6347,ok,2
4169,2026-07-13,s22,-3.7263,OK,2
4170,1778312230,s39,2.865,ok,0
4171,1713593810,s37,0.8729,ok,0
4172,1759924409,s21,4.2693,ok,1
4173,2026-03-19,s3,-3.6778,OK,2
4174,2026-07-12,s8,-0.2139,,0
4175,2026-09-13,s14,-1.8633,BAD,2
4176,1786597086,s10,6.0328,good,1
4177,1727734792,s12,-4.454,,2
4178,1782163409,s26,1.3181,good,0
4179,2026-08-13,s25,6.2613,OK,1
4180,1766669678,s36,-1.0914,good,0
4181,2026-01-18,s25,0.5862,BAD,0
4182,1761593774,s35,-1.2955,good,0
4183,2026-03-14,s13,4.0054,ok,1
4184,1732387099,s24,4.9399,ok,1
4185,1724503297,s4,1.9684,OK,1
4186,1765707659,s19,0.5103,OK,1
4187,2026-04-10,s11,1.4503,,0
4188,1788256000,s28,-0.6717,good,0
4189,1708609899,s6,-1.7611,BAD,2
4190,2026-08-10,s24,6.0454,OK,1
4191,1772030041,s2,4.3505,good,1
4192,1716291385,s5,-2.6637,OK,2
4193,2026-08-18,s32,-0.5174,OK,0
4194,1773152074,s21,-0.0587,OK,0
4195,1768896173,s20,-4.3993,BAD,2
4196,1720721487,s30,-3.2271,OK,2
4197,1779820494,s28,-2.8104,ok,2
4198,2026-06-19,s27,-3.4371,OK,2
4199,1746892190,s29,0.0416,,2
4200,1723001476,s27,5.0287,good,1
4201,1716393208,s38,-2.1754,BAD,0
4202,1749619128,s27,-1.0521,,0
4203,1762822424,s7,1.6378,OK,0
4204,1768272654,s28,-1.895,good,2
4205,2026-05-19,s7,-1.3281,,0
4206,1776900100,s9,3.5787,OK,0
4207,2026-03-15,s25,,ok,2
4208,1753200931,s25,1.036,ok,0
4209,2026-05-11,s2,3.1307,ok,0
4210,2026-08-17,s20,-3.8298,BAD,2
4211,2026-06-19,s37,-3.582,BAD,2
4212,2026-02-18,s28,2.8554,good,1
4213,1757775460,s18,-3.4381,OK,2
4214,2026-08-17,s37,0.1773,OK,0
4215,2026-03-14,s25,4.6924,good,1
4216,2026-02-14,s40,1.6233,OK,2
4217,2026-05-17,s20,,ok,0
4218,1734087435,s16,5.0929,ok,1
4219,2026-04-14,s40,-5.1244,OK,2
4220,1738228165,s24,-1.2709,ok,0
4221,2026-06-14,s34,0.8347,OK,0
4222,2026-05-19,s40,1.9458,,0
4223,1707259828,s4,2.0563,BAD,1
4224,2026-04-18,s8,-0.2539,,0
4225,1757036873,s28,3.1275,BAD,0
4226,1771301170,s5,6.9537,,1
4227,1745939262,s18,2.7004,BAD,0
4228,2026-06-16,s31,5.3881,good,1
4229,1749765611,s14,4.051,good,1
4230,2026-03-16,s6,4.4444,OK,1
4231,1736551606,s6,-1.2322,ok,2
4232,2026-09-13,s26,-3.926,OK,2
4233,2026-03-19,s28,-4.9441,,2
4234,1753664754,s32,-0.025,OK,0
4235,2026-01-14,s19,,ok,0
4236,1781585890,s19,4.9145,good,1
4237,1701863968,s16,-4.7517,good,2
4238,2026-02-12,s30,2.358,good,1
4239,1765725475,s19,6.7512,ok,1
4240,2026-03-15,s6,-0.0422,OK,0
4241,2026-01-15,s13,-3.2872,BAD,2
4242,2026-07-19,s11,0.6457,OK,0
4243,1709578429,s34,-0.2639,OK,0
4244,1730497115,s5,7.3018,OK,1
4245,1766582124,s28,0.1467,ok,0
4246,2026-09-12,s15,-1.1623,BAD,0
4247,2026-06-11,s18,2.0681,OK,0
4248,1718426366,s31,0.2771,good,2
4249,2026-01-17,s27,3.3976,ok,1
4250,2026-03-18,s16,-6.0954,good,2
4251,1714862341,s30,-0.9502,BAD,2
4252,2026-07-10,s33,-0.1706,,0
4253,1752483675,s2,6.259,good,1
4254,2026-02-16,s34,,ok,2
4255,2026-01-13,s3,-4.6475,good,2
4256,1723132900,s35,-4.2919,,2
4257,2026-05-11,s16,5.9852,ok,1
4258,2026-07-17,s3,4.3305,good,1
4259,2026-06-19,s37,-4.2661,ok,2
4260,1764744734,s29,5.7231,,1
4261,1704318288,s8,3.376,good,1
4262,1745994372,s37,-2.7303,good,2
4263,1708911816,s29,1.5897,good,0
4264,1736685712,s23,-2.6911,,0
4265,2026-09-19,s22,0.9322,OK,0
4266,1712933977,s14,6.2516,OK,1
4267,1713062725,s10,5.4019,ok,1
4268,2026-01-15,s18,-4.9198,OK,2
4269,1758921652,s16,3.5596,,1
4270,1785288930,s37,-3.363,BAD,2
4271,1760628319,s33,,BAD,1
4272,1706078090,s35,-1.0841,BAD,2
4273,2026-04-15,s14,3.9079,good,0
4274,1730663710,s34,-6.5169,OK,2
4275,2026-09-16,s13,-1.7615,ok,0
4276,1727806387,s2,1.9436,ok,0
4277,2026-07-11,s16,7.486,BAD,1
4278,1760516144,s3,0.2039,good,0
4279,2026-03-14,s5,-2.4594,good,2
4280,1707450183,s26,-3.7112,OK,2
4281,2026-01-17,s2,-2.4473,OK,2
4282,1754861413,s10,-3.2312,BAD,2
4283,2026-09-10,s24,3.3841,OK,1
4284,1772776096,s25,-3.5476,BAD,2
4285,1720306074,s36,-2.6922,good,2
4286,1788329288,s9,1.6001,ok,0
4287,1788587380,s12,1.8196,good,0
4288,1728082619,s20,0.6113,BAD,2
4289,2026-05-19,s5,-0.8853,ok,0
4290,2026-01-14,s8,4.0889,,0
4291,1783854633,s35,0.1021,ok,1
4292,2026-02-11,s23,,OK,2
4293,2026-03-12,s33,4.2604,BAD,1
4294,1713887793,s28,1.0951,,0
4295,1728792124,s5,2.8387,,0
4296,2026-08-16,s31,-2.7066,good,2
4297,1711527053,s1,-0.4186,ok,0
4298,1750175179,s26,-2.0952,BAD,2
4299,2026-02-14,s11,-0.9911,ok,0
4300,1727484668,s20,-2.5154,OK,2
4301,1714653217,s17,-3.9742,BAD,2
4302,1733203993,s19,-2.8003,good,2
4303,1748160320,s28,3.6868,ok,1
4304,1765105545,s13,4.0545,BAD,0
4305,2026-01-15,s37,-1.9681,,2
4306,2026-03-17,s5,-0.2025,,2
4307,1723638986,s9,-0.0792,BAD,0
4308,1780346157,s11,,good,2
4309,2026-06-17,s39,4.3764,,1
4310,1714100670,s15,-4.821,good,2
4311,1784390979,s13,3.576,good,0
4312,2026-07-16,s34,-0.3424,ok,0
4313,1721631297,s3,3.8263,BAD,0
4314,1783215067,s16,-4.38,BAD,2
4315,2026-02-15,s33,-2.9281,BAD,2
4316,1716867090,s25,4.9937,good,1
4317,2026-05-13,s7,2.4963,ok,1
4318,1786912861,s33,5.9367,,1
4319,2026-07-10,s7,1.6391,ok,0
4320,2026-07-10,s5,-3.7784,OK,2
4321,2026-04-19,s7,-1.9963,,2
4322,1772611973,s3,6.1362,BAD,1
4323,1760982299,s22,-3.9994,ok,2
4324,1755475874,s11,2.0709,OK,0
4325,1768039237,s18,3.4681,ok,1
4326,1761187799,s6,1.4065,good,0
4327,1765301750,s6,3.6323,OK,1
4328,1763608051,s29,4.6572,OK,1
4329,1738831122,s26,2.1026,good,1
4330,1737414028,s37,-0.3353,BAD,2
4331,1711529412,s39,4.377,OK,1
4332,1709199717,s10,3.4849,ok,0
4333,2026-02-16,s40,-3.3013,ok,2
4334,1765826946,s12,-1.1783,ok,0
4335,2026-02-11,s17,4.562,,1
4336,2026-04-17,s17,1.653,ok,0
4337,2026-07-17,s8,-1.1736,OK,0
4338,2026-07-16,s14,-2.4089,ok,2
4339,1765444043,s5,1.3114,good,0
4340,1716982585,s6,3.6974,OK,1
4341,2026-03-19,s5,-4.0422,good,2
4342,1719789984,s6,-2.7694,,2
4343,1718740408,s16,-2.4279,good,2
4344,1759055761,s23,1.6222,good,1
4345,2026-05-12,s34,-2.657,OK,2
4346,2026-06-19,s29,1.6085,OK,0
4347,1719688442,s33,1.8058,ok,0
4348,1771001091,s23,5.4643,ok,1
4349,1737121606,s11,0.2697,BAD,0
4350,2026-01-10,s15,3.603,OK,1
4351,1756750073,s39,-3.1672,OK,2
4352,1725069160,s23,-5.8332,BAD,2
4353,2026-06-19,s22,-4.8413,,2
4354,1789246134,s32,7.1134,ok,1
4355,1776922348,s18,1.1477,good,0
4356,1733290393,s16,-1.6643,good,2
4357,2026-01-18,s34,5.9201,OK,1
4358,1725307251,s7,1.493,ok,0
4359,2026-04-15,s18,2.9879,good,1
4360,2026-08-15,s13,-4.4099,,2
4361,2026-06-10,s35,5.7101,OK,1
4362,2026-02-10,s2,6.8558,OK,1
4363,2026-05-10,s14,-4.8697,good,2
4364,1740882775,s27,-0.223,BAD,2
4365,1744434924,s27,4.7482,ok,1
4366,2026-06-17,s4,6.0608,,1
4367,2026-06-16,s22,1.2581,,0
4368,2026-02-10,s21,2.8587,ok,0
4369,2026-07-18,s1,2.7882,good,0
4370,1780220678,s3,6.8322,ok,1
4371,2026-07-19,s7,2.5161,,1
4372,2026-05-19,s37,-3.1065,,2
4373,2026-09-10,s31,-3.3868,BAD,2
4374,2026-04-18,s4,-0.5093,BAD,2
4375,1716634838,s21,-2.1351,,2
4376,1710485561,s35,-1.7547,OK,0
4377,1722332264,s21,2.1235,BAD,0
4378,2026-08-10,s17,,ok,0
4379,2026-06-10,s21,-0.3863,good,2
4380,2026-06-17,s10,3.2701,,0
4381,1758062549,s39,-4.3661,good,2
4382,1748989360,s14,,OK,2
4383,2026-05-12,s33,-3.4182,BAD,2
4384,2026-05-11,s35,2.2629,OK,1
4385,1710076682,s7,-2.3116,OK,2
4386,1707658770,s26,-3.998,,2
4387,1703535558,s25,,,2
4388,1757334816,s29,-5.1308,,2
4389,1703268441,s40,2.4212,BAD,0
4390,1705017589,s2,-2.7979,,2
4391,2026-05-17,s35,7.0123,good,1
4392,2026-04-10,s24,2.829,OK,0
4393,1711400890,s4,3.3969,good,1
4394,2026-07-11,s22,7.6864,OK,1
4395,2026-09-12,s35,2.7026,good,0
4396,1789339300,s5,-4.1513,,2
4397,1720988908,s30,2.9214,ok,0
4398,2026-09-11,s2,7.2849,good,1
4399,2026-07-13,s5,-0.4128,,0
4400,1746550259,s11,-0.9371,,2
4401,2026-04-11,s15,2.1175,ok,2
4402,2026-08-10,s16,3.2263,good,1
4403,2026-08-14,s1,5.5972,good,1
4404,2026-04-18,s37,7.5309,BAD,1
4405,1746749006,s27,-5.0373,good,2
4406,2026-01-15,s3,3.4238,,1
4407,2026-06-18,s30,-4.8491,ok,2
4408,1724164741,s35,-1.92,OK,2
4409,1743576730,s9,6.9733,OK,1
4410,2026-05-19,s13,-4.0743,ok,2
4411,1741453576,s18,4.2262,BAD,1
4412,1756945089,s18,-3.6439,good,2
4413,1726401695,s34,6.6882,ok,1
4414,1725172379,s35,-2.3263,OK,2
4415,1724302624,s26,4.2481,,0
4416,2026-09-15,s29,8.2291,,1
4417,1754530604,s26,6.2096,ok,1
4418,1788265246,s32,2.5555,ok,0
4419,2026-04-11,s20,7.7447,ok,1
4420,1744950037,s6,2.7187,,0
4421,1709131889,s32,5.1994,OK,1
4422,1775651203,s36,-1.9001,OK,2
4423,1756236254,s29,-4.0278,ok,2
4424,1709633225,s35,5.3608,,1
4425,2026-06-16,s28,,BAD,2
4426,1784011960,s30,-0.5906,ok,2
4427,1727375131,s23,4.5593,,1
4428,1715562685,s37,2.6421,good,0
4429,1753530421,s5,2.8453,BAD,0
4430,1778701654,s26,3.7745,good,0
4431,1719523081,s3,,OK,2
4432,2026-09-16,s16,6.2283,,1
4433,2026-03-15,s13,7.3195,good,1
4434,1742439429,s2,-3.2399,OK,2
4435,2026-04-11,s13,2.436,BAD,0
4436,1745819725,s39,-3.2666,OK,2
4437,2026-01-17,s32,1.7405,OK,0
4438,2026-07-15,s9,-2.2339,OK,0
4439,1776243597,s8,-1.7715,,2
4440,1729820669,s6,6.5109,good,1
4441,1735251794,s14,-4.4282,ok,2
4442,2026-04-13,s30,-1.5304,OK,2
4443,1753499027,s34,0.5206,,2
4444,2026-02-15,s4,3.5707,BAD,1
4445,2026-09-12,s19,-0.9082,ok,0
4446,2026-03-19,s11,2.4568,good,0
4447,1767589796,s20,3.8068,good,1
4448,1707507591,s4,1.1073,BAD,0
4449,2026-03-19,s9,-1.705,ok,2
4450,1753018699,s18,-2.5264,good,2
4451,2026-09-16,s25,4.1805,OK,0
4452,1714128579,s12,0.2453,good,0
4453,2026-09-15,s27,-4.6815,good,2
4454,2026-01-19,s16,0.2036,OK,1
4455,2026-08-16,s10,-5.84,BAD,2
4456,2026-04-16,s29,0.8897,OK,0
4457,1787989745,s20,3.6572,BAD,1
4458,2026-04-14,s8,5.5905,,1
4459,2026-04-13,s16,-2.3316,ok,2
4460,1785593132,s14,-3.5365,ok,2
4461,2026-03-12,s5,0.1205,,0
4462,2026-08-12,s31,-0.1876,BAD,0
4463,1768470782,s23,0.9328,ok,0
4464,1712524621,s12,-5.0641,OK,2
4465,2026-04-18,s17,2.875,OK,1
4466,1732353686,s38,2.318,,0
4467,1767756600,s9,4.2535,OK,1
4468,2026-04-17,s16,-2.3318,good,2
4469,1738939958,s29,4.8434,good,1
4470,2026-05-19,s20,-4.387,,2
4471,2026-02-10,s39,-4.9614,BAD,2
4472,2026-02-18,s32,-2.7837,ok,2
4473,1785523590,s6,-3.7759,good,2
4474,1704906584,s40,-0.0195,OK,0
4475,1717238456,s39,1.0192,good,0
4476,1789332180,s40,-2.1334,ok,2
4477,1700917603,s39,-5.7508,good,2
4478,2026-06-15,s1,-0.9694,BAD,2
4479,1773622246,s37,1.6119,OK,1
4480,1771780996,s37,4.1111,,1
4481,1771772888,s39,1.4807,,1
4482,2026-03-14,s33,4.1443,BAD,1
4483,2026-06-15,s10,4.234,BAD,0
4484,1709177230,s11,-2.9729,good,2
4485,1747584380,s33,-3.3719,ok,2
4486,1761678736,s11,3.4404,ok,1
4487,1773946719,s25,-0.9152,ok,2
4488,2026-09-10,s40,-1.4964,OK,2
4489,1784417854,s22,-4.9852,OK,2
4490,2026-09-18,s14,-3.6738,BAD,2
4491,1755001847,s20,5.859,ok,1
4492,2026-07-15,s25,-5.1702,ok,2
4493,1729350806,s36,3.6249,OK,1
4494,1754509886,s36,-3.1273,good,2
4495,1741087219,s33,4.4397,ok,1
4496,2026-07-13,s33,4.685,good,1
4497,1772067927,s37,0.2747,ok,0
4498,1779129689,s34,1.2382,ok,0
4499,1780589949,s14,5.5404,OK,1
4500,1721302621,s31,0.8485,BAD,0
4501,1747025670,s2,-7.4014,ok,2
4502,2026-03-13,s33,1.1295,ok,0
4503,2026-06-12,s13,0.5441,BAD,2
4504,2026-01-19,s3,3.7132,BAD,1
4505,2026-01-14,s35,6.4947,good,1
4506,2026-05-15,s21,3.2593,good,0
4507,2026-07-15,s3,4.9731,good,1
4508,2026-05-11,s19,4.8447,good,1
4509,2026-07-12,s13,-3.5518,,2
4510,2026-06-18,s32,-4.1699,ok,2
4511,2026-08-17,s31,3.2758,,0
4512,2026-06-10,s20,3.9077,OK,0
4513,2026-05-10,s27,-1.2401,BAD,2
4514,1712230304,s38,-0.0043,good,2
4515,1731813476,s23,1.7175,OK,0
4516,1787599497,s31,-6.7718,OK,2
4517,2026-01-10,s22,-2.2018,OK,2
4518,1705708747,s17,-2.2533,OK,2
4519,1725147928,s1,7.4309,,1
4520,1717873773,s38,0.5694,,0
4521,2026-02-17,s28,5.0188,OK,1
4522,2026-03-18,s31,-2.7778,BAD,2
4523,1736632851,s40,5.3604,ok,1
4524,1723448975,s4,-0.8557,ok,0
4525,1770397506,s8,-0.4536,ok,2
4526,1763955468,s14,1.6992,,1
4527,1721629688,s38,5.698,OK,1
4528,1760263595,s21,-1.5799,OK,2
4529,2026-03-18,s33,-1.1718,,0
4530,1775901218,s17,5.7604,,1
4531,2026-05-16,s15,2.9061,,1
4532,1739402321,s36,2.9268,,1
4533,2026-08-16,s8,2.7188,ok,1
4534,2026-04-11,s40,1.4476,BAD,0
4535,2026-01-11,s18,-4.0536,ok,0
4536,1715869640,s40,0.708,,0
4537,1751281944,s11,-0.6965,OK,2
4538,1724748417,s13,4.6507,,0
4539,1754571393,s24,-3.4869,OK,2
4540,2026-08-12,s39,2.4354,ok,0
4541,2026-02-13,s32,-0.0534,ok,0
4542,2026-06-14,s9,3.0984,ok,0
4543,1774469696,s15,-4.533,OK,2
4544,1781455182,s14,6.4439,OK,1
4545,1749679419,s31,4.9783,good,1
4546,1736385130,s18,2.0717,ok,0
4547,2026-09-18,s16,0.0459,ok,1
4548,1723815757,s27,5.6215,good,1
4549,2026-08-17,s24,-2.9605,BAD,2
4550,1776445151,s19,-3.7853,BAD,2
4551,2026-03-10,s29,3.0686,good,1
4552,1707603268,s24,2.7442,OK,1
4553,1750713087,s23,5.6721,ok,1
4554,1754389277,s33,2.3237,,1
4555,1740412400,s4,,ok,0
4556,2026-05-18,s38,5.3866,BAD,1
4557,2026-04-13,s26,-0.4898,OK,0
4558,2026-03-19,s19,-1.3204,good,0
4559,2026-04-13,s27,-3.418,good,2
4560,1729335538,s3,,OK,1
4561,2026-09-15,s17,6.0938,good,1
4562,2026-02-18,s22,-2.7258,,2
4563,2026-02-11,s7,5.056,BAD,1
4564,1734276535,s33,2.5838,,0
4565,2026-07-12,s31,-2.1355,good,2
4566,2026-08-18,s30,3.6405,OK,1
4567,1758695540,s30,0.7901,BAD,0
4568,2026-02-16,s10,4.7514,ok,1
4569,1706535097,s5,3.3341,ok,0
4570,2026-06-18,s38,0.8888,ok,0
4571,1722313319,s17,-3.7497,OK,2
4572,2026-09-17,s2,-5.103,good,2
4573,1754430023,s10,5.582,OK,1
4574,1725236540,s25,-5.3339,good,2
4575,1747503184,s26,-3.3396,BAD,2
4576,2026-07-12,s24,-4.0969,BAD,2
4577,2026-04-10,s7,1.944,,0
4578,2026-09-17,s34,2.2284,good,1
4579,1728996336,s22,-1.2659,OK,0
4580,1728802930,s35,0.6311,ok,0
4581,2026-09-13,s13,-3.8999,OK,2
4582,2026-06-15,s35,,,2
4583,2026-03-17,s4,3.5069,OK,1
4584,1755160238,s7,2.0546,good,0
4585,1733006091,s23,-4.4403,BAD,2
4586,2026-03-19,s23,-0.5223,ok,0
4587,2026-08-14,s4,3.2829,good,0
4588,2026-08-19,s16,1.4484,good,0
4589,1723142180,s19,-2.3785,,2
4590,2026-02-15,s30,2.0406,,0
4591,2026-08-12,s33,-1.8048,OK,2
4592,2026-03-17,s2,5.4401,OK,1
4593,2026-07-14,s32,6.4265,,1
4594,2026-08-19,s9,-4.1867,good,2
4595,1744732230,s1,,,2
4596,2026-05-18,s15,-4.2507,OK,2
4597,2026-03-15,s3,-0.5565,BAD,1
4598,1749439258,s19,8.1069,OK,1
4599,2026-05-17,s20,4.8272,ok,0
4600,1733768833,s34,-3.9835,BAD,2
4601,1704496377,s8,2.6143,good,1
4602,1778151573,s30,1.3134,OK,0
4603,2026-03-16,s2,2.5553,good,1
4604,1726288946,s29,-2.0841,good,2
4605,2026-01-16,s24,2.9326,ok,1
4606,2026-06-11,s16,2.7566,BAD,1
4607,1746714393,s6,6.1406,,1
4608,2026-04-11,s16,3.1582,,0
4609,2026-07-17,s2,3.2886,ok,1
4610,1760368093,s27,4.1036,OK,1
4611,2026-09-19,s38,-5.0694,OK,2
4612,2026-03-17,s10,0.3762,OK,2
4613,1704362770,s22,0.1599,good,0
4614,1762620109,s31,4.9955,ok,1
4615,1775869106,s26,7.9083,good,1
4616,2026-07-12,s23,4.8145,,1
4617,2026-04-13,s12,0.926,OK,0
4618,2026-04-18,s16,0.8753,good,0
4619,2026-04-14,s30,1.518,good,0
4620,1714320517,s14,5.2112,,1
4621,2026-07-18,s24,-1.219,ok,0
4622,2026-05-12,s4,-2.646,BAD,2
4623,1739695383,s29,1.1057,OK,0
4624,1750282621,s26,-6.9944,OK,2
4625,1749581275,s19,0.7787,OK,0
4626,1723019797,s39,5.5252,ok,1
4627,2026-04-18,s39,1.8601,good,0
4628,1723012263,s30,7.1537,good,1
4629,1735097235,s39,-1.1181,OK,0
4630,2026-07-19,s36,0.3146,BAD,0
4631,2026-09-13,s27,6.4684,OK,1
4632,2026-08-17,s16,2.0461,OK,1
4633,2026-07-12,s16,0.0953,BAD,0
4634,1722597141,s35,-2.2299,ok,0
4635,2026-05-19,s31,2.8644,ok,0
4636,2026-01-11,s31,0.5316,BAD,2
4637,1722419698,s34,3.4892,OK,1
4638,1759151694,s11,-1.8353,good,0
4639,2026-05-11,s13,-0.6799,OK,0
4640,1726870874,s29,-3.9424,ok,2
4641,1769918390,s33,-2.697,good,2
4642,1781993893,s40,3.226,OK,1
4643,1781517230,s15,,ok,0
4644,2026-08-15,s31,-1.4525,OK,0
4645,2026-09-10,s2,-1.4314,,2
4646,1766938049,s28,-0.82,good,0
4647,2026-05-13,s9,4.3252,good,1
4648,1715439724,s40,-1.9006,,2
4649,2026-02-17,s30,4.0274,ok,1
4650,1704743553,s23,,BAD,2
4651,1711232338,s39,3.5444,BAD,1
4652,2026-02-12,s28,-0.4341,good,2
4653,1758813169,s26,-1.2592,,2
4654,2026-04-10,s8,0.9661,ok,1
4655,1708695800,s12,-4.2995,ok,2
4656,1708815248,s28,-0.4647,BAD,0
4657,1740305358,s34,-3.3344,good,2
4658,2026-02-19,s30,-0.2822,OK,0
4659,1740334639,s14,5.2087,BAD,1
4660,2026-09-18,s4,-5.6121,,2
4661,1788508340,s19,7.6128,BAD,1
4662,1750455677,s1,4.1891,OK,1
4663,1729484856,s27,-2.5805,OK,0
4664,1733270176,s21,-2.547,BAD,0
4665,1728181077,s38,4.6581,good,0
4666,2026-05-16,s40,-4.0302,,2
4667,2026-09-12,s11,3.3732,,1
4668,2026-08-11,s6,4.0928,ok,1
4669,2026-07-15,s13,5.3725,,1
4670,2026-01-12,s29,4.1282,good,1
4671,2026-08-18,s16,-1.3516,ok,2
4672,2026-01-18,s40,6.829,,1
4673,1744130469,s34,-2.1264,OK,2
4674,1710091766,s26,2.7263,,0
4675,2026-02-19,s4,,ok,0
4676,1776088977,s15,-5.7342,ok,2
4677,2026-08-14,s3,1.8488,OK,0
4678,2026-02-15,s11,2.4728,OK,0
4679,2026-03-15,s4,-1.2911,OK,2
4680,1700905926,s38,-0.2648,ok,1
4681,2026-04-11,s25,2.1198,good,0
4682,2026-05-19,s39,4.7201,good,1
4683,2026-02-13,s25,4.9251,,1
4684,1749422357,s21,3.1012,OK,1
4685,1747050883,s27,-2.0265,OK,2
4686,2026-06-12,s24,-3.4302,,2
4687,1771070043,s37,8.0865,,1
4688,1784919462,s8,-7.3097,ok,2
4689,1751285850,s10,-0.2555,BAD,0
4690,2026-05-15,s29,,,1
4691,1752277158,s20,4.3723,BAD,1
4692,2026-08-10,s30,-1.9509,ok,1
4693,2026-07-12,s18,0.6871,good,0
4694,2026-04-16,s38,0.7446,OK,1
4695,1763497394,s34,-0.4843,,0
4696,2026-03-17,s35,0.3417,good,2
4697,2026-04-15,s16,2.8247,OK,1
4698,2026-02-14,s33,4.2441,,0
4699,2026-04-18,s12,3.163,good,0
4700,2026-08-11,s37,0.4369,BAD,0
4701,2026-02-12,s28,4.3013,,1
4702,2026-04-17,s9,0.9612,OK,0
4703,1776566532,s29,-3.4016,OK,2
4704,1770201180,s10,-1.0823,,0
4705,1715679423,s33,-2.7331,ok,2
4706,2026-09-10,s33,0.2238,ok,0
4707,1772077241,s5,,,0
4708,1770043768,s34,7.2608,ok,1
4709,1720948499,s14,3.8007,OK,1
4710,1785832606,s35,-0.9366,good,1
4711,2026-09-19,s33,-2.8145,OK,2
4712,2026-05-19,s11,-1.5565,OK,2
4713,1767520032,s27,-3.9422,,2
4714,2026-08-12,s29,6.2253,,1
4715,1788661581,s9,-0.8482,OK,2
4716,2026-03-19,s8,1.7308,ok,1
4717,1760578852,s25,0.6532,good,0
4718,1761911661,s13,5.0095,OK,1
4719,2026-08-19,s4,4.1599,,1
4720,1701812115,s2,3.0771,good,1
4721,2026-05-14,s40,4.7159,BAD,1
4722,2026-03-19,s14,,good,2
4723,2026-02-14,s28,3.6566,ok,1
4724,2026-08-14,s27,-1.0922,good,2
4725,2026-07-15,s31,-3.0027,OK,2
4726,2026-07-10,s16,-3.5248,,2
4727,1747689518,s37,5.2168,OK,1
4728,1716268638,s29,4.6345,OK,1
4729,2026-03-16,s32,-2.3705,good,2
4730,2026-06-14,s8,1.4061,BAD,0
4731,1731316089,s19,4.8405,good,1
4732,2026-03-18,s2,2.7008,BAD,0
4733,1763006047,s18,-2.3161,good,0
4734,1748930241,s29,-0.0532,good,0
4735,1717161908,s27,-4.6114,good,2
4736,1768392742,s37,5.7173,,1
4737,1702282765,s33,-2.8672,good,2
4738,2026-02-19,s9,6.436,ok,1
4739,2026-09-16,s27,6.9947,BAD,1
4740,2026-05-18,s18,-2.8787,OK,2
4741,2026-03-17,s5,-3.1971,OK,2
4742,2026-03-13,s25,-4.5616,ok,2
4743,1747713948,s31,6.7284,good,1
4744,1712593714,s35,6.89,BAD,1
4745,2026-03-16,s39,1.9896,BAD,0
4746,1700609301,s8,1.3413,,1
4747,2026-04-14,s8,0.5878,good,0
4748,1708945914,s20,4.9405,BAD,1
4749,1773430805,s21,-5.4951,good,2
4750,1700860214,s2,4.3021,BAD,1
4751,1702769904,s3,5.7201,,1
4752,1714193742,s39,3.0375,OK,0
4753,1737374962,s19,4.4277,,1
4754,2026-01-10,s26,-5.5899,,2
4755,2026-02-11,s22,-1.5409,OK,0
4756,1753801741,s4,2.3964,good,0
4757,1701215438,s36,-2.4298,OK,0
4758,2026-01-17,s30,-0.1305,BAD,0
4759,2026-05-11,s35,1.7548,,0
4760,1712618348,s8,-4.8884,BAD,2
4761,2026-01-14,s3,3.4664,OK,1
4762,2026-07-13,s37,6.2697,OK,1
4763,1714950967,s21,,good,0
4764,1712396598,s38,8.165,ok,1
4765,2026-01-19,s5,-2.2205,ok,2
4766,1706802603,s31,6.3658,OK,1
4767,1710051509,s28,3.8991,BAD,1
4768,2026-03-16,s27,5.5412,BAD,1
4769,1713399215,s11,5.9971,good,1
4770,1714173948,s40,-0.9016,BAD,2
4771,1700650601,s12,2.2778,,0
4772,1756047838,s33,-3.8922,ok,2
4773,1717266201,s33,-0.7206,BAD,2
4774,1720830778,s6,-0.5738,ok,0
4775,1721203077,s40,-2.0125,,2
4776,1747449205,s1,-4.1834,ok,2
4777,2026-09-19,s37,-1.5375,OK,0
4778,2026-09-18,s13,2.0402,BAD,0
4779,2026-08-19,s10,3.9274,ok,1
4780,1710365358,s37,5.2259,BAD,0
4781,2026-08-10,s34,2.8862,ok,1
4782,1778061646,s35,-2.8231,ok,0
4783,1746347558,s34,-2.8256,BAD,2
4784,2026-06-18,s28,0.1343,,1
4785,2026-02-10,s15,6.8427,,1
4786,2026-06-12,s14,-1.0667,ok,0
4787,2026-04-10,s22,3.3562,,0
4788,2026-03-11,s10,1.1416,,0
4789,1755381500,s23,4.4618,good,1
4790,1727604327,s34,-0.8284,,2
4791,2026-06-16,s34,0.6256,BAD,0
4792,1786998679,s8,-2.7661,OK,2
4793,1707389999,s21,2.1809,good,0
4794,2026-06-12,s5,-4.4447,ok,2
4795,2026-08-15,s10,4.277,,1
4796,2026-05-13,s30,-4.4292,good,2
4797,1788793306,s8,4.1971,ok,1
4798,2026-03-19,s6,2.9885,BAD,0
4799,1722125488,s21,-1.814,,2
4800,2026-04-16,s6,5.7776,ok,0
4801,2026-02-11,s5,-2.3955,ok,2
4802,1770352047,s17,3.5854,ok,1
4803,2026-02-15,s6,-8.2874,BAD,2
4804,2026-03-17,s22,,BAD,0
4805,1781596509,s12,,OK,2
4806,1722118521,s29,6.1605,good,1
4807,1733506175,s23,-2.0429,,2
4808,1735687044,s13,1.8864,ok,1
4809,2026-01-16,s5,3.4366,OK,1
4810,1734717709,s22,-4.0111,,2
4811,1778803259,s36,-2.2886,OK,2
4812,2026-07-14,s13,-3.3213,ok,2
4813,2026-03-16,s8,0.0758,good,0
4814,1754379573,s13,2.9826,,0
4815,2026-08-15,s22,1.0417,,0
4816,2026-06-10,s21,-0.409,BAD,0
4817,1754190533,s13,0.7622,BAD,1
4818,2026-02-16,s12,6.4762,good,1
4819,1713578157,s36,-0.4879,BAD,0
4820,1722528846,s38,0.1759,good,0
4821,1780511623,s19,5.7376,good,1
4822,2026-09-19,s13,-1.0833,,2
4823,1725429731,s39,-4.927,ok,2
4824,2026-05-12,s19,-1.1915,good,0
4825,2026-07-13,s3,10.1309,,1
4826,1787000206,s23,5.8261,,1
4827,1737418239,s3,-5.2222,BAD,2
4828,2026-08-14,s15,-1.882,BAD,2
4829,1714593033,s39,2.0505,,0
4830,1751002435,s11,4.7119,,1
4831,2026-01-17,s13,1.3347,good,0
4832,1776602621,s7,-5.1769,,2
4833,2026-02-18,s15,-7.6817,BAD,2
4834,1734797882,s33,4.4035,BAD,1
4835,2026-08-16,s34,0.3821,,0
4836,2026-04-10,s34,-1.978,good,2
4837,1785496776,s29,-0.1117,BAD,0
4838,2026-04-10,s24,0.4289,,0
4839,1711096490,s39,-1.6533,BAD,2
4840,1782599894,s12,-0.0529,OK,2
4841,2026-06-19,s24,5.985,BAD,1
4842,2026-05-18,s21,3.2649,BAD,1
4843,1755272199,s1,-4.6854,BAD,2
4844,1767996747,s6,-6.0031,ok,2
4845,1726380834,s8,7.788,,1
4846,1737252524,s40,-4.2818,,2
4847,2026-05-10,s25,-0.4941,,0
4848,1732132004,s27,-2.8587,ok,0
4849,1764395990,s4,-0.7665,BAD,0
4850,1710533502,s6,5.1048,ok,1
4851,2026-08-13,s14,-4.3308,BAD,2
4852,1733496520,s1,7.8231,,1
4853,1774455248,s30,2.2833,good,0
4854,2026-09-11,s12,8.1714,BAD,1
4855,1702776056,s30,7.1224,ok,1
4856,1760936965,s32,0.6373,OK,1
4857,2026-05-13,s17,2.7723,OK,1
4858,2026-01-18,s23,6.0912,ok,1
4859,1725075425,s37,-3.1331,,2
4860,2026-01-15,s30,-1.3975,good,0
4861,1749307529,s18,3.2609,BAD,1
4862,2026-08-12,s18,-3.7387,BAD,2
4863,2026-04-11,s28,-1.142,OK,2
4864,1732300863,s28,-2.0165,,2
4865,1785431682,s7,-3.2756,BAD,2
4866,2026-02-12,s37,-2.8945,,2
4867,1741599360,s12,-2.5421,good,2
4868,2026-06-17,s4,,OK,0
4869,1749409864,s31,1.4337,BAD,2
4870,1706965266,s21,-1.199,,0
4871,1775224686,s7,-3.1786,good,2
4872,2026-03-17,s16,5.6377,ok,1
4873,1717309569,s29,2.4282,BAD,0
4874,1710420858,s38,5.0791,BAD,1
4875,2026-07-19,s6,0.6653,good,0
4876,1754457380,s20,2.7666,OK,1
4877,2026-05-18,s29,0.4865,,0
4878,2026-09-12,s37,4.4185,BAD,1
4879,2026-02-12,s30,5.2766,OK,1
4880,2026-06-13,s31,3.4039,ok,1
4881,2026-04-15,s12,3.6097,ok,1
4882,2026-04-14,s31,2.1011,OK,0
4883,2026-08-16,s25,4.0269,good,0
4884,2026-07-15,s6,1.6946,,0
4885,2026-01-19,s2,-1.1085,BAD,0
4886,1736160298,s21,-0.306,,0
4887,1784435798,s2,2.8506,BAD,0
4888,1714664427,s33,2.6696,ok,0
4889,1742222899,s12,-2.4368,OK,2
4890,1783478824,s4,6.7,good,1
4891,1783766751,s22,1.383,OK,1
4892,2026-02-19,s3,,,0
4893,2026-09-19,s31,1.7588,good,1
4894,2026-04-19,s24,6.4289,OK,1
4895,1700146847,s8,2.4447,,0
4896,1723014609,s39,2.2235,good,0
4897,1751360781,s24,6.0659,good,1
4898,1789247286,s31,,ok,1
4899,2026-05-12,s21,-5.4207,good,2
4900,2026-09-13,s31,3.8947,ok,1
4901,2026-07-15,s38,-0.0403,,0
4902,1765858075,s12,6.9937,ok,1
4903,2026-03-14,s11,0.7925,BAD,0
4904,1749294489,s31,6.9207,,1
4905,2026-06-18,s12,-0.86,good,0
4906,2026-06-13,s26,-2.5985,OK,2
4907,1707108167,s39,-1.798,BAD,2
4908,1781635316,s29,-2.0539,BAD,2
4909,1779985954,s27,-2.8815,OK,0
4910,2026-06-13,s38,-4.1689,,2
4911,2026-07-16,s22,-0.3537,OK,2
4912,2026-07-12,s8,-2.3921,ok,2
4913,2026-09-12,s12,2.5321,ok,1
4914,2026-08-16,s38,-2.1683,BAD,0
4915,1730404919,s23,2.6252,ok,1
4916,1706858590,s4,-0.7179,,0
4917,2026-09-14,s2,-4.0477,OK,2
4918,1788369366,s27,-4.0939,BAD,2
4919,1725196963,s22,5.8201,ok,1
4920,1739352399,s9,6.4357,good,1
4921,1735421809,s11,-1.4437,BAD,0
4922,1747174306,s37,1.2462,ok,0
4923,2026-01-15,s23,2.1329,good,1
4924,2026-05-11,s6,0.8328,BAD,0
4925,1748255328,s36,0.6615,good,0
4926,2026-03-16,s8,,BAD,0
4927,2026-01-18,s22,-5.8202,BAD,2
4928,2026-03-10,s9,-2.8052,,2
4929,1756016549,s1,-0.2114,BAD,0
4930,2026-09-10,s35,-3.7355,ok,2
4931,1700380704,s34,0.3388,good,2
4932,1717557512,s8,-1.6767,ok,2
4933,2026-03-14,s22,4.9231,BAD,1
4934,1755191527,s22,-2.9262,BAD,0
4935,2026-06-10,s15,5.0183,OK,1
4936,1752865370,s26,6.7252,good,1
4937,2026-07-16,s3,-4.984,BAD,2
4938,1744843538,s8,-1.992,good,2
4939,1721610596,s15,1.1515,,0
4940,1730169607,s21,1.4152,ok,1
4941,1722945989,s17,3.8665,OK,1
4942,1754546814,s13,4.1642,OK,1
4943,2026-09-18,s19,-0.9499,OK,2
4944,1754734874,s5,-1.2126,OK,0
4945,1707567014,s29,4.3458,,1
4946,2026-02-17,s10,5.748,good,1
4947,2026-03-14,s12,0.2037,OK,0
4948,2026-03-17,s12,3.1247,OK,1
4949,1764602600,s22,1.9897,ok,1
4950,1704397896,s17,-2.8471,,2
4951,1757778524,s37,5.5848,OK,1
4952,1789697183,s8,2.7136,,0
4953,2026-05-15,s34,4.0885,BAD,1
4954,1700844675,s14,-2.8449,BAD,2
4955,1747992100,s39,-2.7548,ok,2
4956,2026-06-12,s25,0.0278,,0
4957,2026-02-15,s19,-1.5223,BAD,2
4958,2026-08-14,s13,-0.7267,BAD,2
4959,2026-07-19,s13,,OK,1
4960,2026-03-15,s36,-0.7214,ok,0
4961,1703995453,s26,3.0504,good,1
4962,1707801641,s8,-0.3105,BAD,0
4963,1704409857,s21,-1.5703,good,2
4964,2026-01-18,s5,5.5186,OK,1
4965,2026-07-18,s38,-2.0488,BAD,2
4966,1753168456,s7,-3.7233,good,2
4967,1772113245,s18,-3.5064,OK,2
4968,1730445402,s26,-5.4346,,2
4969,2026-03-13,s10,-1.3629,BAD,0
4970,1736518911,s37,0.8632,,0
4971,2026-05-13,s31,5.1169,,1
4972,1731455675,s7,1.0054,good,0
4973,2026-01-16,s27,-6.0654,ok,2
4974,1724946931,s10,2.4658,OK,0
4975,2026-06-14,s28,5.9492,good,1
4976,2026-09-15,s29,-4.5095,OK,2
4977,2026-08-11,s2,1.2556,good,0
4978,1762726896,s4,-0.2054,,0
4979,2026-03-19,s1,4.6461,BAD,1
4980,2026-05-13,s18,-0.2731,ok,0
4981,2026-02-15,s28,-3.7676,good,2
4982,1789678518,s12,5.0088,,1
4983,2026-05-13,s18,4.0312,good,1
4984,2026-06-10,s34,2.4406,OK,0
4985,1729155681,s5,-5.576,BAD,2
4986,2026-04-10,s29,2.7683,good,1
4987,2026-02-12,s30,1.8394,good,2
4988,2026-08-14,s8,-3.2489,ok,2
4989,1750768853,s9,-2.6723,,2
4990,2026-08-17,s1,-5.0147,BAD,2
4991,2026-07-14,s27,-2.9456,BAD,0
4992,2026-01-12,s31,-1.512,good,2
4993,2026-06-17,s31,0.5739,good,0
4994,1731973770,s18,-4.7689,ok,2
4995,1709705508,s25,8.3104,,1
4996,2026-06-16,s11,-2.0935,,2
4997,1759542077,s18,-3.5818,good,2
4998,2026-03-18,s2,1.0178,good,0
4999,1763685488,s34,0.1671,BAD,0
5000,2026-07-15,s2,5.1769,BAD,1
5001,2026-03-19,s17,3.8944,BAD,1
5002,1776674591,s17,-4.8452,,2
5003,2026-04-16,s38,-0.123,OK,0
5004,2026-07-13,s6,0.3161,,0
5005,1765623999,s37,-2.0412,,0
5006,2026-04-13,s36,0.4826,,0
5007,1787177695,s33,-2.6911,ok,2
5008,2026-06-16,s33,2.4338,BAD,2
5009,2026-02-19,s7,2.1367,BAD,0
5010,1755490306,s7,0.8922,,0
5011,2026-08-11,s7,7.9728,good,1
5012,2026-05-12,s7,1.8041,ok,1
5013,2026-02-11,s37,-3.4029,OK,2
5014,2026-08-14,s10,1.7966,BAD,1
5015,2026-08-11,s31,0.0423,,2
5016,1788952972,s17,2.9675,OK,1
5017,1712653005,s35,-2.3626,ok,2
5018,2026-02-13,s26,-4.9341,OK,2
5019,1743644913,s30,-1.1352,good,2
5020,1715907758,s29,-2.4482,OK,2
5021,2026-04-17,s29,-1.9777,good,2
5022,2026-08-15,s22,-3.7952,ok,2
5023,2026-03-11,s23,3.77,OK,1
5024,2026-04-15,s38,-1.6298,,2
5025,2026-02-18,s22,-2.7806,BAD,2
5026,1775073540,s32,-5.0274,OK,2
5027,2026-08-14,s17,4.8294,,0
5028,2026-01-16,s8,5.2752,ok,1
5029,1716889914,s2,0.501,good,0
5030,1769347476,s4,-3.0303,good,2
5031,2026-05-14,s22,5.4721,OK,1
5032,1778129684,s6,1.697,ok,1
5033,1748088314,s8,7.2259,BAD,1
5034,1743943036,s4,1.1352,,0
5035,1730162832,s28,1.6987,BAD,1
5036,2026-05-18,s9,-1.1386,BAD,0
5037,2026-03-11,s15,-0.254,,0
5038,2026-09-11,s3,1.9401,OK,1
5039,2026-06-18,s8,-3.8396,ok,2
5040,2026-02-15,s6,-1.0135,,2
5041,2026-06-13,s28,3.6834,BAD,1
5042,2026-05-10,s22,1.525,good,1
5043,1786266172,s40,6.0568,ok,1
5044,1718385553,s35,-1.3293,,0
5045,2026-04-16,s7,-3.4179,OK,2
5046,2026-09-13,s21,-4.2469,ok,2
5047,2026-09-14,s1,4.7838,OK,1
5048,2026-06-11,s8,2.5296,BAD,0
5049,1743878281,s28,,ok,1
5050,1716755268,s36,-0.4154,good,0
5051,2026-02-10,s24,8.4693,OK,1
5052,1710580956,s20,,BAD,0
5053,1748690806,s18,2.8745,BAD,0
5054,1747615726,s28,1.4235,BAD,0
5055,1718666348,s13,-2.4723,ok,2
5056,2026-09-13,s8,3.0142,BAD,1
5057,2026-06-17,s29,2.7686,BAD,0
5058,1741040427,s39,2.5003,BAD,1
5059,1706478452,s24,-3.9642,,2
5060,2026-05-19,s38,7.603,,1
5061,1703753270,s5,-2.8674,BAD,2
5062,2026-08-18,s36,3.2941,,0
5063,1712465279,s14,2.2877,,0
5064,1757885664,s32,2.5431,ok,0
5065,1736860805,s6,-2.0887,good,0
5066,1706619683,s5,1.6745,ok,0
5067,1726695618,s16,-1.7041,ok,2
5068,2026-02-13,s27,5.5529,OK,1
5069,1743110330,s13,-2.4666,OK,2
5070,2026-07-16,s14,0.0203,,0
5071,1761434816,s28,-3.4555,OK,2
5072,2026-01-13,s10,4.6401,,1
5073,2026-05-13,s33,-0.7223,OK,0
5074,1731401629,s21,-1.2123,good,0
5075,2026-01-15,s37,5.7178,,1
5076,2026-07-19,s12,1.903,ok,0
5077,1745491422,s36,4.0956,OK,1
5078,1770495119,s34,,ok,0
5079,2026-03-14,s20,-0.7454,OK,0
5080,2026-03-11,s15,1.6896,ok,0
5081,2026-04-14,s11,,OK,1
5082,1747964936,s39,4.4844,good,0
5083,2026-08-11,s9,0.9812,BAD,1
5084,2026-06-15,s1,4.6315,good,1
5085,2026-08-18,s4,-4.4139,ok,2
5086,2026-04-18,s39,-0.2443,,2
5087,2026-07-16,s2,-4.4471,BAD,0
5088,2026-05-11,s39,-3.566,OK,2
5089,1768952191,s22,-1.0031,OK,2
5090,1723972672,s2,-5.1377,OK,2
5091,2026-08-18,s14,-1.0293,,2
5092,1723225743,s26,0.4511,BAD,0
5093,2026-05-18,s34,-5.0486,good,2
5094,1748725959,s10,1.5189,ok,0
5095,2026-04-15,s9,4.125,OK,1
5096,2026-04-11,s3,6.758,good,1
5097,2026-02-19,s40,-4.5078,BAD,2
5098,1783512467,s30,-0.1349,ok,0
5099,2026-02-10,s35,-3.6516,BAD,2
5100,2026-09-11,s14,0.9169,good,0
5101,2026-01-13,s24,-1.9006,,0
5102,1732475051,s30,5.1817,OK,1
5103,1749554601,s23,-1.2253,good,2
5104,1742788768,s2,3.5403,good,0
5105,2026-02-16,s38,-4.2253,,2
5106,2026-07-18,s9,3.1876,OK,1
5107,1743834048,s29,-3.9827,good,2
5108,1701748350,s5,-2.8274,good,2
5109,2026-03-11,s24,-3.2722,BAD,2
5110,2026-02-10,s5,-1.4852,OK,0
5111,2026-03-10,s29,-0.1808,OK,0
5112,2026-02-14,s25,6.2579,ok,1
5113,1708175185,s36,-2.4697,OK,2
5114,1756025174,s3,5.9058,OK,1
5115,1759432075,s34,-1.217,ok,0
5116,1738742657,s34,5.0238,OK,1
5117,1712945846,s25,,BAD,2
5118,1727402809,s32,1.1383,OK,0
5119,1703389510,s31,-0.5993,,0
5120,1779650991,s23,1.8471,ok,0
5121,2026-07-10,s39,4.8795,OK,1
5122,2026-01-10,s7,,ok,1
5123,2026-09-15,s25,3.8942,,1
5124,1739992535,s32,-1.6431,BAD,2
5125,1710944154,s1,2.3051,OK,2
5126,2026-05-16,s19,-3.5937,,2
5127,2026-04-18,s32,-3.3648,ok,2
5128,1721148785,s31,-1.135,BAD,0
5129,1759243460,s29,-4.501,ok,2
5130,1742882929,s27,0.0766,ok,0
5131,2026-02-17,s26,-4.2173,,2
5132,2026-08-19,s36,4.4284,good,1
5133,2026-07-17,s4,2.0912,OK,1
5134,1722458374,s37,-3.1336,BAD,2
5135,1738070418,s3,2.3269,OK,0
5136,1710250847,s24,2.8802,,0
5137,1710730518,s21,-3.4585,BAD,2
5138,1771868566,s28,1.3029,ok,0
5139,2026-09-15,s29,4.8444,ok,1
5140,2026-05-14,s36,-3.8406,,2
5141,2026-01-10,s34,5.4776,OK,0
5142,2026-02-13,s6,1.4405,BAD,0
5143,2026-05-10,s10,0.9466,good,0
5144,1782790979,s14,-2.1657,OK,2
5145,1724032245,s37,-2.6816,,2
5146,2026-02-13,s2,0.6368,,0
5147,2026-09-18,s11,5.7668,ok,1
5148,2026-08-18,s7,2.4193,BAD,0
5149,1782863934,s5,-2.8512,good,2
5150,1745209465,s2,3.7261,ok,1
5151,2026-01-16,s18,2.718,good,1
5152,1751334442,s28,0.3205,BAD,2
5153,2026-09-10,s17,3.2352,,1
5154,2026-07-17,s22,6.4587,ok,1
5155,1727847141,s3,-1.3693,OK,0
5156,1757689833,s33,-2.9069,BAD,2
5157,2026-08-10,s1,1.2437,BAD,1
5158,2026-05-13,s11,-1.2123,good,0
5159,2026-01-13,s33,-1.9175,BAD,2
5160,2026-08-12,s3,,,0
5161,1763101205,s21,-1.9134,OK,0
5162,1701172694,s36,-5.4264,,2
5163,2026-06-16,s20,-0.5142,,0
5164,2026-07-12,s13,2.8792,good,0
5165,2026-08-15,s13,-5.9774,OK,2
5166,2026-05-11,s7,1.0024,BAD,1
5167,2026-07-14,s16,-5.7718,,2
5168,2026-05-14,s22,-2.4215,,2
5169,2026-09-11,s12,2.6962,,1
5170,1706695023,s27,3.0495,OK,1
5171,2026-05-17,s39,-1.0915,good,2
5172,1725159101,s34,1.2765,,0
5173,2026-06-16,s13,-4.8788,OK,2
5174,1753656979,s24,3.7147,good,1
5175,2026-04-10,s38,-3.783,ok,2
5176,2026-02-19,s25,4.8613,,1
5177,1715587376,s39,5.6692,BAD,1
5178,1736471095,s6,-1.3955,OK,2
5179,2026-05-10,s10,-0.0949,ok,0
5180,2026-01-19,s15,1.5125,,0
5181,1782917846,s18,0.3278,,0
5182,1760632254,s15,1.8246,OK,0
5183,1763706029,s36,3.2796,,0
5184,1761788696,s27,4.319,OK,1
5185,1770832308,s17,0.1619,ok,0
5186,1786124638,s36,0.6295,BAD,0
5187,2026-09-11,s26,0.8536,BAD,0
5188,2026-01-10,s6,-6.1254,good,2
5189,1758209850,s24,1.0073,good,0
5190,2026-06-19,s38,3.1963,good,1
5191,2026-01-19,s37,5.05,BAD,1
5192,1719392732,s7,4.9696,ok,1
5193,2026-05-18,s26,-1.7388,good,0
5194,1734660441,s21,3.042,ok,0
5195,1737538543,s40,4.4946,BAD,0
5196,2026-03-10,s29,3.9645,OK,1
5197,1712092290,s35,8.4583,OK,0
5198,2026-04-19,s4,-2.6049,good,0
5199,2026-09-18,s37,3.5516,BAD,1
5200,2026-02-16,s7,,OK,2
5201,1743160699,s1,-3.5542,OK,2
5202,2026-05-14,s7,-2.7283,BAD,2
5203,1704572435,s8,-2.9311,OK,2
5204,1729287380,s10,-2.6881,ok,0
5205,2026-03-11,s33,2.2694,BAD,1
5206,1757264816,s10,-4.8462,OK,2
5207,1717669741,s8,-6.4801,BAD,2
5208,1721549896,s1,-1.1847,ok,2
5209,1769314484,s13,,OK,0
5210,2026-03-18,s8,-1.4825,,2
5211,1750975970,s9,-0.8209,BAD,0
5212,1701998310,s17,-3.3503,good,2
5213,1762789112,s20,3.1705,OK,1
5214,2026-05-19,s7,-0.0496,OK,0
5215,2026-06-16,s28,8.3678,OK,1
5216,2026-08-12,s19,-7.0973,good,2
5217,1716190267,s23,2.0208,,0
5218,2026-07-19,s21,4.4917,OK,1
5219,1701595005,s29,5.6414,OK,1
5220,2026-01-13,s1,-0.0735,good,0
5221,2026-05-14,s6,3.0692,OK,1
5222,1780956547,s37,-3.2212,,2
5223,2026-09-14,s30,-0.4786,ok,0
5224,2026-06-15,s29,,ok,2
5225,1730447148,s23,-4.1059,OK,2
5226,1778165421,s9,-5.6406,ok,2
5227,1701704445,s7,-3.1653,good,2
5228,2026-06-11,s39,-4.6931,ok,2
5229,1781409254,s39,-2.4827,ok,2
5230,1734527418,s36,3.0183,BAD,0
5231,2026-08-17,s35,0.6503,good,0
5232,2026-05-13,s19,-4.7191,good,2
5233,2026-06-19,s23,-1.6566,,2
5234,1752948468,s3,1.0483,BAD,1
5235,1704043613,s6,-2.792,,2
5236,2026-08-16,s38,-1.4236,OK,2
5237,2026-07-16,s7,-1.4455,OK,2
5238,1725329313,s33,4.8682,BAD,1
5239,1703330091,s32,5.5086,OK,1
5240,2026-08-19,s5,7.253,ok,1
5241,1728494293,s21,0.8054,BAD,0
5242,2026-02-12,s31,2.6971,ok,1
5243,2026-05-18,s36,1.722,BAD,0
5244,1774525755,s25,-4.5764,OK,2
5245,1785394123,s16,1.547,,1
5246,1763179022,s27,-0.5249,ok,1
5247,1773982222,s34,-5.005,good,2
5248,1701430157,s27,,OK,0
5249,1733482940,s3,,ok,0
5250,1745397898,s3,0.5659,OK,0
5251,2026-07-19,s28,-2.2114,,0
5252,1750026106,s36,-2.5081,good,2
5253,2026-01-19,s35,1.59,good,0
5254,1760185964,s19,-1.9536,,2
5255,2026-07-19,s4,-1.8002,ok,2
5256,2026-01-19,s22,-4.8768,OK,2
5257,1727813074,s29,0.1091,good,0
5258,1706310164,s3,-1.8496,ok,0
5259,1706125871,s35,-1.65,good,2
5260,1777771436,s34,3.0511,,0
5261,1705697142,s22,7.0837,BAD,1
5262,2026-03-14,s35,1.5519,BAD,0
5263,2026-09-18,s23,-2.9287,BAD,0
5264,1752007046,s4,0.5766,good,0
5265,2026-06-16,s31,1.3782,,0
5266,1714175128,s35,5.3186,OK,1
5267,2026-03-14,s2,5.0001,good,1
5268,1749861696,s18,-0.7754,ok,0
5269,2026-03-16,s8,-3.0285,,2
5270,1783221348,s39,-1.5113,ok,0
5271,2026-05-19,s2,0.332,good,0
5272,2026-08-19,s36,-3.7842,BAD,2
5273,2026-05-17,s17,-1.0583,good,2
5274,2026-09-16,s10,-0.3184,,2
5275,2026-03-13,s23,-1.4128,BAD,2
5276,1765905645,s32,0.8705,BAD,0
5277,1702162512,s14,1.7656,ok,0
5278,2026-07-10,s7,,BAD,1
5279,2026-06-13,s25,5.9926,good,1
5280,2026-01-15,s33,2.602,good,0
5281,2026-01-12,s39,5.9892,good,1
5282,2026-09-10,s26,0.1086,OK,0
5283,2026-07-18,s5,-0.5143,OK,0
5284,1754201783,s33,-3.9622,BAD,2
5285,2026-02-12,s16,-1.9611,,2
5286,2026-09-19,s19,1.7713,,1
5287,2026-03-14,s9,-2.6781,OK,0
5288,2026-03-19,s11,1.4287,good,0
5289,1727082315,s8,0.4673,OK,0
5290,2026-01-10,s9,1.7279,,0
5291,1739349808,s12,-4.986,,2
5292,1789397515,s5,1.0741,BAD,0
5293,2026-07-15,s38,3.0112,ok,0
5294,2026-02-12,s35,-4.0087,BAD,2
5295,1773131829,s2,1.9864,OK,0
5296,1736597651,s3,-3.0201,ok,2
5297,1741338735,s33,1.6807,,0
5298,1724298995,s37,5.8413,BAD,1
5299,1734680373,s32,2.6297,BAD,1
5300,2026-05-15,s5,,good,2
5301,1752561767,s32,5.8973,ok,1
5302,2026-03-12,s12,6.4508,OK,0
5303,1762950200,s5,5.0834,BAD,1
5304,1728234719,s20,1.9328,,1
5305,1775372777,s3,-1.8741,good,0
5306,1722718282,s33,9.5121,,1
5307,2026-04-12,s36,1.8814,ok,0
5308,1750260687,s38,-3.9501,,2
5309,1773544689,s3,3.4936,BAD,1
5310,2026-06-18,s19,1.3314,good,0
5311,2026-08-17,s32,5.7832,ok,1
5312,2026-06-19,s21,-1.8206,OK,2
5313,1701084681,s7,0.2394,BAD,0
5314,2026-08-16,s14,1.4992,good,0
5315,1725098604,s16,0.4854,good,0
5316,1750728533,s31,3.0121,OK,0
5317,1711559163,s2,6.5049,ok,1
5318,2026-07-15,s21,-0.3668,good,0
5319,1754826972,s27,-4.957,good,2
5320,1721433445,s25,0.6377,ok,0
5321,1710699371,s34,-3.3404,good,2
5322,1770792905,s36,-1.2667,,2
5323,2026-03-15,s13,-1.3582,OK,0
5324,1722311629,s36,-5.1977,ok,2
5325,2026-02-16,s29,1.3264,good,2
5326,1733629812,s7,3.7859,OK,1
5327,2026-05-10,s26,-2.5154,,0
5328,1759245565,s34,1.6076,OK,0
5329,2026-07-14,s2,3.9816,BAD,1
5330,1711011741,s23,7.1817,ok,1
5331,2026-05-18,s24,-1.1756,good,2
5332,1780061076,s33,3.3533,BAD,0
5333,1773315245,s1,5.6473,OK,1
5334,1761444926,s33,-1.6323,ok,0
5335,1705060685,s36,-3.2066,OK,2
5336,1753960145,s2,6.5263,ok,1
5337,1774598347,s34,9.313,BAD,1
5338,1716086673,s20,1.9797,,0
5339,1784524529,s6,1.9445,,1
5340,1778754392,s10,4.0576,OK,1
5341,1725601454,s36,3.2669,,1
5342,2026-02-19,s20,-3.1439,ok,2
5343,1714803133,s8,-4.1687,good,2
5344,2026-01-10,s30,4.2001,,1
5345,2026-03-16,s37,-2.8265,BAD,2
5346,1718691703,s24,-0.0837,,2
5347,2026-07-10,s36,-2.4874,OK,2
5348,1760355430,s2,5.4716,ok,1
5349,1721268446,s6,-0.6137,BAD,2
5350,2026-07-11,s10,3.7835,ok,0
5351,1746214732,s28,1.1998,ok,0
5352,1757560210,s28,5.2591,OK,1
5353,2026-08-15,s37,-0.8874,BAD,2
5354,2026-06-13,s4,6.531,BAD,1
5355,1772648046,s16,5.0968,BAD,1
5356,2026-06-17,s34,1.3445,,0
5357,2026-09-13,s18,-5.1126,BAD,2
5358,1775053967,s30,-1.6229,BAD,2
5359,1786212674,s36,-1.2021,,2
5360,1771817011,s38,7.4004,good,1
5361,2026-08-11,s34,3.0972,ok,0
5362,1706745788,s17,,ok,1
5363,1743599569,s39,4.7249,good,1
5364,2026-01-17,s34,-0.1313,OK,0
5365,1707599951,s13,3.0146,,1
5366,1700644927,s22,-5.8565,good,2
5367,1725037524,s38,-0.3986,ok,0
5368,1763519890,s39,3.0143,ok,0
5369,1785726152,s36,3.7112,,1
5370,2026-09-18,s15,-0.2645,OK,0
5371,1745162143,s7,5.4769,good,1
5372,2026-06-17,s27,1.9848,OK,0
5373,2026-05-10,s21,0.7388,OK,0
5374,1772364745,s9,3.3838,,0
5375,1736960166,s35,-3.3008,,2
5376,1727831612,s3,0.8036,BAD,0
5377,1735525720,s20,-4.1682,OK,2
5378,2026-07-10,s6,-1.1463,good,0
5379,2026-04-12,s23,4.0999,ok,1
5380,1704275004,s36,5.5586,ok,1
5381,1781838927,s11,-3.5015,ok,2
5382,1725506678,s12,2.4675,OK,0
5383,1719164319,s6,-2.3211,OK,2
5384,1701826730,s6,-1.7325,ok,2
5385,2026-04-15,s22,2.503,,0
5386,2026-06-17,s6,3.3733,BAD,1
5387,2026-06-11,s25,3.6976,,1
5388,2026-09-19,s14,3.7334,good,1
5389,1759469555,s13,-3.3659,,2
5390,2026-05-17,s21,-2.4528,,2
5391,1778500431,s19,5.9663,,1
5392,2026-04-19,s7,4.541,,0
5393,2026-07-18,s21,0.6141,ok,0
5394,1783569583,s22,2.5712,BAD,1
5395,1787325558,s6,1.0455,ok,1
5396,2026-09-17,s19,3.2747,,1
5397,2026-06-15,s7,,OK,1
5398,1731619491,s4,-5.2556,BAD,2
5399,1713728538,s21,-1.0035,OK,2
5400,2026-05-11,s12,-3.5324,good,2
5401,2026-05-11,s38,-7.0179,ok,2
5402,1723948553,s36,0.4057,,0
5403,2026-02-12,s7,1.0351,BAD,0
5404,2026-03-11,s16,2.6175,good,0
5405,2026-04-15,s24,0.3735,BAD,2
5406,2026-03-16,s4,2.1845,OK,1
5407,2026-05-11,s5,-0.2907,,0
5408,2026-05-18,s11,-1.819,,2
5409,1768596163,s14,0.4205,good,2
5410,1755064127,s26,-0.7128,ok,0
5411,1741477622,s20,1.6279,ok,0
5412,1753797555,s2,-0.113,OK,0
5413,2026-04-15,s32,-0.1955,BAD,2
5414,1729114727,s16,1.509,ok,0
5415,1725430606,s19,-1.2273,BAD,0
5416,2026-06-12,s37,5.9382,ok,1
5417,1737000794,s33,3.3667,BAD,0
5418,1775715883,s21,4.4784,BAD,1
5419,1736861247,s5,-2.2181,good,2
5420,2026-07-16,s10,4.6251,good,1
5421,2026-09-12,s27,2.8315,,1
5422,1767381635,s20,1.2403,,0
5423,2026-04-16,s23,-4.111,,2
5424,1702402468,s32,-1.174,,0
5425,2026-03-15,s26,3.3732,BAD,1
5426,1759288255,s29,2.8809,,1
5427,1750801250,s12,-5.1015,OK,2
5428,1751460579,s4,2.9763,BAD,1
5429,2026-06-10,s2,-2.9382,good,2
5430,2026-01-13,s33,7.078,ok,1
5431,1720540176,s32,1.7253,OK,1
5432,1785539287,s9,,good,2
5433,2026-05-13,s20,6.4027,BAD,1
5434,2026-01-19,s8,3.6362,,1
5435,1744550449,s39,-4.1715,good,0
5436,1727814499,s20,2.8716,BAD,1
5437,1789485336,s20,5.6619,,1
5438,2026-06-10,s9,,BAD,0
5439,1758561130,s11,3.523,,1
5440,2026-02-17,s10,1.2573,good,1
5441,2026-07-18,s35,4.5212,OK,1
5442,1733593078,s12,-0.2314,good,0
5443,1729264827,s19,-0.0174,ok,0
5444,2026-06-14,s6,4.5435,,1
5445,2026-01-14,s32,-5.0456,OK,2
5446,1770391779,s6,-1.7177,ok,0
5447,1784537971,s1,-0.317,OK,0
5448,2026-01-18,s13,0.7886,ok,0
5449,2026-09-10,s36,6.1916,ok,1
5450,1740155673,s20,3.9621,,0
5451,2026-03-17,s36,0.6291,OK,0
5452,2026-02-16,s21,6.9899,good,1
5453,1755021491,s40,-1.8117,,2
5454,1724678313,s7,,ok,2
5455,1739002039,s17,1.297,ok,0
5456,1743831841,s37,-2.172,OK,2
5457,1762061937,s33,4.3394,good,1
5458,1775034963,s32,,OK,1
5459,1759114928,s29,5.2398,,1
5460,2026-04-18,s21,1.4817,good,0
5461,1732210013,s34,-1.2378,BAD,0
5462,1738317983,s39,1.231,,0
5463,2026-02-15,s17,3.6513,ok,0
5464,1745837767,s39,,ok,1
5465,1737499530,s17,-1.9258,BAD,0
5466,1753640919,s21,1.2382,ok,0
5467,1719338426,s22,0.2022,good,0
5468,2026-08-10,s2,-4.0484,good,2
5469,2026-02-18,s16,3.3648,BAD,0
5470,2026-09-10,s40,1.6792,good,0
5471,2026-03-16,s29,-0.322,BAD,2
5472,2026-04-17,s20,5.0145,good,1
5473,2026-09-19,s35,4.1164,ok,1
5474,2026-07-16,s16,1.7864,good,0
5475,2026-07-15,s16,0.4046,,0
5476,1787590307,s3,-3.4231,BAD,2
5477,2026-09-19,s18,2.0512,OK,1
5478,2026-06-19,s31,1.5895,ok,1
5479,2026-07-19,s7,2.8464,good,1
5480,1766058179,s40,-3.8579,,2
5481,2026-03-12,s30,2.3021,BAD,1
5482,2026-05-16,s12,-2.0476,good,0
5483,1708322807,s39,0.5522,ok,0
5484,1779760439,s34,3.6265,ok,1
5485,1703694119,s24,5.0732,ok,1
5486,1770032712,s13,1.6844,OK,0
5487,1779660161,s39,0.5249,good,0
5488,2026-06-13,s6,-3.0928,BAD,2
5489,1774816988,s17,7.0936,OK,1
5490,1741852522,s25,-0.3229,,0
5491,2026-01-19,s30,-6.9499,BAD,2
5492,1707593632,s25,-3.9988,,2
5493,2026-07-16,s40,2.3386,BAD,0
5494,2026-03-11,s19,0.5791,ok,0
5495,2026-04-16,s16,0.2329,OK,0
5496,2026-06-12,s11,3.9236,good,1
5497,1727907555,s16,-1.1703,good,0
5498,2026-03-16,s30,5.3423,good,1
5499,2026-07-19,s3,6.5522,ok,1
5500,2026-05-19,s12,-5.5738,BAD,2
5501,1738999248,s24,5.468,OK,1
5502,2026-02-18,s22,-5.2939,BAD,2
5503,1758971791,s19,,OK,0
5504,2026-03-18,s20,-2.4469,,2
5505,1778396488,s1,2.6818,good,0
5506,1735611853,s1,-4.9522,good,2
5507,1769188046,s1,2.7256,good,0
5508,2026-02-17,s29,5.3546,BAD,1
5509,2026-06-15,s39,-1.041,BAD,0
5510,2026-06-11,s15,2.3407,OK,1
5511,1777611289,s18,2.697,BAD,0
5512,1786401746,s35,,BAD,0
5513,1759899639,s20,-0.356,BAD,0
5514,2026-05-15,s37,-4.3294,BAD,2
5515,1751250407,s35,0.809,BAD,0
5516,1758505471,s40,-0.5936,OK,0
5517,1730502460,s9,-5.0409,,2
5518,2026-08-13,s6,2.5564,,0
5519,1736570871,s32,-0.4656,BAD,0
5520,2026-07-16,s28,-2.8126,ok,2
5521,1758026764,s26,7.0138,BAD,1
5522,2026-07-17,s39,2.3629,good,0
5523,1701730094,s31,5.5186,,1
5524,2026-02-17,s38,2.766,,1
5525,2026-06-10,s23,3.0744,,0
5526,1710056764,s14,2.563,,0
5527,2026-02-14,s38,1.3681,good,1
5528,1717202168,s12,3.8315,BAD,1
5529,2026-05-15,s21,-1.8062,ok,2
5530,1783357831,s40,6.4581,BAD,1
5531,2026-03-14,s18,0.9056,OK,0
5532,1779988119,s12,4.4246,,1
5533,2026-08-15,s27,-3.8958,good,2
5534,2026-07-14,s34,-2.6752,good,2
5535,1787857618,s17,3.5722,,1
5536,1764285763,s27,2.4235,BAD,0
5537,1701373988,s22,-0.7305,,0
5538,1725608478,s7,8.5307,BAD,1
5539,2026-07-13,s16,2.4725,OK,1
5540,1760852944,s37,-2.8441,BAD,2
5541,1704963302,s14,-5.4121,ok,2
5542,2026-02-16,s27,-0.884,ok,0
5543,1746654999,s26,-0.2297,good,0
5544,2026-08-16,s22,3.9658,ok,1
5545,2026-03-10,s6,-3.7216,OK,2
5546,1765064536,s7,6.0796,BAD,1
5547,2026-01-12,s38,2.503,BAD,0
5548,1715057816,s27,-1.1323,good,2
5549,2026-09-18,s10,0.9084,,0
5550,1749500632,s10,4.4372,,1
5551,2026-06-11,s15,4.0408,BAD,1
5552,1701038757,s37,4.3135,good,1
5553,2026-03-17,s2,-2.5721,good,2
5554,2026-03-11,s9,-0.4699,good,0
5555,2026-01-12,s29,0.5474,,0
5556,2026-01-11,s4,2.1735,,1
5557,1745679561,s23,,ok,2
5558,2026-08-11,s15,5.6657,good,0
5559,1770786317,s1,1.1901,ok,0
5560,2026-08-12,s32,-5.3323,good,2
5561,2026-05-16,s35,2.344,OK,0
5562,2026-07-15,s23,5.9061,OK,1
5563,1704903643,s26,1.7944,OK,0
5564,2026-09-14,s15,-6.3302,good,2
5565,1700432253,s21,7.053,ok,1
5566,1744705442,s20,2.8375,good,0
5567,2026-08-14,s1,-3.4416,BAD,2
5568,2026-01-11,s22,-3.2276,ok,0
5569,2026-01-15,s36,-1.0528,OK,2
5570,1786666223,s13,4.8807,OK,1
5571,1726455831,s28,-4.498,BAD,2
5572,1710246412,s39,-4.4583,good,2
5573,1751015363,s23,3.8101,OK,1
5574,2026-01-18,s11,5.6811,ok,1
5575,1700183452,s19,2.1097,good,0
5576,1749020881,s39,6.1405,BAD,0
5577,2026-03-13,s10,0.0629,BAD,0
5578,2026-01-11,s19,1.7328,OK,0
5579,2026-05-17,s30,1.7635,ok,0
5580,2026-04-13,s38,-1.6314,ok,0
5581,1777775443,s37,0.7303,good,0
5582,1774551117,s32,-0.6569,good,0
5583,1779883568,s20,,ok,1
5584,1718610069,s4,-1.7711,BAD,2
5585,2026-06-16,s9,4.7952,BAD,1
5586,2026-01-16,s25,-4.2156,,2
5587,2026-02-14,s11,2.6429,,0
5588,1732704536,s8,-0.3124,,0
5589,2026-07-14,s2,-6.3359,ok,2
5590,1709096972,s21,-2.227,OK,2
5591,2026-08-12,s1,-1.2477,,2
5592,1713530798,s26,2.6729,good,1
5593,2026-04-10,s35,-3.8448,OK,2
5594,1748527853,s25,-1.3323,BAD,2
5595,1745634748,s16,1.8472,BAD,0
5596,2026-05-10,s28,-1.5638,BAD,2
5597,1745644451,s24,7.5482,,1
5598,2026-06-13,s24,-6.0316,,2
5599,1728315111,s7,6.7596,good,1
5600,1763379321,s31,-2.1516,BAD,2
5601,2026-05-10,s37,-1.5691,good,0
5602,2026-09-12,s26,1.3157,ok,0
5603,1720638516,s12,-8.5881,OK,2
5604,2026-01-14,s17,-5.6237,ok,2
5605,1713433949,s37,6.3259,good,1
5606,2026-03-17,s36,2.3472,OK,0
5607,1770550045,s13,0.3446,,2
5608,2026-02-12,s9,1.2928,BAD,1
5609,2026-02-15,s15,1.0269,,0
5610,1736681844,s37,-4.7204,BAD,2
5611,1704202774,s22,3.1381,,1
5612,2026-03-11,s19,-3.9351,BAD,2
5613,1779291128,s1,1.7147,OK,0
5614,2026-05-16,s38,1.9732,OK,0
5615,2026-09-17,s6,-0.501,,0
5616,1718614789,s10,4.7298,good,1
5617,2026-08-19,s3,2.4683,BAD,1
5618,2026-06-13,s6,0.9619,ok,0
5619,1778535283,s40,-0.8486,good,0
5620,1718874066,s12,1.2217,good,1
5621,2026-02-11,s18,-2.8982,,2
5622,1726560441,s36,4.1166,BAD,1
5623,2026-04-17,s38,-4.8872,,2
5624,1755457022,s29,1.0796,,0
5625,2026-07-18,s19,-1.2111,good,0
5626,2026-01-16,s32,0.135,BAD,0
5627,2026-08-11,s16,3.0578,BAD,1
5628,1786559752,s12,0.4767,ok,0
5629,2026-08-17,s21,-3.4783,OK,2
5630,2026-07-15,s23,-1.9278,BAD,2
5631,2026-06-18,s2,1.1716,,0
5632,1753878558,s26,3.399,good,0
5633,1776574135,s26,2.8881,good,1
5634,2026-07-19,s21,5.9003,ok,1
5635,1705804204,s35,1.323,OK,0
5636,2026-07-14,s22,5.8695,ok,1
5637,1724101993,s11,3.5624,,1
5638,1763460290,s30,4.1867,OK,1
5639,2026-05-10,s4,-0.1045,OK,0
5640,2026-01-19,s8,1.2808,BAD,1
5641,2026-05-11,s1,1.2543,,1
5642,1726294925,s20,1.1517,,0
5643,1784682611,s36,5.3632,ok,1
5644,1717921263,s27,5.3834,OK,1
5645,2026-07-19,s36,4.7639,good,1
5646,1765797196,s22,0.1956,,2
5647,2026-07-10,s31,6.6904,OK,1
5648,2026-06-14,s13,-0.6269,good,2
5649,1747993480,s5,7.001,,1
5650,2026-04-16,s26,-0.4452,OK,0
5651,2026-08-10,s6,6.2059,OK,0
5652,1716368280,s7,7.9993,good,1
5653,1760060931,s9,3.4184,BAD,1
5654,1702681357,s1,-2.9712,ok,2
5655,1707015444,s6,4.3039,,1
5656,2026-08-14,s36,-2.8055,good,2
5657,2026-04-12,s23,-4.9552,BAD,2
5658,2026-02-10,s25,3.5477,,0
5659,1747909137,s17,-3.1313,ok,2
5660,1729746643,s21,-2.6051,,2
5661,2026-03-10,s27,2.0149,,0
5662,2026-09-18,s4,-2.0359,ok,0
5663,1720352105,s21,-1.3259,good,2
5664,1712354975,s13,1.0235,BAD,0
5665,1738288037,s9,0.3843,BAD,0
5666,2026-03-12,s12,5.8973,good,1
5667,2026-04-19,s20,-1.2875,OK,2
5668,1765599204,s14,5.5097,,1
5669,2026-03-15,s39,2.4885,,0
5670,2026-06-18,s38,3.4176,ok,1
5671,1786808460,s1,5.805,ok,1
5672,2026-03-10,s17,-2.1283,,2
5673,1785250252,s10,0.8879,good,0
5674,1751103013,s26,2.5822,ok,0
5675,2026-07-19,s13,4.7488,,1
5676,1781153610,s24,-1.0931,good,0
5677,2026-01-15,s26,3.137,,1
5678,2026-05-16,s18,-1.9059,ok,2
5679,1700829055,s35,3.7942,ok,1
5680,1731097343,s14,-1.9724,ok,0
5681,1766858467,s20,-4.8384,good,2
5682,2026-07-10,s31,-4.3783,OK,2
5683,1716256043,s12,-2.4708,,0
5684,1780298976,s34,5.0207,ok,1
5685,2026-01-13,s3,-2.2204,OK,2
5686,2026-06-14,s24,0.3366,good,0
5687,1753196198,s19,-0.3266,,0
5688,1703814259,s27,-6.193,good,2
5689,2026-03-15,s30,0.5284,good,1
5690,1784212230,s39,-1.3623,ok,2
5691,1774582506,s40,-5.858,,2
5692,2026-02-13,s40,-0.6509,,0
5693,1712782089,s20,-1.1945,,2
5694,1757978430,s14,1.7785,ok,1
5695,2026-02-13,s19,7.3161,good,1
5696,1730334093,s24,4.8315,,0
5697,2026-09-17,s1,-4.0155,ok,2
5698,1759896935,s26,5.2396,OK,1
5699,1755511070,s6,2.2482,BAD,1
5700,2026-09-19,s20,-1.5884,BAD,0
5701,1764266345,s24,-1.6639,good,2
5702,1710763475,s26,-4.4614,OK,2
5703,2026-08-18,s15,4.3724,OK,1
5704,1723772823,s12,-2.2008,good,2
5705,2026-03-10,s24,7.1842,ok,1
5706,2026-08-12,s24,-4.2766,,2
5707,1700569107,s2,4.9129,OK,1
5708,1787147449,s32,2.735,,1
5709,2026-08-15,s32,,good,0
5710,1748430912,s28,,OK,1
5711,1762099118,s15,7.1326,BAD,1
5712,1711769271,s35,-5.2947,ok,2
5713,1762398122,s28,1.036,OK,0
5714,1732433168,s30,-3.7734,BAD,2
5715,1734790976,s30,2.7014,ok,1
5716,1776378879,s30,2.8582,ok,1
5717,1742598356,s29,-5.3036,BAD,2
5718,2026-09-11,s11,3.0453,OK,0
5719,1775626045,s34,2.5648,ok,1
5720,2026-05-17,s39,4.4554,BAD,1
5721,1704366571,s15,,ok,1
5722,2026-01-18,s12,-2.7512,OK,0
5723,2026-06-11,s24,-1.8916,ok,2
5724,2026-09-13,s29,-3.3648,OK,2
5725,2026-02-17,s8,-1.47,ok,2
5726,2026-06-14,s1,4.7063,BAD,1
5727,1756649792,s8,1.9975,good,0
5728,2026-07-17,s34,-3.9044,BAD,2
5729,1771560429,s8,0.1229,good,0
5730,1717925848,s11,-1.6495,ok,0
5731,2026-04-14,s5,-0.1679,OK,0
5732,1763318618,s27,-4.5919,ok,2
5733,2026-03-18,s32,4.7401,ok,1
5734,1717167072,s36,-1.0405,,0
5735,2026-06-15,s18,6.6667,good,1
5736,1714442754,s31,1.0013,BAD,0
5737,2026-07-18,s3,7.2301,BAD,1
5738,1771412788,s14,5.3163,ok,1
5739,1755490975,s17,1.7473,BAD,0
5740,1700726485,s31,3.0273,,1
5741,2026-01-16,s32,-0.3921,good,0
5742,2026-03-11,s8,-1.9169,good,2
5743,2026-08-17,s11,-6.5074,OK,2
5744,2026-09-16,s32,-3.2149,OK,2
5745,2026-09-19,s22,-1.2063,ok,0
5746,2026-02-13,s4,-5.0854,ok,2
5747,1750028237,s7,7.6633,BAD,1
5748,2026-02-11,s25,0.6266,OK,1
5749,1758286617,s40,-1.3409,OK,2
5750,2026-08-11,s9,-4.0894,ok,2
5751,1707312989,s17,-4.2514,OK,2
5752,1725693878,s9,2.4329,BAD,0
5753,2026-08-12,s23,6.1212,ok,1
5754,1749576928,s34,0.2128,,0
5755,1752219737,s1,4.5162,ok,1
5756,2026-06-18,s17,0.4078,OK,0
5757,2026-06-14,s10,-3.449,OK,2
5758,1761860685,s25,1.4929,ok,0
5759,2026-09-11,s28,1.5791,OK,1
5760,2026-05-11,s4,2.6853,ok,1
5761,2026-04-16,s10,-9.0172,good,2
5762,1736798700,s29,-0.4113,OK,0
5763,1720849268,s14,0.2323,,0
5764,1734593265,s25,-3.1721,ok,2
5765,1719807834,s19,3.0791,ok,1
5766,1745621442,s36,-5.2409,ok,2
5767,2026-02-11,s36,-0.8409,BAD,0
5768,2026-05-13,s8,2.4062,good,1
5769,1725001431,s33,-7.0918,good,2
5770,1775768695,s12,-2.9362,good,2
5771,2026-08-11,s4,-5.798,,2
5772,2026-09-17,s31,,BAD,0
5773,2026-07-10,s35,-4.8378,good,2
5774,1784846361,s20,-4.7852,OK,2
5775,1732546276,s9,4.4597,,1
5776,2026-07-17,s34,2.141,good,0
5777,1778800859,s39,-0.8235,,2
5778,2026-07-13,s22,8.1053,ok,1
5779,2026-06-17,s31,-0.5134,OK,2
5780,1778279083,s1,0.3204,ok,0
5781,1779273473,s36,-2.6821,ok,0
5782,1760528002,s31,-6.3013,OK,2
5783,2026-08-19,s10,-0.6357,good,2
5784,1731447006,s27,6.6604,ok,1
5785,2026-08-17,s23,0.5717,OK,0
5786,1735214058,s2,3.2422,ok,0
5787,1763956720,s3,-4.3358,OK,2
5788,2026-05-12,s39,3.888,,0
5789,1780345453,s36,-1.5132,OK,2
5790,2026-04-14,s38,7.2976,OK,1
5791,1757107014,s14,4.6119,good,0
5792,2026-09-11,s29,2.7344,BAD,0
5793,1700420072,s1,1.7319,BAD,0
5794,2026-02-12,s19,0.2912,good,0
5795,1728240907,s5,5.4101,,1
5796,1777835197,s10,5.3252,,1
5797,2026-05-17,s20,-2.8656,good,2
5798,1732391655,s26,2.0861,,0
5799,2026-02-14,s27,-1.442,BAD,2
5800,1744517089,s38,3.8226,ok,1
5801,2026-09-17,s35,-2.6151,,2
5802,2026-03-11,s17,4.6783,OK,1
5803,2026-09-14,s22,0.3518,,0
5804,1785111090,s36,-2.4474,OK,0
5805,1780476592,s36,1.897,BAD,1
5806,2026-07-10,s4,1.2735,,1
5807,1789834458,s29,-2.5154,BAD,0
5808,2026-02-12,s1,-1.1194,ok,0
5809,1743871196,s33,1.6569,good,0
5810,1703747225,s9,-6.4431,,2
5811,1741301706,s24,2.4276,OK,0
5812,1712922897,s17,-1.9439,OK,0
5813,2026-08-10,s4,5.2784,ok,1
5814,1773581413,s37,-4.4165,ok,2
5815,1733398457,s16,5.9167,ok,1
5816,2026-07-13,s12,1.7141,good,1
5817,1774494015,s28,1.4796,,0
5818,2026-03-15,s37,1.1595,BAD,0
5819,1778387664,s6,-1.2755,OK,2
5820,2026-01-17,s12,-1.7444,BAD,2
5821,2026-02-18,s12,6.1524,ok,1
5822,1774112963,s36,-2.5753,good,2
5823,2026-01-18,s32,6.0638,,1
5824,1764917102,s9,0.5643,OK,0
5825,1774511622,s26,-0.992,OK,0
5826,1715047475,s34,-2.0324,ok,2
5827,2026-07-12,s33,2.1518,,0
5828,2026-04-11,s1,1.9633,good,0
5829,2026-09-14,s2,5.5167,OK,1
5830,2026-09-12,s37,0.122,BAD,0
5831,2026-04-11,s38,-5.3254,ok,2
5832,1782061206,s38,3.8778,BAD,1
5833,2026-07-15,s35,6.5733,good,1
5834,2026-04-10,s26,-4.6515,BAD,2
5835,1771507802,s16,3.7344,ok,0
5836,1731099216,s27,3.8271,BAD,0
5837,1759849496,s11,0.3084,OK,0
5838,1763934673,s20,-2.9679,,2
5839,1745902098,s1,-1.7865,good,2
5840,1708160542,s28,-3.0398,OK,2
5841,2026-01-16,s26,-1.6922,,2
5842,1746949755,s22,1.2098,,0
5843,1748786903,s31,6.0444,,1
5844,2026-02-14,s27,3.7004,ok,1
5845,2026-05-10,s32,0.4443,ok,0
5846,1722983786,s29,8.0606,BAD,1
5847,1726655306,s2,6.1195,good,1
5848,1734097262,s34,0.5299,ok,0
5849,1789637402,s9,-4.2253,BAD,2
5850,1769533867,s40,6.6417,ok,1
5851,2026-06-15,s39,0.5339,BAD,0
5852,2026-04-16,s27,2.2492,ok,0
5853,2026-01-10,s13,-4.4722,,2
5854,1787875322,s34,5.8448,BAD,1
5855,2026-01-14,s24,0.5282,,0
5856,1765987082,s17,-5.7,,2
5857,1769551014,s20,5.4973,BAD,1
5858,1768344024,s35,-0.0976,ok,0
5859,2026-07-17,s7,1.8275,BAD,1
5860,1702837215,s8,4.5243,good,0
5861,2026-08-19,s30,1.3093,OK,1
5862,2026-08-10,s16,-3.9182,,2
5863,2026-09-16,s6,-0.7786,good,2
5864,1735386723,s9,4.5811,good,1
5865,1751234242,s14,4.1694,good,1
5866,1781612534,s33,4.1727,OK,1
5867,2026-01-13,s22,3.7305,BAD,0
5868,1769393566,s19,-3.8337,good,2
5869,2026-06-12,s33,-3.925,good,0
5870,1722467491,s6,-4.071,BAD,2
5871,2026-04-10,s6,0.645,ok,1
5872,2026-09-18,s2,6.2922,OK,1
5873,2026-08-11,s7,-3.2356,,2
5874,1775233651,s9,6.7172,,1
5875,1712350588,s3,3.3008,BAD,1
5876,1739546747,s14,-1.0485,,0
5877,2026-03-18,s40,-5.4157,good,2
5878,2026-01-17,s22,5.3477,ok,1
5879,2026-03-11,s38,2.3926,OK,1
5880,1783795556,s2,6.2957,good,1
5881,1751000678,s24,5.4173,ok,1
5882,2026-07-17,s15,-1.121,BAD,2
5883,2026-07-19,s5,8.0835,,1
5884,2026-03-14,s20,2.7813,ok,1
5885,1764816200,s9,-1.7437,,2
5886,1786010997,s4,-2.6503,,2
5887,2026-01-16,s20,3.094,,1
5888,1727477933,s14,-4.93,ok,2
5889,1738838582,s20,0.0156,OK,0
5890,2026-03-11,s14,4.9984,,1
5891,1782634742,s28,0.2651,good,0
5892,1769305085,s28,4.4842,good,1
5893,2026-01-18,s22,-1.4642,OK,2
5894,2026-04-17,s17,0.8592,ok,0
5895,2026-04-11,s34,-5.8033,BAD,2
5896,2026-09-11,s23,-7.3893,OK,2
5897,2026-08-11,s16,-1.0532,,0
5898,1736672384,s5,2.4994,good,0
5899,1754580998,s1,1.2425,,0
5900,2026-01-17,s30,-0.2439,OK,2
5901,2026-05-12,s34,5.705,BAD,1
5902,1787898795,s22,5.3834,,1
5903,1763188356,s22,-7.0494,,2
5904,2026-04-14,s37,0.9211,,0
5905,1784574500,s1,2.5484,OK,0
5906,1745806473,s39,3.3923,,0
5907,2026-08-19,s11,2.7014,,1
5908,1788582080,s15,-2.1589,,2
5909,1767571480,s13,4.9933,,1
5910,1743760983,s31,0.6955,BAD,0
5911,2026-04-10,s25,-6.3191,,2
5912,2026-08-16,s13,5.0714,BAD,1
5913,2026-05-15,s21,8.2109,OK,1
5914,2026-06-17,s35,,,0
5915,1725582269,s35,8.2425,OK,1
5916,1770846393,s26,-2.872,good,2
5917,1766434593,s13,0.8128,good,0
5918,2026-04-15,s26,4.5972,OK,1
5919,1762989410,s33,4.1946,ok,0
5920,2026-01-18,s20,-3.7965,good,2
5921,1772545844,s25,-4.8239,,2
5922,2026-03-17,s40,1.1185,ok,0
5923,1772405553,s19,5.0424,BAD,1
5924,1732598621,s24,5.623,ok,1
5925,2026-04-10,s33,2.361,,0
5926,1768928463,s13,-1.8914,OK,2
5927,2026-03-14,s40,-4.3256,,2
5928,2026-03-10,s10,-1.6163,,2
5929,1722917732,s34,5.2504,OK,1
5930,1785133556,s1,7.9967,OK,1
5931,2026-01-13,s37,0.1389,OK,0
5932,1787786467,s16,5.9107,good,1
5933,1749271376,s22,5.0674,BAD,1
5934,2026-01-18,s8,2.1252,BAD,0
5935,2026-03-13,s3,-4.9643,good,2
5936,1757833276,s32,4.8479,good,1
5937,1778199506,s27,1.4788,,0
5938,2026-06-19,s39,2.9901,OK,0
5939,2026-06-15,s10,0.7527,good,0
5940,1756201149,s20,1.5893,good,0
5941,1768758629,s20,2.6346,good,0
5942,1731070952,s25,-0.133,OK,2
5943,1784874582,s2,-5.6761,ok,2
5944,1715913286,s3,-3.4649,ok,2
5945,1753387787,s1,,OK,2
5946,1713741206,s39,4.8214,OK,1
5947,1735247201,s11,2.4673,good,0
5948,1735613704,s23,-2.1488,good,2
5949,1766334700,s28,0.7263,OK,2
5950,1762064300,s36,-4.3247,,2
5951,1728365419,s31,7.2813,good,1
5952,1701550463,s19,-2.4161,ok,2
5953,1752492644,s3,-2.1597,,2
5954,1770459791,s37,-1.0632,OK,0
5955,2026-04-15,s1,4.8821,ok,1
5956,2026-07-12,s31,1.7218,BAD,0
5957,2026-02-19,s22,0.6071,ok,0
5958,1745735749,s6,-0.1744,OK,2
5959,1734491606,s22,0.317,,0
5960,1718392954,s22,0.757,good,0
5961,1788770570,s14,-0.5025,,0
5962,1750908703,s17,1.4314,,0
5963,1765801320,s20,4.2626,BAD,1
5964,2026-07-10,s18,3.0476,ok,1
5965,2026-09-13,s39,,BAD,0
5966,1788960435,s34,3.7352,ok,1
5967,2026-05-18,s11,-1.0002,BAD,0
5968,1740439652,s36,0.9333,,1
5969,1700765224,s35,5.7033,good,1
5970,1742066349,s16,-3.9916,good,2
5971,2026-03-12,s34,-0.2703,,0
5972,1786318899,s13,-3.3676,OK,2
5973,1783478895,s10,4.6976,BAD,1
5974,1772867975,s1,3.0211,,1
5975,1737497100,s7,2.9257,good,1
5976,1706148034,s1,0.0283,BAD,0
5977,1775902514,s35,-4.3566,OK,2
5978,2026-02-15,s5,-2.2631,good,0
5979,2026-04-18,s17,-5.2673,,2
5980,1789273419,s21,-5.9935,ok,2
5981,1761911648,s19,4.3151,BAD,1
5982,2026-05-18,s37,3.5378,ok,0
5983,1777991893,s3,2.8789,,0
5984,1707194357,s21,0.8556,good,0
5985,1765437349,s30,-0.5585,good,0
5986,1772781134,s25,-3.0024,,2
5987,2026-01-11,s15,-1.9889,,2
5988,1758878560,s7,3.432,ok,0
5989,1716515850,s17,-4.8478,OK,2
5990,2026-07-13,s25,-1.0791,good,0
5991,1775125637,s5,2.5172,BAD,0
5992,1756779318,s1,-0.558,BAD,2
5993,1783083548,s31,6.2836,,1
5994,1727056763,s1,3.6669,ok,0
5995,1704216804,s14,-3.2736,good,2
5996,1731692035,s39,3.1879,ok,0
5997,2026-09-10,s1,,,2
5998,2026-08-12,s8,,ok,0
5999,2026-03-17,s37,-1.7687,BAD,2
6000,2026-04-13,s26,2.2234,ok,0
6001,1767320155,s32,3.3345,good,1
6002,1789640108,s18,-1.3877,,0
6003,2026-02-18,s28,4.6371,,1
6004,1750533646,s8,0.2784,OK,0
6005,1700413740,s18,5.0279,ok,1
6006,2026-02-16,s31,-1.9159,BAD,2
6007,1781788280,s30,0.0443,ok,0
6008,2026-06-19,s16,-4.2109,ok,2
6009,2026-06-17,s23,-2.7981,OK,2
6010,1755680418,s19,-1.6572,OK,2
6011,2026-08-16,s1,4.7975,,1
6012,2026-08-11,s3,-2.3427,ok,2
6013,1787479979,s32,1.8744,ok,0
6014,1769658642,s6,-2.4427,good,2
6015,2026-07-15,s39,1.2544,ok,0
6016,2026-05-15,s25,-1.0142,good,0
6017,1789467801,s36,0.1565,ok,0
6018,2026-03-11,s9,-4.7336,BAD,2
6019,1740705116,s25,-1.1035,good,2
6020,2026-09-11,s28,-1.506,good,2
6021,1745287053,s36,3.3209,BAD,0
6022,1774179336,s28,6.7968,ok,1
6023,1755129563,s18,2.8729,OK,0
6024,1706737325,s10,5.3102,,1
6025,2026-06-19,s5,-1.7991,good,2
6026,1703549432,s37,3.3611,BAD,1
6027,1779007096,s18,-3.1904,,2
6028,2026-09-14,s18,2.6946,OK,0
6029,1752159411,s33,8.4044,OK,1
6030,2026-05-12,s17,4.7814,good,1
6031,2026-03-18,s6,3.8661,OK,1
6032,1778044393,s38,,good,2
6033,1784900387,s24,0.9408,ok,2
6034,1764182423,s5,0.2294,,0
6035,2026-04-18,s30,-2.5547,BAD,0
6036,1780600018,s36,-2.3191,OK,2
6037,2026-07-11,s2,-2.7293,OK,2
6038,2026-06-14,s36,0.4733,ok,1
6039,1712561468,s1,-6.0288,good,2
6040,2026-03-16,s7,5.0827,BAD,1
6041,1784004540,s36,5.2439,BAD,1
6042,2026-02-13,s9,3.3321,good,1
6043,1752688181,s34,-5.1798,OK,2
6044,1722014158,s18,1.8197,good,0
6045,2026-09-16,s23,3.6681,OK,1
6046,2026-06-15,s39,,BAD,0
6047,1739168111,s16,5.7104,OK,1
6048,1782166132,s1,-3.9004,BAD,2
6049,2026-02-14,s11,3.8098,BAD,1
6050,1705683006,s33,6.8398,BAD,1
6051,1712744411,s40,-3.3447,ok,2
6052,1715908549,s23,-2.8171,ok,2
6053,1756124920,s19,4.6449,BAD,1
6054,1716344354,s6,-4.1323,,2
6055,2026-03-11,s27,4.6504,,1
6056,1753339730,s29,2.7534,BAD,0
6057,1741002704,s2,-0.9826,ok,2
6058,1756312283,s26,-2.6566,ok,0
6059,1708371643,s17,-4.2898,good,2
6060,2026-08-16,s23,-2.4229,OK,2
6061,1764238591,s18,6.7642,OK,1
6062,1726364030,s2,2.197,BAD,2
6063,2026-08-14,s27,-1.855,BAD,0
6064,1715590467,s12,4.014,,1
6065,2026-06-10,s18,4.106,good,1
6066,2026-03-11,s9,1.3177,good,0
6067,2026-05-19,s11,7.1555,,1
6068,1783820629,s39,0.3082,BAD,0
6069,2026-09-15,s31,-3.8138,good,2
6070,2026-07-16,s18,1.4756,OK,0
6071,2026-09-18,s20,1.3138,BAD,0
6072,2026-04-16,s36,1.5451,ok,0
6073,2026-06-13,s14,4.1411,OK,1
6074,2026-06-14,s14,-2.0408,OK,0
6075,1714774673,s29,-3.4673,,2
6076,1720819417,s23,-0.6751,ok,0
6077,1721889713,s34,0.2619,ok,0
6078,1764148743,s3,-0.232,OK,0
6079,1703905062,s12,-3.3712,ok,2
6080,2026-06-12,s10,3.4988,,1
6081,1782562621,s4,0.5431,OK,0
6082,2026-03-11,s19,-6.3579,BAD,2
6083,2026-05-11,s29,-1.5972,ok,2
6084,1740865738,s16,-5.7093,ok,2
6085,1717451493,s25,2.6186,OK,0
6086,2026-02-10,s36,0.51,OK,0
6087,2026-05-15,s13,-4.1596,good,2
6088,2026-08-14,s39,0.3494,good,0
6089,2026-09-13,s9,4.5019,BAD,1
6090,1748078959,s20,-1.9883,,2
6091,2026-04-14,s24,0.2925,,0
6092,2026-01-17,s14,6.0347,good,1
6093,2026-08-13,s40,-4.1133,,2
6094,2026-03-18,s38,3.4936,,0
6095,1710590546,s22,2.688,good,1
6096,1741930417,s20,-5.1159,,2
6097,1761476752,s8,5.0721,BAD,1
6098,2026-06-15,s40,1.496,BAD,0
6099,2026-02-19,s31,0.2422,OK,0
6100,2026-07-13,s21,3.6756,,1
6101,2026-07-16,s26,2.4411,,0
6102,2026-05-19,s14,1.1674,OK,1
6103,2026-02-19,s14,2.9667,OK,1
6104,1702456777,s37,5.1324,OK,1
6105,1759803084,s32,-3.8863,BAD,2
6106,1767891696,s5,-5.0795,ok,2
6107,1773111214,s33,1.4269,ok,0
6108,1723971787,s16,-0.8554,,2
6109,2026-05-13,s26,5.3627,good,1
6110,1760420905,s12,0.911,good,0
6111,2026-01-13,s29,-1.1632,,2
6112,2026-05-19,s5,3.8483,,1
6113,2026-09-13,s33,5.6932,BAD,1
6114,1759150880,s5,-4.1077,ok,2
6115,2026-08-10,s25,4.1184,ok,1
6116,1775051549,s25,6.4056,BAD,1
6117,2026-01-14,s19,4.9123,OK,1
6118,1765345890,s38,-2.6579,ok,2
6119,2026-01-12,s9,0.418,OK,0
6120,1701131851,s23,-5.4768,good,2
6121,2026-03-17,s40,7.9037,BAD,1
6122,2026-01-19,s2,0.7365,OK,0
6123,2026-07-13,s1,1.1214,BAD,0
6124,2026-02-11,s16,4.1898,BAD,1
6125,2026-05-11,s25,4.4964,OK,1
6126,2026-04-18,s34,-0.0371,BAD,0
6127,2026-05-10,s3,-1.0598,,2
6128,2026-06-19,s1,-2.0615,,2
6129,2026-06-19,s19,-3.1837,BAD,0
6130,1765850561,s22,6.2383,BAD,0
6131,2026-04-17,s6,0.04,OK,2
6132,1768862246,s23,3.3703,ok,1
6133,2026-06-19,s40,0.7407,OK,0
6134,1782210395,s32,-5.6976,OK,2
6135,1788539082,s14,3.5267,,0
6136,2026-07-11,s28,4.613,,1
6137,2026-03-15,s22,-1.0324,ok,2
6138,1736814808,s11,0.8566,ok,0
6139,2026-09-13,s27,-0.0638,ok,0
6140,2026-09-10,s32,4.7402,BAD,0
6141,1767621205,s8,1.1802,BAD,0
6142,2026-03-15,s14,-2.4917,,0
6143,2026-09-19,s29,-1.0253,BAD,0
6144,2026-06-12,s13,-4.8869,BAD,2
6145,1786587578,s13,5.633,OK,1
6146,2026-07-19,s18,-6.463,ok,2
6147,1743724563,s8,-1.6955,BAD,2
6148,1752735737,s22,6.354,BAD,1
6149,1773981384,s27,0.4704,ok,0
6150,1711690672,s18,2.6705,BAD,1
6151,1725307157,s38,0.3043,good,0
6152,2026-01-17,s14,4.685,good,1
6153,1713205918,s12,3.5936,ok,1
6154,2026-09-18,s17,2.3779,BAD,0
6155,2026-03-10,s23,,good,0
6156,1771471612,s13,2.6452,OK,1
6157,2026-09-10,s11,4.1326,,1
6158,1759465365,s1,2.2806,ok,0
6159,2026-01-12,s1,-2.0163,OK,2
6160,2026-02-11,s40,-3.4612,ok,2
6161,1789579335,s13,3.4872,BAD,1
6162,2026-07-11,s17,-1.0429,BAD,2
6163,2026-08-17,s20,-3.19,BAD,0
6164,1719114131,s25,-2.9848,,2
6165,1780065336,s30,5.516,ok,1
6166,2026-01-13,s1,-2.0497,,2
6167,1772001681,s18,1.4449,BAD,0
6168,1710889423,s36,-0.5245,good,0
6169,1778115226,s31,6.2895,,1
6170,1704140996,s33,4.148,,0
6171,2026-05-12,s26,-3.3589,OK,2
6172,2026-05-19,s40,3.5102,,1
6173,1778950214,s6,-2.861,,2
6174,1734476647,s25,-0.3249,BAD,0
6175,2026-09-18,s6,-4.0627,,2
6176,1728456805,s26,-1.8108,BAD,2
6177,2026-02-13,s33,-3.2743,BAD,2
6178,1713496770,s15,1.422,,0
6179,2026-09-18,s9,1.213,OK,0
6180,1742672028,s38,-1.6905,OK,2
6181,1705526680,s10,-2.1456,BAD,2
6182,2026-01-10,s17,1.0703,,1
6183,1769365281,s11,1.1445,good,0
6184,2026-07-18,s15,-2.1068,OK,2
6185,1767526259,s15,5.2098,good,1
6186,2026-04-10,s33,-1.9039,OK,2
6187,2026-02-17,s37,-0.6184,good,0
6188,2026-07-13,s38,2.3517,ok,1
6189,1766564032,s3,0.7962,OK,0
6190,1789177872,s9,-3.2717,,0
6191,1715107411,s7,-2.9052,ok,0
6192,2026-03-11,s10,-2.6756,BAD,2
6193,2026-06-17,s13,-6.5367,BAD,2
6194,1733011732,s4,,ok,1
6195,1718781526,s34,-2.0016,good,2
6196,2026-02-13,s30,2.9045,ok,1
6197,1752217386,s5,0.3293,OK,0
6198,2026-04-16,s21,2.8217,OK,0
6199,2026-05-15,s40,-0.1092,OK,2
6200,2026-06-15,s5,3.6759,ok,1
6201,1713430359,s18,-4.9064,OK,2
6202,2026-04-13,s22,-4.9702,good,2
6203,2026-03-11,s15,5.7627,good,1
6204,1750667575,s17,7.8407,ok,1
6205,1729007797,s24,-0.5507,ok,0
6206,1788222552,s14,-1.5367,ok,2
6207,2026-02-13,s19,-3.1122,OK,2
6208,1762934363,s4,0.8406,ok,0
6209,1716185348,s32,-3.3115,good,2
6210,2026-03-10,s6,-1.6122,BAD,2
6211,2026-01-15,s18,0.5453,BAD,0
6212,2026-08-13,s40,-0.1094,ok,0
6213,2026-06-16,s19,8.1295,,1
6214,1718218008,s2,4.2157,BAD,1
6215,2026-02-10,s17,-3.1381,good,2
6216,2026-09-11,s1,-1.8224,,0
6217,2026-03-15,s17,3.2856,,0
6218,2026-02-15,s17,3.6147,good,1
6219,2026-02-12,s28,6.8524,,1
6220,1739949043,s30,4.3536,,1
6221,2026-07-11,s14,-3.8272,good,2
6222,1700000203,s5,1.4502,,0
6223,2026-07-15,s21,3.7865,good,1
6224,1726089734,s6,-3.2406,good,2
6225,1738922102,s34,2.2384,ok,1
6226,1782858106,s35,0.3602,OK,0
6227,2026-04-10,s27,,,0
6228,1768226622,s39,3.3627,,1
6229,1710043499,s21,4.1184,ok,1
6230,2026-01-17,s39,1.9161,BAD,0
6231,1717499203,s2,-0.1118,OK,0
6232,1743734407,s25,4.9848,ok,1
6233,1756153622,s31,-5.4082,,2
6234,2026-06-18,s9,1.9968,OK,1
6235,1701501910,s32,0.2381,,2
6236,1723527180,s36,-2.4949,good,2
6237,2026-01-12,s25,-1.4947,good,2
6238,1788388024,s22,4.1055,,1
6239,1708215007,s5,-4.3948,BAD,2
6240,2026-07-13,s28,5.1373,,1
6241,1733772342,s35,-1.891,ok,2
6242,2026-06-13,s32,5.7851,OK,1
6243,2026-02-10,s8,0.9529,BAD,1
6244,2026-08-12,s23,6.5548,OK,1
6245,2026-08-16,s9,-2.7488,,2
6246,1778724042,s1,-1.0172,good,0
6247,2026-06-15,s16,1.3001,BAD,0
6248,1719533330,s13,-0.5511,ok,2
6249,1768492186,s18,3.3187,good,0
6250,2026-07-10,s9,-2.9695,OK,2
6251,2026-03-19,s28,-4.2514,good,2
6252,2026-04-13,s14,-2.8473,OK,2
6253,1776740444,s15,-3.8988,good,2
6254,1787677217,s32,3.7804,ok,1
6255,1745168937,s24,1.4334,OK,0
6256,1786341407,s34,4.8517,ok,1
6257,2026-06-18,s22,-1.1235,ok,0
6258,2026-01-19,s17,1.8965,OK,0
6259,1729990199,s17,3.1934,OK,1
6260,1786453725,s40,-5.4674,good,2
6261,2026-08-14,s33,3.8755,OK,1
6262,1775291528,s31,-3.5053,ok,2
6263,1771772454,s37,-3.3486,OK,2
6264,2026-05-16,s13,-1.5245,BAD,0
6265,2026-09-16,s35,,ok,0
6266,1750215308,s9,2.1954,good,0
6267,1779176419,s23,7.0607,,1
6268,2026-05-10,s24,3.054,ok,1
6269,2026-04-16,s34,2.8549,good,0
6270,1711519799,s17,-4.228,BAD,2
6271,1741671097,s19,-0.4475,,0
6272,1704448311,s7,4.7965,BAD,1
6273,2026-09-18,s21,-2.8528,,2
6274,1748216506,s16,0.4513,ok,0
6275,1720510581,s12,-2.919,BAD,2
6276,1756113958,s7,6.1353,OK,1
6277,2026-06-12,s21,6.1944,ok,1
6278,1706158792,s34,2.2622,ok,1
6279,2026-05-17,s27,-1.0753,OK,2
6280,1765160685,s36,0.066,ok,0
6281,2026-06-14,s36,-1.5108,,2
6282,1703898782,s25,3.8227,ok,0
6283,1736720485,s8,-0.7822,OK,2
6284,2026-06-17,s13,-0.3151,,2
6285,1711081629,s35,0.1073,BAD,2
6286,2026-08-18,s26,-0.8523,BAD,0
6287,1751849828,s11,2.8403,OK,0
6288,2026-07-18,s3,-2.2487,,2
6289,1717814610,s12,-0.0857,,0
6290,1724013713,s8,-5.8708,OK,2
6291,1779579486,s33,4.4952,,0
6292,2026-05-10,s7,2.5309,BAD,1
6293,2026-03-10,s16,4.8065,ok,1
6294,2026-01-11,s22,7.2147,,1
6295,2026-04-16,s23,-2.1724,ok,2
6296,2026-04-19,s29,-1.9,good,2
6297,2026-09-17,s5,0.522,,0
6298,1760675380,s20,1.6922,ok,0
6299,2026-09-14,s37,-4.0723,BAD,0
6300,1762410995,s3,4.4432,good,1
6301,1732424396,s37,4.5044,BAD,1
6302,1743269339,s28,-1.3121,OK,2
6303,1786096045,s23,-2.2012,OK,2
6304,2026-02-13,s31,-4.5569,OK,2
6305,2026-01-19,s15,-1.0141,BAD,0
6306,1741121696,s9,-0.2771,ok,0
6307,1722487652,s35,4.6026,OK,1
6308,1759511014,s5,4.4381,,0
6309,2026-01-10,s17,-1.1183,good,0
6310,2026-01-14,s26,0.5224,,0
6311,1744946484,s1,-2.6868,ok,2
6312,2026-09-10,s28,-2.8542,BAD,2
6313,2026-06-17,s28,3.0889,ok,0
6314,1784515262,s26,2.4082,good,0
6315,1740932111,s26,2.4249,good,1
6316,2026-03-12,s10,0.3311,good,0
6317,2026-07-16,s9,2.2337,,0
6318,1786296633,s5,-1.9685,,2
6319,1772807049,s12,5.1479,good,1
6320,2026-04-16,s15,-1.2321,ok,0
6321,2026-05-14,s39,-2.252,,0
6322,1736075004,s39,4.7088,OK,1
6323,1753155287,s31,6.9793,BAD,1
6324,1732962724,s38,2.4365,,0
6325,2026-03-13,s11,-2.92,,2
6326,1764375703,s18,5.2331,,1
6327,2026-06-14,s11,-1.3156,ok,2
6328,1753824804,s24,-0.5178,good,0
6329,2026-06-17,s28,3.7738,ok,1
6330,2026-03-17,s13,6.8011,good,1
6331,1720137100,s15,-4.8982,ok,2
6332,2026-01-10,s2,1.7709,,1
6333,2026-06-14,s4,-1.4966,BAD,2
6334,1769853165,s20,-4.5634,,2
6335,2026-06-16,s17,1.7039,BAD,1
6336,2026-06-11,s13,-1.8186,ok,0
6337,2026-02-18,s20,-0.1885,OK,0
6338,1738453041,s26,1.013,OK,1
6339,1777672996,s38,5.2594,good,1
6340,1745421367,s17,4.4375,OK,1
6341,1775710487,s4,4.1454,BAD,1
6342,1712076026,s23,-1.5573,,2
6343,2026-09-17,s5,-0.6533,OK,0
6344,1771549088,s19,-0.9436,ok,0
6345,1712628659,s37,4.5857,ok,1
6346,2026-03-12,s36,6.21,,1
6347,2026-08-12,s21,-2.4052,ok,2
6348,1751863428,s27,0.0229,OK,0
6349,1736875723,s32,5.2729,ok,1
6350,1746965530,s30,-4.8363,BAD,2
6351,2026-08-18,s3,2.3095,BAD,1
6352,1708855260,s23,6.9938,OK,1
6353,2026-07-17,s18,5.2681,good,1
6354,1743945898,s26,-4.1287,good,2
6355,2026-03-17,s11,3.3548,ok,1
6356,2026-09-10,s30,,good,2
6357,2026-06-10,s8,,good,1
6358,2026-05-15,s38,5.0021,ok,1
6359,1725851103,s36,-5.2666,,2
6360,1745477117,s17,-2.2812,good,0
6361,2026-05-19,s18,-2.7295,BAD,2
6362,1715330314,s27,2.7018,BAD,0
6363,1714748626,s11,4.3912,good,1
6364,2026-06-10,s6,4.9608,,1
6365,2026-09-11,s29,1.0751,,0
6366,1761123834,s31,-3.171,OK,2
6367,2026-05-13,s36,5.2676,ok,1
6368,2026-06-12,s16,0.9448,ok,0
6369,2026-01-16,s1,-2.5445,OK,2
6370,1761227834,s22,-1.9756,good,2
6371,1761376785,s26,0.5603,good,0
6372,1707552764,s20,-0.0955,ok,2
6373,1767830024,s18,5.3182,,0
6374,1738248699,s38,-8.098,BAD,2
6375,2026-03-16,s23,3.7624,good,1
6376,1728919804,s5,5.4826,OK,1
6377,1731400296,s9,7.2703,good,1
6378,1773487301,s20,-4.8628,OK,2
6379,2026-09-10,s26,-1.5865,good,2
6380,1711538812,s37,2.519,BAD,0
6381,2026-05-17,s28,3.5861,OK,1
6382,1771294597,s30,4.2238,BAD,1
6383,2026-03-16,s14,2.7675,BAD,0
6384,1700570310,s40,-0.2612,BAD,0
6385,1783865506,s39,-0.8919,,0
6386,2026-06-19,s17,-3.4069,good,2
6387,2026-02-19,s7,-1.5326,,0
6388,1754530351,s31,-0.1704,OK,0
6389,2026-01-10,s14,1.6482,BAD,0
6390,1706751560,s11,7.4083,BAD,1
6391,2026-06-15,s16,-1.6812,good,0
6392,1759810657,s13,4.0773,,0
6393,1738312916,s36,0.5264,ok,0
6394,1778477124,s26,0.0559,OK,0
6395,1788965745,s3,-4.4709,good,2
6396,2026-09-19,s7,6.2289,OK,1
6397,1719219164,s29,-2.0655,ok,2
6398,2026-09-14,s15,-4.4766,good,2
6399,2026-07-10,s38,-1.3008,BAD,0
6400,2026-07-15,s5,1.7506,,0
6401,1744148748,s4,1.9451,OK,1
6402,1711772389,s26,5.9929,OK,1
6403,2026-04-16,s34,,good,1
6404,2026-06-16,s8,-0.5024,BAD,2
6405,2026-08-15,s39,3.1823,BAD,0
6406,2026-06-12,s34,-0.0616,good,0
6407,1751891093,s32,2.5845,good,0
6408,2026-09-12,s31,3.6495,good,1
6409,2026-06-12,s37,1.4353,OK,0
6410,2026-08-14,s36,6.6919,good,1
6411,1725216144,s2,2.9477,good,1
6412,2026-04-18,s40,0.7829,OK,0
6413,1716202491,s4,0.0492,ok,2
6414,2026-08-12,s7,-0.7472,,2
6415,2026-01-11,s35,4.0163,good,0
6416,1719169501,s32,3.9272,ok,1
6417,1725779574,s16,6.6881,good,1
6418,2026-09-14,s2,-1.2287,good,2
6419,1789030065,s22,1.6098,OK,0
6420,2026-07-11,s26,5.7337,ok,1
6421,2026-06-13,s1,0.234,,2
6422,1738784956,s30,2.9534,,0
6423,2026-08-14,s29,1.128,OK,0
6424,2026-07-17,s33,2.8083,ok,1
6425,1751589123,s30,-3.566,good,2
6426,1724924792,s29,1.0522,good,0
6427,2026-08-12,s32,-3.6326,ok,2
6428,1735723668,s21,0.8971,good,1
6429,2026-04-10,s28,-0.4007,ok,0
6430,2026-04-11,s8,1.8276,ok,0
6431,2026-01-17,s33,4.7026,,0
6432,1768894589,s13,3.5334,ok,1
6433,2026-06-14,s5,2.849,BAD,0
6434,2026-09-12,s3,1.1846,ok,1
6435,2026-04-11,s12,0.8775,,0
6436,2026-08-13,s5,-0.888,,0
6437,2026-03-16,s10,5.3562,,1
6438,1771758560,s2,-2.3374,good,0
6439,2026-06-18,s33,-5.7404,OK,2
6440,1775297021,s21,-0.129,OK,2
6441,2026-03-11,s19,-0.6622,OK,0
6442,2026-09-17,s30,0.2033,BAD,0
6443,1778744369,s36,-5.1943,ok,2
6444,2026-09-18,s9,1.3833,BAD,0
6445,1704729085,s24,-0.2882,ok,0
6446,2026-02-12,s39,7.0464,good,1
6447,1732000937,s2,3.1361,,0
6448,2026-01-19,s27,-1.3368,BAD,2
6449,1720884988,s16,6.2969,good,1
6450,1747567331,s17,-2.2134,good,2
6451,1745675783,s22,5.2893,BAD,1
6452,1775192227,s33,-3.9091,ok,2
6453,2026-05-14,s1,1.1372,BAD,0
6454,1713780095,s36,-0.6157,OK,0
6455,2026-05-19,s30,-4.8083,ok,2
6456,1730392348,s38,1.9016,OK,1
6457,1758559664,s39,0.7679,,0
6458,1766850775,s22,2.2648,good,0
6459,2026-03-14,s8,1.8452,,0
6460,2026-03-14,s30,6.1946,ok,1
6461,1771762732,s6,3.1478,good,1
6462,1744780821,s13,4.287,BAD,1
6463,2026-02-15,s36,4.681,ok,1
6464,2026-06-18,s2,-4.3654,OK,2
6465,1760198201,s37,-4.1357,ok,2
6466,2026-01-14,s26,-0.4732,,2
6467,2026-08-15,s19,1.6195,BAD,1
6468,2026-05-11,s31,-3.8783,good,2
6469,1761781935,s35,0.7198,OK,0
6470,1777863288,s39,2.1643,BAD,0
6471,1703145489,s15,-2.6074,OK,2
6472,2026-05-19,s28,0.9792,ok,0
6473,2026-06-15,s12,2.8188,good,1
6474,2026-09-12,s31,-3.4754,BAD,2
6475,2026-04-14,s27,-3.8649,,2
6476,2026-06-16,s35,0.9271,BAD,0
6477,2026-03-17,s17,-5.8266,OK,2
6478,1765400016,s11,6.1071,,1
6479,1756660326,s9,2.1289,OK,1
6480,1722952412,s2,-0.8988,BAD,0
6481,1767035778,s28,,BAD,0
6482,2026-09-17,s1,3.124,,1
6483,2026-05-14,s22,3.0457,OK,0
6484,2026-02-16,s21,1.9413,BAD,1
6485,2026-01-10,s32,1.6575,,0
6486,2026-05-10,s15,3.7821,good,0
6487,1721727936,s36,-2.5827,ok,2
6488,1756671053,s8,-1.6063,,0
6489,2026-08-14,s31,,good,2
6490,1705184168,s5,0.5773,good,0
6491,2026-04-19,s40,0.675,OK,0
6492,1772856324,s40,2.2782,,0
6493,2026-05-13,s3,-1.1006,,2
6494,2026-01-15,s19,-5.253,OK,2
6495,1725560459,s30,-0.812,ok,2
6496,2026-05-13,s10,,ok,1
6497,2026-02-10,s10,-3.2817,good,2
6498,1763710821,s21,3.7624,BAD,1
6499,1784145232,s20,-1.7814,OK,0
6500,2026-06-11,s17,-4.2698,,2
6501,1712406519,s6,-0.7097,,0
6502,1742788912,s13,5.2452,BAD,1
6503,1720932876,s21,0.0231,good,1
6504,1773123790,s26,-3.3323,ok,2
6505,2026-09-15,s17,-4.5271,BAD,2
6506,2026-09-19,s15,-0.7874,good,2
6507,2026-04-19,s6,0.0681,OK,0
6508,2026-07-13,s4,-0.5036,OK,2
6509,1708778439,s21,7.1317,good,1
6510,1703271155,s25,0.6358,BAD,0
6511,2026-09-11,s32,-2.6609,good,2
6512,2026-08-14,s13,7.3847,BAD,1
6513,1785683636,s23,1.6642,ok,1
6514,2026-06-19,s3,4.1513,BAD,0
6515,1709369119,s30,2.4924,ok,0
6516,1700193484,s30,0.9701,ok,0
6517,2026-07-17,s30,6.1314,ok,1
6518,2026-02-14,s19,1.9037,OK,0
6519,1771373601,s8,-1.9332,BAD,0
6520,2026-07-16,s5,2.2142,ok,0
6521,1742448736,s29,0.2684,OK,0
6522,1705683035,s19,-2.6323,ok,2
6523,1774247850,s2,5.7198,good,1
6524,2026-06-11,s12,-3.142,,2
6525,2026-07-12,s24,2.9266,good,0
6526,2026-02-11,s40,,BAD,2
6527,2026-06-10,s38,2.2323,good,1
6528,1753087262,s24,-0.9582,BAD,0
6529,2026-02-11,s10,5.738,BAD,1
6530,2026-09-14,s37,1.4678,good,0
6531,2026-03-16,s13,4.1798,good,0
6532,1738606897,s14,3.7002,OK,1
6533,2026-09-19,s25,-2.5907,,2
6534,1726228137,s27,-4.7936,BAD,2
6535,2026-02-15,s39,3.5359,ok,1
6536,2026-04-12,s31,4.7122,,1
6537,2026-08-10,s32,1.0426,good,0
6538,2026-02-19,s24,-1.0602,OK,2
6539,1725064003,s37,-5.1571,good,2
6540,2026-06-13,s21,-4.2208,good,2
6541,2026-08-10,s28,-0.5134,,2
6542,1709018695,s20,1.4921,,0
6543,2026-08-17,s3,-0.4881,ok,2
6544,2026-01-15,s16,-1.3226,ok,2
6545,1709755848,s16,3.5935,BAD,1
6546,2026-09-10,s23,0.6264,good,0
6547,1770924624,s10,-3.2448,,2
6548,2026-09-15,s17,4.6207,OK,1
6549,2026-03-10,s38,6.9633,good,1
6550,1744009490,s10,-2.259,good,2
6551,2026-08-19,s26,-2.3448,ok,2
6552,2026-05-13,s4,0.4526,OK,0
6553,1765235568,s32,-1.5791,ok,2
6554,1769963755,s29,3.9116,,1
6555,2026-09-18,s6,-1.9674,,0
6556,2026-06-18,s35,-3.0762,BAD,2
6557,1729146559,s20,0.0982,OK,0
6558,2026-03-13,s30,0.459,,0
6559,1766902509,s39,-2.8596,BAD,2
6560,2026-02-19,s29,-3.363,good,0
6561,1773973137,s36,-6.0343,,2
6562,2026-09-11,s18,-1.397,BAD,2
6563,2026-01-18,s40,-3.1717,good,2
6564,1778445330,s9,-5.1455,good,2
6565,2026-06-12,s2,1.1341,BAD,1
6566,2026-05-14,s22,-2.5945,OK,0
6567,2026-03-12,s31,-2.8989,BAD,2
6568,2026-04-10,s23,1.667,,0
6569,2026-01-16,s6,-1.9627,BAD,2
6570,1789082812,s25,1.5608,good,0
6571,2026-02-11,s18,1.9807,ok,0
6572,2026-07-16,s1,1.7677,good,0
6573,2026-06-14,s37,0.6566,OK,1
6574,1705640481,s16,-4.1835,BAD,2
6575,1714775594,s13,-3.99,ok,2
6576,2026-04-10,s9,-4.2629,BAD,2
6577,1769297690,s2,4.317,OK,0
6578,2026-07-10,s7,-0.7337,good,2
6579,1726614131,s37,-1.0528,ok,0
6580,2026-05-13,s6,,,2
6581,2026-08-11,s2,2.313,good,1
6582,2026-02-11,s20,-2.8488,good,2
6583,1774059668,s11,2.1515,good,1
6584,1782007593,s8,0.5614,good,1
6585,1756521635,s37,1.6344,BAD,0
6586,1721490006,s38,0.1122,ok,0
6587,1761065223,s39,-4.5501,OK,2
6588,1726772662,s24,-3.8935,BAD,2
6589,2026-06-13,s7,2.2262,ok,0
6590,2026-02-16,s40,-0.5107,good,0
6591,2026-03-15,s29,4.1461,good,1
6592,2026-01-13,s29,2.1379,,0
6593,1727841860,s27,-3.3846,OK,2
6594,1737894533,s25,,good,0
6595,1717729179,s32,2.3422,good,1
6596,2026-07-17,s38,4.3062,BAD,1
6597,2026-01-19,s27,6.223,OK,1
6598,2026-04-12,s29,-0.0167,,0
6599,1760175729,s37,-0.7009,good,0
6600,2026-01-13,s27,,ok,1
6601,1752520036,s15,4.6365,ok,0
6602,2026-08-15,s1,-3.175,ok,2
6603,2026-02-15,s18,-1.5082,ok,2
6604,1725394295,s16,-2.2095,good,2
6605,2026-04-11,s17,0.8094,BAD,0
6606,2026-06-12,s25,-2.2913,,0
6607,1785930068,s40,-0.4288,good,0
6608,1720339576,s10,2.514,OK,1
6609,2026-05-13,s40,-8.2262,,2
6610,1782341332,s33,,,1
6611,1776301955,s32,-3.7537,ok,2
6612,2026-06-19,s10,4.9648,good,0
6613,1751444867,s37,,good,0
6614,1709272058,s1,-2.3831,ok,0
6615,2026-05-13,s30,-1.4417,BAD,2
6616,1719462660,s8,-0.2857,,0
6617,1734294372,s39,2.6932,BAD,1
6618,2026-08-13,s18,4.1101,ok,1
6619,1730089972,s14,3.0272,ok,1
6620,1724946406,s10,-6.8561,ok,2
6621,2026-08-18,s19,0.3353,,0
6622,1783636179,s6,-7.388,BAD,2
6623,2026-05-11,s2,1.1058,,0
6624,1755542165,s27,,BAD,1
6625,2026-06-18,s21,3.3696,good,1
6626,1720376983,s27,2.8733,,0
6627,2026-08-12,s24,2.3479,OK,0
6628,1725100951,s35,0.6481,OK,1
6629,1718240297,s29,7.1339,good,1
6630,2026-08-14,s14,-2.3398,good,0
6631,2026-08-11,s40,-0.7475,OK,2
6632,2026-07-19,s38,2.2795,BAD,1
6633,2026-01-17,s16,-6.3512,OK,2
6634,2026-02-19,s29,-4.8122,OK,2
6635,1709632273,s35,0.4488,OK,0
6636,2026-02-10,s35,2.4275,ok,1
6637,2026-02-10,s1,0.3307,good,0
6638,2026-03-16,s27,-4.7009,ok,2
6639,2026-03-15,s22,1.7684,,1
6640,2026-07-13,s10,4.2202,ok,0
6641,2026-06-17,s11,-2.6192,ok,0
6642,1779427242,s12,,ok,0
6643,1777485634,s27,1.0101,good,0
6644,1788818059,s16,-5.1177,BAD,2
6645,1722106534,s9,7.4583,BAD,1
6646,2026-03-13,s10,2.7924,OK,1
6647,2026-04-14,s31,0.088,good,0
6648,1720774785,s25,-2.275,,2
6649,1777464127,s17,-5.6886,OK,2
6650,1766813094,s1,-0.5261,good,0
6651,1712333209,s15,2.0259,BAD,0
6652,1772615701,s40,-1.8795,OK,2
6653,1784692611,s22,0.289,,2
6654,2026-02-11,s18,3.0242,,0
6655,2026-03-16,s23,6.6005,ok,1
6656,2026-02-15,s38,-2.6279,OK,2
6657,1716077548,s26,3.9355,good,0
6658,1749893356,s17,1.022,good,0
6659,1748642117,s13,-1.8145,OK,2
6660,2026-07-14,s4,1.0754,BAD,0
6661,1779852527,s36,-0.4636,good,0
6662,1752633179,s35,-1.6271,OK,0
6663,2026-08-10,s31,3.8562,OK,1
6664,2026-04-19,s13,4.551,,1
6665,2026-06-16,s30,-3.2838,good,2
6666,2026-07-13,s24,3.3657,ok,1
6667,2026-05-11,s30,,good,0
6668,1746218111,s4,-1.5732,ok,2
6669,2026-06-15,s3,3.1065,,1
6670,1720085274,s22,-7.9992,ok,2
6671,2026-09-15,s19,-0.7658,BAD,0
6672,2026-09-14,s19,-2.7902,OK,2
6673,1729111151,s37,,good,0
6674,1748815389,s9,,BAD,1
6675,1772246750,s8,5.5668,,1
6676,2026-01-19,s3,2.0958,BAD,0
6677,2026-07-11,s40,-1.6411,OK,0
6678,2026-01-14,s22,3.8245,good,0
6679,2026-03-18,s16,4.5928,,1
6680,1726470853,s22,6.9699,good,1
6681,1773345943,s33,5.8434,OK,1
6682,2026-08-17,s24,-6.4075,BAD,2
6683,1750780669,s37,4.5734,ok,1
6684,2026-04-11,s7,4.4463,ok,1
6685,2026-05-14,s24,-0.1105,BAD,0
6686,1746744209,s27,1.3783,OK,2
6687,1738160833,s8,2.3253,,0
6688,1761529929,s26,-2.7883,OK,2
6689,1763255649,s17,1.072,ok,0
6690,1749520126,s30,-0.7367,ok,0
6691,1783746671,s15,-1.7887,BAD,2
6692,1704151246,s32,-3.5021,OK,2
6693,1768450275,s1,3.6499,,1
6694,1776246406,s31,-5.8678,,2
6695,2026-04-15,s17,1.7296,BAD,2
6696,2026-04-16,s28,0.2437,ok,0
6697,2026-06-10,s11,,ok,1
6698,2026-05-17,s20,-1.1964,ok,0
6699,2026-06-12,s14,1.154,OK,0
6700,1786948559,s21,4.8415,OK,1
6701,2026-03-16,s10,-0.3539,BAD,0
6702,2026-09-19,s20,1.7109,OK,0
6703,2026-09-17,s34,-2.3073,OK,0
6704,2026-07-15,s25,6.1033,ok,1
6705,2026-03-16,s27,-1.7974,OK,2
6706,2026-06-13,s20,-3.7837,BAD,2
6707,2026-09-13,s32,-1.3494,BAD,0
6708,2026-07-10,s12,-2.301,BAD,0
6709,1735896939,s29,0.1392,good,0
6710,2026-09-14,s23,2.0023,OK,0
6711,2026-06-12,s24,-3.7975,ok,2
6712,1786728285,s1,4.5585,OK,0
6713,1723489560,s3,5.2393,ok,1
6714,1771734161,s8,1.2013,,1
6715,2026-07-18,s14,-1.0523,BAD,0
6716,1757131720,s11,-5.4304,OK,2
6717,1744761878,s14,-0.9222,ok,0
6718,1769818347,s13,-2.7048,ok,0
6719,1703559459,s30,-0.2052,ok,0
6720,1737106258,s8,2.8529,good,0
6721,2026-01-18,s24,6.0286,BAD,1
6722,2026-01-17,s18,4.4346,ok,1
6723,1778238697,s34,1.0763,OK,0
6724,1739372859,s3,7.1365,,1
6725,2026-09-16,s39,2.2806,OK,0
6726,1720498008,s40,-4.0191,OK,2
6727,2026-02-19,s35,4.8017,good,1
6728,1765830090,s14,3.7824,ok,1
6729,1744623495,s3,2.9473,good,1
6730,1770897962,s34,4.783,good,1
6731,2026-08-14,s21,2.0047,good,0
6732,2026-02-14,s23,2.601,good,0
6733,2026-09-11,s13,3.3872,good,1
6734,2026-02-10,s35,4.1886,good,1
6735,2026-04-10,s3,7.1731,OK,1
6736,2026-02-12,s26,-0.3004,good,0
6737,1785894750,s5,-4.5957,,2
6738,2026-04-19,s13,3.551,,1
6739,1759323343,s36,-5.9654,BAD,2
6740,1743604459,s29,-3.419,good,2
6741,1705324410,s8,,BAD,2
6742,2026-01-12,s36,-1.5762,BAD,0
6743,2026-06-17,s30,-1.0964,OK,0
6744,2026-01-16,s4,-2.9459,ok,2
6745,2026-02-14,s36,-1.489,ok,0
6746,2026-05-12,s34,-1.4266,OK,2
6747,1720665862,s16,4.8603,BAD,1
6748,2026-09-15,s22,5.4568,BAD,1
6749,1701362738,s32,0.0093,,0
6750,2026-02-14,s22,0.0686,good,2
6751,2026-01-12,s28,2.1071,ok,1
6752,1760086443,s15,4.7291,BAD,1
6753,1734193459,s22,2.9606,good,0
6754,2026-03-18,s7,,OK,1
6755,2026-09-13,s12,7.1379,good,1
6756,1729761233,s21,-1.8043,OK,2
6757,1717164154,s8,2.0102,good,1
6758,2026-07-12,s4,4.2063,OK,1
6759,2026-04-15,s15,-0.0409,OK,2
6760,2026-07-13,s24,-1.438,OK,2
6761,1759197457,s25,2.2892,BAD,1
6762,2026-05-13,s1,5.8339,ok,1
6763,2026-04-12,s21,-4.1283,,2
6764,1768654147,s37,4.2826,OK,1
6765,1757277667,s40,0.9636,good,1
6766,1740453397,s27,5.8156,ok,1
6767,1748256389,s22,0.9611,ok,0
6768,2026-07-16,s7,1.1174,good,0
6769,1711534969,s24,4.3772,BAD,1
6770,2026-01-17,s16,,good,1
6771,1753033769,s30,-1.2818,ok,2
6772,1787224637,s34,-2.2081,,2
6773,1732251269,s20,2.6895,,1
6774,1740534894,s33,,BAD,2
6775,2026-06-11,s32,6.4278,,1
6776,1742008453,s3,3.053,OK,0
6777,1713866501,s39,-0.0977,OK,0
6778,1760420159,s33,-2.2314,OK,2
6779,1713943842,s4,7.4807,OK,1
6780,1771257943,s12,4.9178,OK,1
6781,1702011807,s36,-0.6006,good,2
6782,2026-09-13,s28,5.1102,,1
6783,2026-07-10,s30,2.8055,OK,1
6784,1780429575,s2,2.8767,BAD,0
6785,2026-02-17,s40,3.7213,,1
6786,1776009816,s8,3.6659,good,0
6787,1753414076,s14,3.6613,good,0
6788,1786177364,s12,2.8833,ok,0
6789,2026-05-10,s25,-0.8814,good,0
6790,2026-03-11,s25,-4.2343,ok,2
6791,2026-03-11,s8,-5.0035,BAD,2
6792,2026-04-13,s30,2.5455,,0
6793,2026-09-14,s13,,,0
6794,2026-03-14,s7,5.4186,good,1
6795,1740953037,s10,6.3525,OK,1
6796,2026-08-11,s23,0.583,good,0
6797,2026-06-19,s33,-4.2906,OK,2
6798,2026-04-13,s12,-0.8471,,2
6799,2026-07-10,s18,3.7808,OK,0
6800,1788985703,s27,-3.495,good,2
6801,2026-01-12,s5,1.624,good,0
6802,1747682895,s29,2.1604,ok,0
6803,1782329100,s27,4.219,BAD,1
6804,2026-09-17,s16,4.1259,BAD,1
6805,1718046502,s15,5.797,good,1
6806,2026-05-19,s8,2.8799,ok,0
6807,1730143189,s1,-1.0363,,2
6808,1779976464,s32,-3.1274,good,2
6809,2026-01-16,s3,6.9717,good,1
6810,1778137384,s12,-7.0358,,2
6811,2026-07-13,s16,7.051,good,1
6812,2026-09-14,s34,4.8291,OK,1
6813,1758652763,s20,5.9431,good,1
6814,1715879001,s35,0.0301,BAD,0
6815,1737829683,s17,5.4469,OK,1
6816,2026-05-13,s32,6.1389,OK,1
6817,2026-09-17,s27,-0.1168,BAD,0
6818,2026-09-17,s37,-0.1678,OK,0
6819,2026-06-17,s35,7.5117,,1
6820,1742879246,s36,5.6952,OK,1
6821,1709522741,s10,-4.0823,good,2
6822,2026-02-19,s27,3.9765,ok,1
6823,2026-07-12,s4,4.7346,good,1
6824,1710635709,s33,4.3513,OK,1
6825,1754483916,s29,-4.7697,good,2
6826,2026-09-12,s16,-5.7901,,2
6827,2026-06-16,s33,-0.9822,,0
6828,2026-09-14,s7,-4.2309,OK,2
6829,1762765830,s15,6.1574,ok,1
6830,1778036253,s24,-4.7327,ok,2
6831,2026-07-16,s5,-0.021,OK,2
6832,1773612322,s25,2.4781,ok,0
6833,1784220040,s19,0.2955,good,0
6834,1788902290,s6,9.1582,OK,1
6835,1706306597,s25,0.3621,good,0
6836,2026-03-14,s4,-0.7551,ok,0
6837,2026-04-14,s10,-2.7515,,2
6838,2026-07-13,s26,2.4375,OK,1
6839,1769195942,s37,-0.5725,,0
6840,1759901128,s5,3.4895,BAD,1
6841,1760371552,s11,2.1661,OK,1
6842,1775278050,s33,4.8238,OK,1
6843,2026-08-17,s13,2.8706,good,1
6844,1776003736,s32,1.9179,good,0
6845,1759682391,s17,-1.7363,ok,0
6846,1744282845,s21,0.2775,,0
6847,1749524468,s28,,good,0
6848,1706722795,s26,10.2172,BAD,1
6849,1768718584,s24,-3.4492,BAD,2
6850,1766025476,s1,-4.6794,,2
6851,1756733389,s16,-0.3659,ok,0
6852,1744951936,s34,3.378,ok,0
6853,2026-06-14,s27,,ok,1
6854,1718426870,s11,4.5659,BAD,0
6855,1783905384,s40,-4.2919,OK,2
6856,1704375641,s29,-3.0581,good,2
6857,2026-01-11,s10,-4.1763,ok,0
6858,1753094633,s27,6.429,,1
6859,2026-09-18,s28,-2.2679,good,0
6860,1724547553,s11,3.8379,,1
6861,2026-07-18,s23,2.8051,,0
6862,2026-01-19,s14,8.1621,ok,1
6863,1759499501,s37,0.0457,OK,2
6864,1704032928,s17,-3.328,BAD,2
6865,1719916677,s35,2.0976,good,1
6866,1778847754,s36,4.0164,BAD,0
6867,2026-07-14,s40,5.1913,ok,1
6868,2026-06-17,s11,-0.9191,ok,0
6869,2026-03-17,s31,1.8438,BAD,0
6870,2026-03-13,s29,-0.404,OK,0
6871,2026-01-15,s27,3.0801,,0
6872,1717379358,s1,1.6213,BAD,0
6873,2026-07-11,s21,-2.1222,BAD,2
6874,2026-08-18,s32,1.367,BAD,1
6875,1785663730,s10,4.7567,ok,1
6876,2026-09-12,s19,-0.1003,good,0
6877,2026-03-17,s16,-6.7049,OK,2
6878,2026-01-19,s24,-1.5935,good,2
6879,1761510286,s20,-0.1311,OK,2
6880,2026-08-17,s3,5.1126,,0
6881,2026-09-16,s1,1.4641,,0
6882,1761686259,s8,-3.0008,good,0
6883,1778399930,s33,2.7467,,0
6884,1783370595,s13,4.143,ok,0
6885,2026-01-16,s6,-4.8053,ok,2
6886,2026-09-17,s33,1.1024,ok,0
6887,2026-02-15,s23,-0.2707,,0
6888,2026-09-10,s4,0.4588,OK,0
6889,1767171812,s35,-0.8568,good,0
6890,1779282339,s6,4.2542,good,1
6891,2026-03-10,s5,6.0562,good,1
6892,2026-05-11,s29,4.2288,BAD,1
6893,1763345321,s23,2.5236,good,1
6894,2026-08-12,s37,8.1245,ok,1
6895,1775338546,s18,-0.706,BAD,0
6896,1781735404,s10,2.7786,BAD,1
6897,2026-05-12,s22,-0.962,OK,0
6898,2026-02-12,s19,0.8533,good,0
6899,2026-09-12,s28,1.6165,,0
6900,2026-07-11,s33,-0.1351,OK,0
6901,1776625992,s24,6.3363,good,1
6902,1767609822,s39,2.1945,good,1
6903,2026-08-11,s1,-4.1204,BAD,2
6904,1707704918,s6,3.2215,BAD,0
6905,1754543323,s12,3.0163,BAD,0
6906,2026-02-19,s40,-2.1462,good,2
6907,1769186489,s36,-3.2804,good,2
6908,2026-09-13,s7,-1.3947,OK,0
6909,2026-02-16,s15,6.8724,OK,1
6910,1783682326,s11,-1.0051,OK,2
6911,1766752420,s39,,OK,0
6912,2026-03-15,s13,-6.7132,ok,2
6913,1778650389,s26,-2.6989,ok,2
6914,2026-05-10,s13,5.1204,ok,0
6915,2026-08-16,s17,1.43,,0
6916,2026-04-16,s15,7.1655,,1
6917,2026-01-15,s35,-0.6802,,0
6918,1708803924,s30,-3.8284,ok,2
6919,1774926824,s37,-0.0513,ok,1
6920,2026-09-18,s36,3.0252,BAD,1
6921,1761137952,s16,-4.1576,,2
6922,2026-08-19,s36,4.0442,,1
6923,2026-04-14,s20,0.0638,,0
6924,1780480841,s4,3.3323,,1
6925,2026-09-10,s12,1.785,,0
6926,1721307471,s37,-2.2171,ok,2
6927,1773441717,s29,-1.1411,ok,0
6928,2026-04-15,s11,2.2639,good,0
6929,1754829853,s6,-3.3015,good,2
6930,1745019197,s24,-0.7453,good,0
6931,2026-01-17,s38,-3.3528,good,2
6932,2026-06-15,s8,0.4257,ok,2
6933,1783075580,s1,1.1169,good,0
6934,1771922613,s20,1.0442,,0
6935,2026-07-10,s2,2.5035,BAD,1
6936,1785760385,s17,-1.7372,,2
6937,2026-01-11,s4,4.7241,BAD,1
6938,1708315535,s32,7.1493,ok,1
6939,1755242823,s2,2.0457,good,0
6940,1769463065,s29,2.4371,BAD,0
6941,2026-03-13,s15,3.3569,,1
6942,2026-08-14,s19,0.6052,good,0
6943,1773988111,s19,,BAD,2
6944,1773141293,s3,1.8093,OK,0
6945,2026-04-14,s6,-4.1492,BAD,2
6946,2026-07-12,s15,-4.3518,good,2
6947,1751364251,s6,2.9859,BAD,1
6948,2026-06-12,s16,2.4614,good,2
6949,1745529680,s39,0.6039,OK,2
6950,1763747600,s12,-1.4589,,2
6951,2026-04-17,s2,-0.6241,good,2
6952,2026-07-17,s4,5.5523,OK,1
6953,1764851749,s20,-1.5455,OK,2
6954,1749282978,s21,3.424,,1
6955,1768244331,s17,0.1928,ok,0
6956,2026-04-13,s40,0.2637,good,0
6957,1700712162,s5,4.6921,ok,0
6958,1785887413,s17,-4.2684,BAD,2
6959,1731419315,s1,1.0177,,0
6960,2026-08-18,s9,,good,1
6961,2026-01-13,s33,0.7461,good,0
6962,1732270268,s14,-4.559,good,2
6963,2026-03-19,s20,6.1538,BAD,1
6964,2026-03-10,s20,1.7947,ok,0
6965,2026-06-10,s14,-1.5255,good,2
6966,1726615249,s28,-0.8056,OK,0
6967,1757443056,s21,4.2288,,1
6968,2026-09-12,s37,,BAD,2
6969,2026-06-19,s11,2.3349,OK,0
6970,1720017416,s17,4.8006,OK,1
6971,2026-02-16,s38,-0.4967,ok,0
6972,1702269528,s12,-3.8332,ok,2
6973,2026-04-11,s31,-4.1194,,2
6974,1760881629,s10,-0.1886,ok,0
6975,2026-08-19,s5,-3.3884,BAD,2
6976,1750888271,s5,-0.0405,,0
6977,2026-06-12,s14,3.2512,,1
6978,2026-08-17,s40,5.9139,BAD,1
6979,2026-04-14,s37,-3.1143,ok,2
6980,1764711062,s31,0.2181,,2
6981,1749577809,s17,3.3239,BAD,1
6982,1722264015,s8,-0.2798,ok,0
6983,2026-02-10,s15,-2.5609,BAD,2
6984,2026-07-15,s14,-1.087,,0
6985,1725792112,s20,-3.9439,BAD,2
6986,1711070489,s20,4.2432,good,1
6987,1727083457,s19,-3.1995,ok,2
6988,2026-05-10,s8,7.5898,OK,1
6989,2026-04-18,s37,7.3124,,1
6990,2026-08-12,s11,2.827,BAD,1
6991,2026-07-16,s39,5.5491,,1
6992,1702492386,s28,-3.0105,OK,2
6993,1733588083,s23,-0.673,OK,0
6994,2026-08-12,s25,-2.5008,BAD,2
6995,2026-03-19,s18,-8.2079,BAD,2
6996,1722676607,s28,7.404,BAD,1
6997,1703196026,s9,-1.8729,good,2
6998,1753554631,s40,-0.9076,OK,0
6999,1765457459,s34,-4.5031,ok,2
7000,2026-08-12,s17,5.3928,good,1
7001,1763568044,s17,-0.4251,good,2
7002,2026-09-11,s8,-0.7937,,2
7003,1736838595,s40,-2.2188,,2
7004,2026-04-18,s8,0.3548,good,0
7005,2026-08-19,s18,,ok,1
7006,1738657714,s29,-3.2257,OK,2
7007,1704122864,s22,4.6031,OK,1
7008,1713331524,s5,1.488,,0
7009,1711793721,s2,-1.9697,OK,2
7010,1772430573,s40,-4.0899,,2
7011,1772553707,s12,4.8051,good,1
7012,2026-05-11,s22,-0.141,,2
7013,2026-06-18,s40,,,0
7014,2026-06-12,s11,,BAD,2
7015,1725209410,s21,,,1
7016,2026-09-16,s12,-0.6676,good,0
7017,2026-04-19,s32,5.1569,,0
7018,1731719176,s2,1.9777,good,0
7019,2026-01-16,s7,-0.7594,good,0
7020,1720545891,s21,-3.6589,good,2
7021,1789916353,s8,2.4421,,1
7022,2026-08-13,s20,0.6844,good,0
7023,1770268317,s37,-0.5749,good,0
7024,1754829668,s31,2.6295,good,1
7025,1752162201,s6,,ok,0
7026,2026-03-14,s8,-1.7814,BAD,0
7027,2026-07-13,s10,1.568,OK,0
7028,1715172426,s38,4.9531,good,1
7029,1740593024,s30,6.5524,BAD,1
7030,1729345185,s10,-3.3523,OK,2
7031,2026-06-14,s26,1.9047,ok,0
7032,1759136529,s1,-3.6158,,0
7033,2026-01-16,s30,-3.5847,OK,2
7034,1700370526,s20,-4.2028,ok,2
7035,1761557760,s16,5.0907,,1
7036,2026-06-10,s23,-1.5398,ok,0
7037,2026-03-14,s16,2.2673,BAD,1
7038,2026-03-17,s4,2.5748,OK,1
7039,1760669500,s31,-1.5416,ok,0
7040,2026-07-16,s30,2.11,OK,1
7041,1784995603,s15,-2.7806,good,2
7042,1722151892,s9,-3.1214,,2
7043,1704517320,s1,6.7649,ok,1
7044,2026-09-11,s16,-1.4498,good,2
7045,2026-02-14,s20,-4.0533,BAD,2
7046,2026-03-14,s5,1.9998,BAD,1
7047,2026-06-18,s38,-5.3637,BAD,2
7048,2026-07-15,s39,1.847,,0
7049,2026-09-15,s30,-3.29,ok,2
7050,1767354001,s8,-2.1913,,2
7051,2026-01-12,s4,-3.1708,OK,2
7052,2026-07-15,s17,-1.3221,good,0
7053,2026-03-19,s24,-4.2793,,2
7054,2026-08-12,s8,0.6966,BAD,0
7055,1727375010,s30,,OK,1
7056,2026-02-13,s27,,BAD,1
7057,2026-01-18,s9,0.9091,good,2
7058,2026-07-17,s22,3.7725,good,1
7059,2026-05-15,s26,-1.5685,ok,2
7060,2026-09-16,s27,7.4188,,1
7061,2026-08-14,s40,1.1682,,0
7062,2026-01-15,s36,,OK,1
7063,2026-07-16,s29,1.2912,OK,0
7064,2026-05-13,s18,1.9278,good,1
7065,1774510880,s36,3.9837,OK,1
7066,1735069976,s36,2.1879,ok,0
7067,1763204515,s36,0.7796,BAD,0
7068,2026-05-18,s1,-3.6267,good,2
7069,2026-05-18,s13,,good,0
7070,2026-03-15,s35,4.0707,,1
7071,2026-03-12,s21,1.076,ok,0
7072,1775320451,s27,-2.7959,BAD,2
7073,2026-01-15,s5,0.5812,BAD,0
7074,2026-04-19,s37,3.4006,OK,0
7075,1717036548,s21,-2.9394,OK,2
7076,2026-09-17,s36,,good,2
7077,2026-03-13,s31,0.5161,BAD,0
7078,1764283650,s34,2.129,,1
7079,1722274370,s13,-2.047,,2
7080,2026-05-14,s40,4.3497,OK,1
7081,1781950877,s12,1.0605,good,1
7082,1764094084,s30,-5.1912,OK,2
7083,2026-09-12,s38,-1.2977,,2
7084,2026-09-14,s10,0.471,OK,0
7085,2026-06-11,s36,-0.3524,ok,0
7086,1768411709,s12,4.1084,OK,1
7087,1789655036,s13,3.221,ok,2
7088,1761455706,s26,6.849,OK,1
7089,1718976579,s27,4.2528,good,1
7090,1709751346,s40,4.8548,ok,0
7091,1782760639,s28,-1.0283,BAD,2
7092,2026-08-12,s26,6.9885,BAD,1
7093,1761553570,s25,5.6154,OK,1
7094,2026-01-12,s28,4.8586,BAD,1
7095,2026-01-14,s36,-3.4709,good,2
7096,1710185939,s3,2.917,BAD,1
7097,2026-03-13,s16,2.9889,OK,0
7098,1729176515,s36,1.5251,,0
7099,1735447741,s5,5.4807,good,1
7100,1766909571,s5,-0.4779,good,0
7101,2026-05-15,s35,0.6731,BAD,0
7102,1772802732,s36,-5.1018,BAD,2
7103,1745316100,s18,-3.4889,ok,2
7104,2026-08-10,s17,-2.5272,good,2
7105,2026-07-15,s6,-6.6104,ok,2
7106,2026-01-18,s9,0.2083,OK,0
7107,1737617023,s2,4.3119,OK,1
7108,2026-09-19,s32,2.4941,BAD,0
7109,2026-09-13,s12,1.5726,,0
7110,1743361464,s5,-2.9812,ok,2
7111,1700262345,s2,3.8534,OK,1
7112,1760546397,s3,-1.1499,,0
7113,1701589014,s40,1.1611,OK,0
7114,1743253618,s14,-3.9067,OK,2
7115,1752644951,s40,-2.9987,OK,2
7116,1762438374,s14,-5.7416,,2
7117,2026-01-12,s17,0.8248,,0
7118,2026-09-15,s2,3.726,ok,1
7119,2026-03-13,s12,4.5381,,1
7120,2026-05-18,s38,1.3188,good,0
7121,2026-05-19,s3,,good,0
7122,2026-09-14,s29,2.3513,BAD,0
7123,2026-01-13,s28,-5.3092,ok,2
7124,1721072678,s33,4.9899,OK,1
7125,2026-08-14,s10,-2.6127,BAD,2
7126,1760762138,s28,3.1286,good,1
7127,1789450089,s23,9.0049,,1
7128,1753135028,s35,2.1928,ok,1
7129,1739370661,s17,3.8829,,1
7130,2026-05-10,s17,0.6859,BAD,0
7131,2026-03-16,s27,,ok,1
7132,1765682229,s14,1.0001,,0
7133,1779649491,s35,0.0902,ok,0
7134,1732692770,s8,-0.6225,,2
7135,1764359944,s35,2.1554,good,1
7136,1744637816,s5,4.2827,ok,1
7137,2026-09-15,s13,-3.0717,good,2
7138,2026-05-14,s17,4.8931,OK,1
7139,2026-03-17,s28,,ok,0
7140,1711231154,s28,2.9086,,0
7141,1736562426,s37,-6.9885,BAD,2
7142,1735676157,s16,-2.1339,,2
7143,1714595989,s40,0.5165,good,1
7144,2026-09-10,s18,-1.3785,ok,2
7145,2026-04-15,s24,7.0387,OK,1
7146,1730273360,s34,-3.6718,good,2
7147,1775002319,s6,2.4064,ok,0
7148,2026-01-14,s24,3.7605,OK,1
7149,1709657166,s3,-3.1069,BAD,2
7150,2026-01-10,s29,,good,0
7151,1705466487,s22,-3.0087,good,2
7152,2026-01-12,s1,-0.4117,ok,0
7153,1702093320,s27,2.6261,OK,0
7154,2026-02-13,s9,0.0366,OK,0
7155,1722907349,s16,1.917,ok,0
7156,1730739244,s34,7.5991,BAD,1
7157,2026-05-17,s35,-2.4023,good,2
7158,2026-02-18,s35,5.4232,,1
7159,1760157167,s17,-0.7591,good,0
7160,1755099386,s30,3.5344,BAD,1
7161,2026-09-17,s33,5.6427,good,1
7162,1739263269,s31,0.9705,good,0
7163,2026-05-12,s17,,ok,0
7164,2026-04-16,s18,5.4344,,1
7165,2026-02-17,s29,-2.9999,OK,2
7166,1765944644,s19,1.5939,ok,0
7167,2026-09-14,s5,-3.939,good,2
7168,1702495574,s36,1.7594,,0
7169,2026-05-19,s25,2.2081,,1
7170,2026-06-18,s22,2.9897,BAD,1
7171,1731534411,s38,-2.1553,ok,2
7172,1771206599,s31,-5.3839,ok,2
7173,2026-02-16,s6,1.5892,ok,0
7174,1787031905,s30,2.196,good,0
7175,2026-07-14,s21,-3.2425,good,2
7176,1721164640,s17,,OK,0
7177,2026-09-15,s18,0.0394,good,0
7178,1715666791,s5,0.1787,,0
7179,2026-09-10,s33,-4.3412,good,2
7180,1712024060,s15,2.1209,BAD,0
7181,2026-02-17,s7,-1.9526,,2
7182,2026-04-16,s16,4.6767,OK,1
7183,2026-09-13,s25,,good,2
7184,2026-02-12,s19,2.3931,ok,0
7185,1706584697,s33,-1.3891,ok,0
7186,1746808649,s29,4.0352,good,1
7187,1721499236,s17,2.9776,OK,1
7188,2026-08-12,s7,-4.9668,BAD,2
7189,2026-07-14,s30,-2.4675,ok,2
7190,2026-09-12,s13,6.0383,OK,1
7191,2026-03-13,s13,-1.1186,BAD,0
7192,2026-02-14,s30,-3.5373,BAD,2
7193,2026-03-16,s1,6.1611,BAD,1
7194,1786656171,s21,2.4881,,0
7195,2026-07-14,s12,-4.0142,,2
7196,1762004048,s13,6.3798,,1
7197,2026-04-18,s7,3.9704,ok,1
7198,1709894554,s20,0.8993,,2
7199,1701514422,s11,-3.6134,,2
7200,1732665360,s38,0.1981,OK,0
7201,1774200766,s21,2.4888,BAD,0
7202,1707728115,s12,-1.4953,good,2
7203,2026-06-17,s19,0.7717,,2
7204,1780659796,s32,3.2705,OK,1
7205,1751900384,s8,1.7348,BAD,0
7206,2026-02-11,s37,-4.1955,OK,2
7207,1763907308,s8,5.4324,good,1
7208,2026-01-14,s5,-4.86,good,2
7209,1727159085,s7,5.4871,BAD,1
7210,2026-02-11,s26,-0.6236,,0
7211,2026-04-14,s14,-2.1743,ok,2
7212,1731747960,s19,-5.8889,BAD,2
7213,2026-07-15,s24,-1.8469,good,0
7214,2026-01-13,s23,-0.8848,ok,2
7215,2026-02-13,s36,0.1099,,0
7216,1763048800,s32,-0.0207,,0
7217,1786343313,s23,4.0208,ok,0
7218,1764093857,s24,0.2396,BAD,2
7219,2026-06-17,s27,-2.8223,ok,2
7220,1718938180,s5,,BAD,2
7221,1778131585,s1,5.361,good,1
7222,2026-02-18,s35,-1.7327,OK,2
7223,2026-03-11,s21,-0.7274,BAD,0
7224,1706727719,s19,5.5779,BAD,1
7225,1759084556,s20,-1.9676,,2
7226,1730334700,s36,4.651,BAD,1
7227,1715052578,s39,0.8775,,0
7228,2026-08-10,s37,3.4002,ok,1
7229,2026-09-15,s29,3.7655,ok,1
7230,2026-02-12,s31,-6.157,good,2
7231,2026-06-15,s20,-7.2585,good,2
7232,1750233175,s31,-3.3738,BAD,2
7233,2026-01-15,s7,-2.4547,OK,2
7234,2026-02-16,s8,1.3138,ok,0
7235,2026-06-19,s21,,good,0
7236,2026-03-14,s40,-2.4859,,2
7237,1776175994,s13,-4.6826,OK,2
7238,2026-04-16,s11,5.0956,ok,1
7239,1776264499,s5,3.7568,,1
7240,2026-08-10,s15,2.1265,ok,0
7241,2026-01-18,s11,0.338,BAD,0
7242,1778304387,s19,1.8995,ok,0
7243,1701946165,s30,0.7285,good,0
7244,2026-09-15,s40,-3.0807,ok,2
7245,1743494372,s2,-1.4608,good,2
7246,2026-03-13,s4,2.4669,ok,0
7247,1729024357,s8,0.0661,ok,0
7248,2026-05-12,s6,2.6065,BAD,1
7249,2026-01-11,s38,,good,2
7250,1722446772,s1,0.8156,BAD,0
7251,2026-05-15,s26,2.2486,OK,0
7252,2026-02-17,s38,-0.3506,ok,0
7253,1773071991,s24,-1.4342,,0
7254,2026-06-10,s13,1.1798,good,0
7255,1707612404,s15,1.8045,,0
7256,2026-02-10,s6,4.0071,good,0
7257,2026-03-13,s24,2.1351,ok,0
7258,1728737504,s12,5.6105,BAD,1
7259,1747219751,s21,-5.2801,good,2
7260,2026-02-19,s2,-1.19,,2
7261,1733206420,s13,0.7739,OK,0
7262,2026-05-11,s24,-0.9832,OK,2
7263,1716810953,s1,-3.868,,2
7264,1725959288,s28,-1.0975,ok,0
7265,1700795535,s11,7.3921,BAD,1
7266,2026-03-16,s20,3.6092,ok,1
7267,1736968331,s30,3.9246,,1
7268,1777234221,s33,1.2023,good,0
7269,2026-04-16,s3,7.1714,OK,1
7270,2026-07-19,s12,,ok,0
7271,2026-07-10,s14,-0.3434,,0
7272,1748036818,s29,6.0677,,1
7273,1768045994,s30,0.0368,good,0
7274,2026-07-19,s18,,,1
7275,1757873261,s27,,OK,1
7276,1760173116,s32,3.3336,,1
7277,2026-04-18,s39,1.0065,BAD,0
7278,2026-04-19,s25,5.9138,BAD,1
7279,2026-02-18,s5,-1.4172,good,0
7280,1716722961,s8,-0.1663,,0
7281,2026-08-16,s2,5.7988,OK,1
7282,2026-01-11,s8,8.0658,BAD,1
7283,2026-09-12,s7,0.7871,good,0
7284,1775924643,s20,0.5354,BAD,1
7285,2026-01-15,s9,-4.2554,good,2
7286,1736996113,s33,6.2175,BAD,1
7287,2026-07-11,s31,-2.4552,ok,0
7288,2026-03-18,s12,-2.9003,ok,2
7289,1740981191,s19,6.0851,ok,1
7290,1709314130,s21,4.6935,OK,1
7291,1751617003,s31,1.1315,good,0
7292,1710775172,s9,3.4782,ok,1
7293,1766117799,s35,4.9908,OK,1
7294,1735103477,s25,6.2953,ok,1
7295,2026-03-10,s3,2.8196,ok,0
7296,2026-09-12,s32,-3.1644,OK,2
7297,1710702067,s33,-4.6048,BAD,2
7298,2026-02-13,s12,6.5942,OK,1
7299,1787304957,s13,-1.7055,good,2
7300,2026-01-17,s6,-5.3375,good,2
7301,2026-02-15,s38,1.5861,OK,0
7302,1777954037,s30,-0.4051,good,0
7303,2026-02-16,s30,1.0238,,0
7304,1779506397,s11,0.5822,good,0
7305,2026-08-14,s19,4.697,BAD,1
7306,1749045256,s4,-5.2263,BAD,2
7307,1725672700,s10,1.2086,BAD,0
7308,1743283816,s13,5.4739,ok,1
7309,1735768161,s1,3.1832,good,1
7310,2026-06-19,s26,-2.8075,good,2
7311,2026-01-14,s6,1.2808,ok,0
7312,1728232901,s25,,ok,1
7313,1765228489,s34,6.6308,,1
7314,2026-09-11,s33,2.7832,BAD,1
7315,2026-07-12,s19,-2.6814,,2
7316,2026-06-15,s1,-3.6853,good,0
7317,1784610950,s19,3.3675,OK,1
7318,1782480126,s22,-7.1631,OK,2
7319,2026-08-14,s8,-3.9167,OK,0
7320,2026-08-16,s39,6.4627,OK,1
7321,2026-02-16,s38,-2.1443,good,2
7322,2026-03-17,s8,6.0964,BAD,1
7323,1770113533,s34,1.6396,OK,1
7324,2026-02-11,s25,-0.3329,BAD,2
7325,1771865487,s15,4.3868,good,1
7326,2026-08-13,s34,-3.306,BAD,2
7327,1707475158,s39,-2.2979,OK,0
7328,1781745037,s34,3.3326,,0
7329,1762855924,s15,6.3036,BAD,1
7330,1751205085,s2,6.5249,OK,1
7331,2026-03-12,s38,5.4657,ok,1
7332,1776127997,s11,4.8196,BAD,1
7333,1767146956,s4,-4.9823,good,2
7334,2026-05-15,s21,6.7119,good,1
7335,1772542042,s31,2.0785,,0
7336,2026-03-10,s37,0.5763,ok,0
7337,2026-04-15,s3,0.6866,BAD,1
7338,2026-02-18,s3,2.3152,,0
7339,2026-01-14,s6,,,2
7340,1750353611,s11,6.5205,OK,1
7341,1773769298,s40,6.3835,good,1
7342,1760184264,s4,1.5259,ok,0
7343,2026-05-13,s16,4.37,,0
7344,2026-05-19,s10,-1.6622,OK,2
7345,2026-03-11,s13,,,1
7346,2026-09-14,s37,0.3933,ok,0
7347,1713465450,s14,5.8984,good,1
7348,2026-09-18,s30,4.6143,good,1
7349,2026-04-15,s6,-1.0864,BAD,0
7350,1758272799,s39,-3.3913,,2
7351,1745838839,s2,-3.4261,OK,2
7352,1781359477,s6,4.9744,BAD,1
7353,2026-03-11,s29,1.0347,,1
7354,1782188322,s28,6.3077,BAD,1
7355,1713580413,s18,-4.867,ok,2
7356,2026-09-14,s10,3.7939,,1
7357,1734714593,s6,-1.7719,OK,2
7358,1715771588,s2,2.1023,ok,0
7359,2026-04-10,s22,2.6621,ok,1
7360,2026-05-19,s27,5.7147,good,1
7361,2026-06-15,s21,3.1929,BAD,1
7362,2026-07-18,s15,1.6095,OK,0
7363,2026-08-11,s17,2.9664,,0
7364,1779934522,s18,4.5339,OK,1
7365,2026-04-15,s30,-1.7771,good,2
7366,1758040656,s23,-5.1268,,2
7367,1705910390,s1,4.11,ok,1
7368,1745144912,s30,3.2976,,1
7369,1749969905,s33,7.1284,good,1
7370,1776409398,s28,-3.7429,ok,2
7371,2026-03-17,s26,-5.7158,OK,2
7372,2026-02-10,s9,-1.3296,OK,2
7373,1709302479,s26,3.588,good,1
7374,1752727838,s39,1.2656,ok,1
7375,1777850185,s29,4.8672,BAD,1
7376,2026-02-13,s23,1.9263,good,0
7377,2026-08-19,s25,1.6359,ok,0
7378,1706440681,s1,3.4328,BAD,1
7379,1789610881,s12,-3.3383,BAD,2
7380,1750862937,s40,7.0589,BAD,1
7381,1733623968,s31,0.8068,,0
7382,2026-07-10,s12,-5.4508,ok,2
7383,2026-03-14,s19,-0.7787,,0
7384,2026-04-11,s25,5.3326,,1
7385,1756359499,s21,-3.8981,BAD,2
7386,2026-04-12,s13,-3.7181,,2
7387,2026-03-18,s21,2.7823,ok,1
7388,1745270771,s8,-0.3052,good,0
7389,1731607941,s8,-2.7011,good,2
7390,1713939074,s22,3.4951,OK,1
7391,1744711130,s10,-3.8712,BAD,2
7392,1728475586,s27,-1.8263,BAD,0
7393,2026-01-16,s30,7.5847,BAD,1
7394,1729500969,s10,5.8792,good,1
7395,2026-05-10,s13,-2.4491,ok,2
7396,2026-07-18,s22,-1.7487,good,2
7397,1714894615,s9,-5.3394,OK,2
7398,2026-01-14,s4,-2.349,,2
7399,2026-01-19,s35,6.0297,ok,1
7400,1777530638,s21,-2.0283,ok,2
7401,1742130145,s7,4.5919,good,1
7402,1700959324,s38,-3.7967,BAD,2
7403,2026-06-19,s11,-3.1732,OK,2
7404,1776256290,s36,-1.341,good,2
7405,2026-07-12,s29,0.1782,OK,0
7406,1741709527,s33,2.1737,ok,0
7407,2026-08-10,s37,2.2342,ok,0
7408,1773229946,s2,-3.4627,ok,2
7409,2026-09-13,s1,5.2137,good,1
7410,2026-07-15,s11,4.3852,BAD,1
7411,1754613390,s29,3.0391,,1
7412,1748141533,s6,,OK,0
7413,1777781106,s25,1.6293,ok,0
7414,1740062789,s34,-3.7159,good,2
7415,1754224745,s19,0.632,good,0
7416,2026-08-12,s36,-3.2531,good,2
7417,1783692678,s28,6.9711,good,0
7418,2026-04-18,s5,-3.0077,BAD,2
7419,1783185903,s40,-3.5105,good,2
7420,2026-09-19,s1,4.2724,ok,1
7421,1745029632,s30,1.8128,ok,0
7422,1706732112,s25,2.3522,OK,1
7423,1718157321,s7,-1.6007,,2
7424,2026-04-10,s4,-1.9745,ok,2
7425,2026-08-12,s12,4.1818,ok,1
7426,2026-09-10,s35,-4.1151,OK,2
7427,1709170600,s16,-0.1545,BAD,0
7428,2026-01-13,s13,0.4262,,0
7429,2026-06-17,s14,3.8888,good,1
7430,1726283475,s30,-0.5695,,0
7431,1759614071,s2,-1.6652,OK,2
7432,1743613748,s27,,good,1
7433,1706438859,s23,0.5782,good,1
7434,2026-06-18,s30,-4.2668,BAD,2
7435,2026-06-18,s20,-3.0917,BAD,2
7436,2026-03-13,s5,-3.2668,BAD,2
7437,1726206285,s24,-3.8541,ok,0
7438,2026-09-15,s29,3.5975,good,0
7439,2026-08-18,s34,-2.6588,ok,2
7440,2026-07-10,s18,-3.5039,,2
7441,2026-09-19,s5,-1.7541,,2
7442,1751876990,s27,3.6621,ok,1
7443,2026-04-13,s13,8.3587,BAD,1
7444,2026-08-10,s16,1.3563,BAD,0
7445,2026-07-19,s3,-3.3741,good,0
7446,1748846055,s20,-1.7497,good,2
7447,2026-08-11,s32,3.3179,,1
7448,1731546721,s29,-1.4148,,0
7449,1716456424,s10,-1.3548,OK,2
7450,1763289363,s6,,good,0
7451,2026-04-17,s32,,ok,1
7452,1700615584,s7,-5.7149,ok,2
7453,2026-06-12,s22,-2.8575,OK,2
7454,1788404058,s8,-2.8875,BAD,2
7455,1725711747,s30,-2.5267,BAD,2
7456,1702177388,s23,1.4485,ok,0
7457,2026-09-19,s28,-4.0422,OK,2
7458,2026-01-13,s25,2.4576,good,0
7459,2026-07-10,s29,-3.9768,OK,2
7460,2026-04-15,s33,-2.904,,2
7461,2026-02-17,s25,-2.3253,ok,2
7462,1756011612,s39,6.15,ok,1
7463,1752767544,s10,-6.3204,ok,2
7464,2026-09-11,s3,-6.5495,,2
7465,1765045210,s4,-1.4477,OK,2
7466,2026-06-19,s32,4.099,,1
7467,2026-01-10,s20,4.1775,ok,1
7468,1776992006,s29,6.8207,good,1
7469,2026-01-15,s16,4.0814,ok,1
7470,1745190660,s7,3.9684,ok,1
7471,1702751146,s1,3.6635,ok,1
7472,1755848650,s23,0.6693,ok,0
7473,1753708643,s23,-0.7726,good,0
7474,1757275352,s1,3.0093,,0
7475,2026-08-11,s18,-1.3956,ok,0
7476,1754059689,s17,1.1933,OK,0
7477,2026-03-15,s7,4.8024,OK,1
7478,1756687611,s12,-1.5792,OK,0
7479,2026-05-18,s4,4.5235,ok,1
7480,1769173218,s15,-3.2469,,2
7481,1719861844,s10,3.1841,ok,0
7482,1755514978,s38,-4.3179,good,2
7483,2026-07-16,s16,,OK,2
7484,2026-05-12,s11,-0.1345,BAD,0
7485,2026-08-13,s21,-1.7109,,0
7486,1745369058,s12,-3.8955,,2
7487,2026-04-10,s4,1.963,ok,0
7488,1740972955,s22,1.8148,OK,0
7489,1742486334,s19,-1.2153,BAD,2
7490,2026-04-13,s26,0.5947,ok,0
7491,2026-08-15,s33,6.1658,,1
7492,2026-07-14,s20,-5.1635,ok,2
7493,1721567708,s18,2.7104,good,0
7494,2026-05-12,s22,-6.3537,ok,2
7495,1713390721,s5,4.1439,OK,0
7496,2026-09-12,s16,-2.5423,good,2
7497,2026-03-14,s6,2.2025,OK,0
7498,2026-01-15,s40,-6.2818,BAD,2
7499,2026-04-12,s30,,ok,2
7500,2026-04-18,s9,1.8705,OK,1
7501,1700527738,s38,6.4565,good,1
7502,2026-05-18,s32,-2.4689,ok,2
7503,1759224786,s9,-1.1775,BAD,2
7504,2026-01-19,s36,5.8915,,1
7505,1729426684,s7,-2.1544,ok,2
7506,2026-04-17,s36,1.4854,OK,0
7507,1762009895,s19,3.0121,ok,0
7508,2026-01-16,s40,-0.1949,good,0
7509,1708481049,s19,2.8625,OK,0
7510,2026-06-10,s25,0.0738,,0
7511,1707202072,s40,4.276,OK,1
7512,1758082294,s33,-3.2504,,2
7513,1764797198,s37,2.3661,good,0
7514,2026-02-19,s12,0.4482,,0
7515,2026-04-18,s36,2.9172,good,0
7516,1785581568,s8,-3.8097,OK,2
7517,1724637887,s25,0.8243,ok,0
7518,2026-05-10,s21,-3.5706,ok,2
7519,1727892591,s1,4.7333,ok,1
7520,1774477505,s27,-3.574,OK,2
7521,2026-05-15,s5,1.34,ok,0
7522,2026-04-11,s1,-1.46,OK,2
7523,2026-02-15,s27,-4.377,good,2
7524,2026-03-16,s9,1.4304,good,0
7525,1701709185,s32,2.6798,OK,1
7526,1713772888,s39,-2.3172,,2
7527,2026-07-10,s20,-2.8158,ok,2
7528,1723423310,s20,-4.6359,OK,2
7529,2026-03-19,s7,-2.2759,,2
7530,2026-03-14,s1,-0.5178,OK,2
7531,1752264856,s17,-2.29,BAD,2
7532,1714926944,s3,-2.1105,good,2
7533,2026-08-18,s38,-1.977,OK,2
7534,2026-04-19,s39,-4.3368,BAD,2
7535,2026-08-10,s3,5.8545,,1
7536,2026-05-13,s15,-4.0836,BAD,2
7537,1701574207,s19,5.4521,good,1
7538,1779408591,s36,1.057,good,0
7539,2026-08-11,s21,1.8544,good,0
7540,1715116441,s16,-0.3076,good,0
7541,2026-01-16,s2,-4.3729,ok,2
7542,2026-09-19,s39,5.6684,OK,1
7543,1732323932,s12,-5.5822,,2
7544,1730727633,s15,-4.767,BAD,2
7545,2026-07-18,s33,-2.401,BAD,0
7546,1786544623,s11,4.809,BAD,1
7547,1743695221,s28,-3.2447,good,2
7548,1783705401,s3,-3.2262,,2
7549,1743853151,s37,0.2484,good,0
7550,2026-04-17,s6,5.878,OK,1
7551,2026-08-18,s23,5.4767,OK,1
7552,2026-06-18,s24,-0.4569,BAD,0
7553,1777696069,s10,-4.9438,,2
7554,2026-07-17,s9,1.6253,BAD,0
7555,1702838493,s22,-1.6677,ok,2
7556,1728255092,s10,0.6688,good,0
7557,2026-02-12,s34,-3.0565,OK,2
7558,1762641217,s32,1.0865,OK,0
7559,1780684582,s24,-1.9459,OK,0
7560,2026-07-13,s19,-0.6416,good,0
7561,1713748059,s35,3.027,,0
7562,1771801261,s9,-4.4863,,2
7563,2026-07-19,s34,-4.5114,,2
7564,2026-05-16,s22,5.6912,good,1
7565,2026-03-11,s37,8.6244,,1
7566,2026-08-16,s31,2.4379,OK,1
7567,2026-02-13,s30,6.0693,BAD,1
7568,1746432656,s3,0.5034,ok,0
7569,1714935405,s8,-3.0096,OK,2
7570,1704752700,s14,3.4377,OK,0
7571,1771424645,s5,4.795,,1
7572,1764426426,s20,2.5809,good,1
7573,1703624669,s6,-1.841,OK,2
7574,1724806321,s31,-2.5414,,2
7575,2026-05-13,s23,,OK,0
7576,1709664565,s6,-3.5294,,2
7577,1714408078,s40,-3.4977,OK,2
7578,2026-05-11,s33,2.8344,good,0
7579,2026-07-15,s22,4.8197,BAD,1
7580,2026-04-19,s39,1.3282,BAD,0
7581,1753475378,s16,6.8187,OK,1
7582,2026-03-19,s12,2.0599,,0
7583,2026-01-12,s11,2.5543,,0
7584,1731891034,s3,-5.569,good,2
7585,1746597267,s27,3.2334,,0
7586,1769008240,s10,-0.3424,good,2
7587,1772361988,s16,4.0872,good,1
7588,2026-07-18,s2,3.8045,,0
7589,2026-03-12,s13,1.9702,,0
7590,1737932441,s9,3.4353,ok,1
7591,2026-06-19,s24,5.3338,BAD,1
7592,1773084429,s19,-2.7146,good,2
7593,1726913297,s5,-4.8156,OK,2
7594,1725163938,s36,4.2222,ok,1
7595,2026-04-19,s14,-0.571,ok,0
7596,2026-05-19,s25,5.0973,OK,1
7597,1760308690,s35,0.3312,good,0
7598,1703383436,s21,-3.4491,,2
7599,2026-03-18,s17,3.3309,BAD,0
7600,1734207001,s8,9.5913,ok,1
7601,2026-07-14,s11,4.7193,BAD,1
7602,2026-01-11,s10,-1.6588,ok,0
7603,2026-05-19,s36,4.6466,OK,1
7604,2026-05-13,s40,-5.3587,OK,2
7605,2026-02-13,s23,0.1011,good,0
7606,1789076562,s8,-4.7154,,2
7607,1739015094,s12,0.1211,BAD,0
7608,1738248003,s21,-2.7521,ok,2
7609,2026-07-12,s10,-3.3942,,2
7610,1759873327,s19,2.4337,good,0
7611,1739301474,s19,-4.1028,ok,2
7612,2026-09-17,s13,1.5675,good,0
7613,2026-07-15,s24,3.0558,BAD,0
7614,1756610864,s34,2.9759,BAD,1
7615,1736375317,s39,5.037,,1
7616,2026-01-11,s11,4.482,BAD,1
7617,2026-01-15,s36,-0.8672,ok,0
7618,2026-08-11,s31,5.0788,BAD,1
7619,1715082945,s1,-2.2605,OK,2
7620,2026-09-16,s1,0.1497,good,1
7621,2026-01-15,s27,3.8103,BAD,0
7622,1714835208,s24,-0.7321,good,0
7623,1732517429,s6,3.9952,,1
7624,2026-07-18,s24,-5.8641,,2
7625,1775616034,s3,6.1113,ok,1
7626,2026-04-13,s10,4.965,good,1
7627,2026-02-13,s35,-0.3278,ok,1
7628,1747866335,s36,0.1014,BAD,1
7629,2026-06-19,s28,0.6167,,0
7630,1789589028,s24,2.4166,ok,0
7631,1753939421,s22,3.1886,,1
7632,2026-07-12,s22,-0.8644,good,2
7633,1758009406,s30,-0.5504,OK,2
7634,2026-08-14,s2,6.6166,ok,1
7635,1745490738,s21,5.2625,good,1
7636,2026-04-19,s19,-0.0415,ok,0
7637,1762267319,s34,-1.8376,OK,2
7638,1778970305,s12,-3.2974,good,2
7639,1777409379,s14,-2.5733,ok,2
7640,1772127111,s34,2.2664,good,0
7641,1705414010,s5,1.303,ok,0
7642,1707813011,s32,1.3823,,0
7643,1765215968,s39,-3.092,,2
7644,1703939776,s28,-1.4723,ok,0
7645,2026-04-10,s21,3.9609,ok,1
7646,1735519730,s34,1.9172,BAD,0
7647,2026-08-16,s29,6.8224,ok,1
7648,1788537716,s23,-2.5532,ok,2
7649,1722985285,s17,4.0066,OK,1
7650,2026-06-17,s33,6.629,ok,1
7651,1741543632,s31,-3.2943,,0
7652,1771490460,s14,-1.8655,OK,2
7653,2026-08-12,s6,-2.5365,ok,2
7654,2026-09-17,s19,3.537,ok,1
7655,2026-01-17,s23,2.3174,BAD,0
7656,1734319155,s40,,ok,2
7657,1764825631,s6,-2.5689,BAD,2
7658,1704908507,s13,-2.2129,OK,0
7659,2026-09-14,s14,0.4167,ok,0
7660,1739082507,s24,-2.5465,ok,2
7661,1776597842,s29,-4.6376,BAD,2
7662,1732717785,s12,1.77,good,0
7663,2026-04-14,s25,3.0532,,0
7664,2026-09-13,s21,2.535,,0
7665,1715566374,s37,-1.3664,BAD,0
7666,1731119009,s39,-1.3305,OK,0
7667,1709322892,s2,5.3638,ok,1
7668,1704582017,s3,5.4168,,1
7669,2026-04-17,s4,-0.928,BAD,2
7670,2026-02-19,s31,1.3999,,0
7671,2026-08-17,s21,-4.3244,good,2
7672,2026-04-15,s10,,OK,1
7673,2026-09-14,s37,3.9052,OK,0
7674,2026-06-12,s17,-3.1293,ok,2
7675,1777983883,s17,1.3562,OK,0
7676,1716782690,s26,-3.0711,OK,2
7677,2026-01-12,s14,1.1097,BAD,0
7678,1779628891,s3,6.1298,OK,1
7679,2026-08-17,s13,4.7157,OK,1
7680,2026-06-16,s16,-2.6622,,2
7681,2026-05-19,s11,-4.4492,ok,2
7682,2026-03-17,s35,-4.746,good,2
7683,2026-05-16,s30,1.821,OK,0
7684,1706904082,s25,-1.4735,ok,2
7685,2026-08-17,s35,-6.3438,OK,2
7686,1786047343,s16,-1.4895,,2
7687,1759455087,s35,5.9375,BAD,1
7688,2026-06-13,s12,,ok,2
7689,2026-01-11,s31,-2.8042,,2
7690,2026-09-14,s26,-1.2611,BAD,0
7691,2026-07-12,s3,0.5278,BAD,0
7692,1766142852,s17,4.7722,good,1
7693,2026-01-19,s38,1.5577,good,0
7694,2026-01-16,s31,5.7626,OK,1
7695,1788667370,s14,1.5367,BAD,1
7696,2026-04-17,s33,7.3595,OK,1
7697,1788891153,s5,1.4837,good,0
7698,1758079296,s35,0.3099,,0
7699,2026-08-17,s14,3.4457,OK,1
7700,2026-03-12,s27,0.3446,BAD,0
7701,1736040871,s7,-0.9952,,0
7702,2026-08-11,s6,6.015,,1
7703,2026-08-15,s36,2.8851,BAD,1
7704,1714788889,s20,6.643,ok,1
7705,2026-09-17,s38,-4.4545,ok,2
7706,1757126647,s14,5.2889,BAD,1
7707,2026-02-17,s38,5.0173,ok,1
7708,1781743034,s17,3.4755,OK,1
7709,2026-05-12,s1,-2.7808,ok,0
7710,2026-06-16,s5,3.3756,OK,1
7711,2026-09-15,s26,6.5132,good,1
7712,1727772774,s19,4.4652,ok,1
7713,1707270171,s36,-0.4439,BAD,0
7714,1742426273,s25,-3.0775,OK,2
7715,2026-08-15,s25,0.1506,,0
7716,1735586394,s4,-1.2717,OK,2
7717,1748216497,s10,-5.3606,ok,2
7718,2026-05-15,s32,1.977,BAD,1
7719,1736676220,s3,-2.3643,OK,0
7720,2026-04-18,s17,4.2992,BAD,1
7721,2026-06-17,s7,6.1646,BAD,1
7722,2026-03-11,s15,-2.9952,OK,2
7723,2026-07-19,s8,2.0436,good,1
7724,2026-01-17,s13,7.8288,BAD,1
7725,2026-07-16,s23,-3.8658,BAD,2
7726,2026-09-10,s17,2.3178,,1
7727,2026-01-14,s26,-2.6453,,2
7728,1764012486,s10,-0.1717,ok,2
7729,2026-02-18,s39,-5.2447,,2
7730,1771610865,s16,-4.1763,OK,2
7731,1736482779,s15,2.5456,OK,1
7732,1759791065,s29,-4.4362,ok,2
7733,1775755000,s33,-0.6162,good,2
7734,1778336324,s8,7.1052,good,1
7735,1769179338,s31,7.0737,,1
7736,2026-02-17,s17,-2.2766,good,0
7737,2026-04-10,s22,3.1292,ok,0
7738,1740745216,s38,0.2983,ok,0
7739,2026-02-14,s30,-6.6521,ok,2
7740,2026-07-12,s17,-2.7923,good,2
7741,2026-08-17,s23,4.8795,good,1
7742,1725529565,s1,0.5578,BAD,0
7743,1763378206,s28,4.4583,ok,1
7744,1757888557,s8,3.0454,good,1
7745,2026-08-16,s23,2.8876,OK,0
7746,1779131126,s1,-1.277,good,2
7747,1783855636,s20,9.2018,,1
7748,1735174003,s37,0.1013,good,0
7749,1713301841,s9,1.3027,OK,1
7750,1736897031,s13,2.263,BAD,1
7751,2026-01-18,s35,-5.1525,ok,2
7752,2026-08-19,s32,3.1717,ok,1
7753,2026-07-17,s38,-4.1315,OK,2
7754,2026-01-19,s21,6.6521,ok,1
7755,2026-05-19,s21,4.9669,,1
7756,1726435951,s34,-4.8152,good,2
7757,2026-01-19,s5,3.362,ok,1
7758,1701966475,s37,-6.5819,BAD,2
7759,2026-02-18,s21,-1.7312,BAD,2
7760,1716207702,s7,0.1837,good,1
7761,1786143320,s22,-4.1116,OK,2
7762,1727467905,s40,1.4011,ok,0
7763,1748817572,s8,2.6382,good,1
7764,2026-04-16,s8,1.0386,BAD,0
7765,2026-02-10,s28,3.2869,good,1
7766,1761734749,s28,-3.0349,BAD,2
7767,2026-01-10,s17,-2.8722,,2
7768,1713049161,s23,-0.8992,good,2
7769,2026-07-17,s32,1.6031,BAD,0
7770,1736568805,s23,1.6391,ok,1
7771,2026-02-10,s29,-3.462,BAD,2
7772,2026-05-14,s11,6.7379,ok,1
7773,2026-09-12,s8,0.5606,good,0
7774,1721212051,s2,-1.545,BAD,0
7775,2026-07-10,s18,-1.096,ok,0
7776,2026-08-14,s40,4.367,OK,1
7777,1733806902,s37,3.722,OK,1
7778,1787091111,s11,4.8907,OK,1
7779,2026-01-10,s36,-2.2206,OK,2
7780,2026-05-17,s36,2.5106,OK,0
7781,1754752114,s6,0.4621,good,0
7782,1751530889,s23,-2.3044,ok,2
7783,1736466866,s22,,ok,2
7784,1756823182,s3,-4.645,ok,2
7785,1729023729,s14,-1.4534,good,0
7786,2026-06-12,s16,6.8007,good,1
7787,2026-05-14,s16,-1.7344,OK,2
7788,1757263368,s10,2.9569,good,1
7789,2026-06-14,s8,3.6437,ok,0
7790,1703556876,s5,5.1887,,1
7791,1743477677,s11,-2.1076,ok,0
7792,1747157836,s18,,BAD,0
7793,1709109321,s36,0.4751,BAD,0
7794,2026-09-11,s23,-4.2833,ok,2
7795,1710220237,s34,5.1697,,1
7796,1766224513,s34,0.5137,ok,0
7797,1786857278,s25,,,0
7798,2026-01-12,s34,6.735,OK,1
7799,2026-02-11,s28,-0.647,ok,0
7800,1769132111,s34,-0.9752,good,1
7801,2026-02-14,s39,-3.3418,good,2
7802,1743382001,s17,2.303,,0
7803,2026-04-12,s23,-1.6028,BAD,2
7804,2026-06-14,s2,-2.9196,good,0
7805,2026-03-17,s13,0.9328,good,0
7806,2026-07-16,s16,-3.546,OK,2
7807,1709308264,s17,-1.5039,good,0
7808,2026-06-17,s8,-0.8099,ok,0
7809,1763160997,s27,3.2649,OK,0
7810,2026-04-10,s3,-2.5517,,2
7811,2026-09-17,s17,,good,1
7812,1732982929,s25,8.2005,BAD,1
7813,2026-09-11,s5,0.4876,BAD,0
7814,1784439713,s39,-4.6833,OK,2
7815,1759906315,s9,-3.2916,BAD,2
7816,1700352476,s27,-3.3819,,2
7817,1719357356,s26,3.5246,OK,1
7818,1770745604,s31,2.5942,,0
7819,2026-01-18,s2,4.3349,BAD,1
7820,1778794343,s7,-2.4986,,2
7821,1764678774,s20,-0.7416,,2
7822,2026-01-17,s35,-0.5679,OK,0
7823,1788485690,s9,3.5392,ok,1
7824,1786040956,s33,-0.1088,,2
7825,2026-08-11,s32,-2.4595,OK,0
7826,2026-02-15,s16,0.8781,ok,2
7827,1760969515,s19,-1.5769,good,2
7828,1722769643,s10,5.3539,,1
7829,2026-06-10,s6,0.5979,BAD,1
7830,2026-06-16,s36,6.194,OK,1
7831,2026-02-15,s9,0.7308,,0
7832,1766233904,s36,-3.0148,good,2
7833,1746608277,s3,6.6815,BAD,1
7834,2026-08-16,s5,9.6639,good,1
7835,1784102931,s6,4.6519,BAD,1
7836,1760174812,s26,-1.9467,OK,2
7837,2026-02-14,s35,-3.8632,,2
7838,2026-09-11,s12,-0.4023,,0
7839,1751412582,s21,1.2041,OK,0
7840,2026-05-16,s19,6.384,BAD,1
7841,2026-07-19,s10,1.1511,,0
7842,2026-03-12,s8,-5.6697,good,2
7843,1743184204,s18,5.6138,good,1
7844,1780866164,s3,2.2544,ok,1
7845,2026-03-17,s27,-2.6282,BAD,2
7846,2026-03-16,s22,3.339,,1
7847,1735691910,s10,1.8535,good,0
7848,1754892918,s8,3.3198,good,1
7849,2026-07-19,s39,2.265,OK,1
7850,2026-01-14,s14,-3.624,ok,2
7851,2026-04-19,s33,2.764,OK,0
7852,1727435399,s9,0.3958,good,0
7853,2026-07-18,s15,-4.9726,ok,2
7854,1773828991,s32,1.8007,BAD,0
7855,2026-05-19,s8,2.1792,,0
7856,1781455062,s12,4.7944,OK,1
7857,2026-03-15,s29,5.1981,BAD,1
7858,1717241235,s33,3.5649,OK,1
7859,2026-06-19,s3,3.2797,OK,1
7860,1724705336,s35,-3.6404,ok,2
7861,2026-01-16,s39,-1.967,good,0
7862,1785370091,s12,-2.453,good,2
7863,2026-01-16,s28,4.8912,good,1
7864,2026-07-11,s35,0.1593,OK,0
7865,2026-01-14,s2,5.7807,good,1
7866,1756995366,s25,1.9416,good,0
7867,1765860789,s20,2.2822,good,0
7868,2026-02-13,s1,5.1934,OK,1
7869,1763928208,s1,7.0012,BAD,1
7870,2026-07-19,s32,-3.4219,OK,2
7871,2026-07-18,s34,0.03,BAD,2
7872,1704406270,s13,4.1016,good,1
7873,1756682109,s24,3.3401,OK,1
7874,2026-01-13,s12,7.1938,BAD,1
7875,2026-06-17,s40,-1.3888,good,2
7876,2026-07-17,s30,0.4948,ok,0
7877,1702670803,s4,0.1442,,0
7878,1701880037,s4,-3.0643,,2
7879,2026-06-18,s8,-4.2305,good,2
7880,2026-05-16,s32,-3.7098,BAD,2
7881,1748969372,s27,4.4161,,1
7882,1702331444,s35,2.8149,ok,1
7883,2026-03-10,s15,7.1437,BAD,1
7884,1750809484,s3,0.1991,ok,0
7885,1780174950,s28,-2.9474,ok,2
7886,1771551493,s1,2.3242,ok,1
7887,1749301072,s12,-2.0962,ok,2
7888,2026-07-16,s24,2.7852,OK,1
7889,2026-02-12,s39,1.1917,,0
7890,1736171190,s7,-5.0404,ok,2
7891,2026-05-16,s17,5.4998,BAD,1
7892,1732729865,s32,8.1592,,1
7893,1758614376,s19,5.6388,BAD,1
7894,1700570462,s5,,good,1
7895,1734704426,s7,-4.1477,good,2
7896,2026-04-17,s10,-0.7312,good,0
7897,2026-09-19,s26,-4.7965,ok,2
7898,2026-05-16,s33,-5.0665,,2
7899,1745995846,s7,-2.5391,ok,2
7900,1758283746,s1,-0.4599,BAD,0
7901,1785755972,s25,6.4176,ok,1
7902,1711030108,s33,8.7691,BAD,1
7903,1786610998,s3,2.0831,BAD,0
7904,1757921974,s30,-1.0965,ok,2
7905,1780347962,s7,-2.4561,good,2
7906,2026-08-14,s10,2.9816,BAD,1
7907,1730191558,s34,0.2423,good,0
7908,1709645097,s5,-1.3542,ok,0
7909,1715052547,s27,5.1306,OK,1
7910,2026-01-14,s1,-2.5319,good,2
7911,2026-06-18,s23,-1.2759,good,0
7912,1739375047,s33,-1.7152,ok,2
7913,2026-08-16,s1,1.1129,BAD,0
7914,1768751290,s16,-6.0753,,2
7915,2026-08-16,s34,4.7272,good,1
7916,1712612315,s38,3.551,BAD,1
7917,2026-04-19,s21,,good,2
7918,2026-04-15,s3,5.4709,good,1
7919,2026-03-16,s5,0.0276,OK,0
7920,1770678184,s4,6.2873,ok,1
7921,2026-03-17,s5,-4.4408,ok,2
7922,2026-08-18,s25,5.0641,good,1
7923,2026-01-10,s10,6.2733,OK,1
7924,1773952112,s11,-1.9117,good,0
7925,2026-06-10,s24,-4.9706,BAD,2
7926,2026-03-11,s27,-1.7413,ok,2
7927,2026-01-15,s18,2.1789,good,0
7928,1759351021,s24,-2.3268,,2
7929,1742832933,s22,0.406,ok,0
7930,1715528705,s23,5.3622,good,1
7931,2026-07-13,s6,1.8531,good,1
7932,1749768579,s27,1.8006,OK,0
7933,2026-04-16,s10,-4.5387,ok,2
7934,2026-05-10,s12,0.2212,good,0
7935,2026-03-18,s37,-2.9244,ok,2
7936,2026-07-11,s31,1.0906,,0
7937,2026-08-12,s23,-5.3486,good,2
7938,1778177560,s22,7.1684,good,1
7939,1744827205,s39,4.5617,ok,1
7940,1788723418,s9,4.5185,ok,1
7941,2026-06-14,s13,2.2391,good,1
7942,1776623990,s32,7.0634,,1
7943,2026-07-11,s20,-2.1024,ok,2
7944,1705017119,s5,0.1031,good,0
7945,2026-09-13,s2,-4.8083,good,2
7946,2026-05-12,s11,-1.4027,BAD,2
7947,1732385470,s15,-1.8279,OK,2
7948,1773749489,s12,5.0337,OK,0
7949,1705068369,s9,-3.8649,BAD,2
7950,1780688389,s11,-2.6891,OK,2
7951,2026-03-10,s20,5.2064,ok,1
7952,2026-01-14,s9,-1.0355,good,2
7953,2026-02-16,s34,0.4189,,0
7954,1724414539,s12,5.2698,ok,0
7955,1744365511,s10,5.5338,OK,1
7956,1749554771,s24,-0.7519,ok,2
7957,1700501781,s17,5.5393,OK,1
7958,1715190995,s39,4.7447,good,1
7959,1720600021,s19,-3.5207,BAD,2
7960,1757259626,s33,0.7207,,0
7961,1743922769,s34,0.0385,OK,0
7962,2026-09-13,s8,-0.2628,,2
7963,1704197179,s23,5.3097,OK,1
7964,1774240002,s19,3.5276,BAD,1
7965,2026-01-12,s39,1.2483,BAD,0
7966,1780007200,s19,5.3175,OK,1
7967,1786392589,s13,6.5872,OK,1
7968,1707018806,s4,5.1185,BAD,1
7969,2026-04-12,s34,-0.4551,good,0
7970,1788579114,s24,-3.8591,BAD,2
7971,1702306476,s34,-3.7343,OK,2
7972,2026-04-15,s40,3.0967,ok,1
7973,2026-03-18,s23,6.4483,ok,1
7974,2026-01-12,s13,3.9236,,1
7975,1757882266,s11,-4.7283,good,2
7976,1765007753,s35,,BAD,1
7977,2026-03-11,s20,1.3495,,0
7978,1773803607,s32,1.0987,good,0
7979,2026-09-17,s10,-1.997,OK,0
7980,2026-07-12,s24,-2.935,,2
7981,1760633283,s27,3.5611,BAD,0
7982,1700477985,s26,-1.7223,,2
7983,2026-07-17,s31,4.6831,good,1
7984,2026-08-13,s11,8.0251,OK,1
7985,1778124157,s7,0.9229,ok,0
7986,2026-03-17,s9,6.5814,good,1
7987,1786737303,s25,-2.2943,good,0
7988,1742536779,s3,4.9114,BAD,1
7989,1772514333,s12,-5.4718,BAD,2
7990,2026-06-13,s40,-4.2359,ok,2
7991,1723773395,s7,-0.443,BAD,0
7992,2026-07-16,s27,4.0601,good,0
7993,2026-08-13,s2,2.9847,ok,1
7994,1726902690,s7,-9.4672,,2
7995,1722449947,s15,5.4555,,1
7996,2026-04-16,s28,-4.6454,,2
7997,2026-01-15,s3,,ok,1
7998,2026-03-11,s21,-1.9384,OK,2
7999,1744598320,s16,4.2995,OK,1
8000,2026-02-17,s10,-2.7322,good,2
8001,2026-01-11,s28,-7.3935,ok,2
8002,1726779859,s39,-3.9167,,2
8003,2026-03-12,s35,3.4637,,0
8004,1767723278,s5,4.5705,BAD,1
8005,2026-05-16,s7,-5.1933,BAD,2
8006,1705702635,s39,4.5937,ok,1
8007,1724924359,s24,1.9307,good,1
8008,1719184012,s37,,OK,0
8009,2026-09-14,s17,0.04,good,0
8010,1710686461,s12,4.0139,good,1
8011,1774525056,s15,1.3955,BAD,0
8012,2026-01-13,s37,2.1401,ok,0
8013,2026-05-10,s10,,,0
8014,1703463444,s5,1.3483,OK,0
8015,1731725439,s38,6.2535,OK,1
8016,1754779867,s35,2.9552,,0
8017,2026-07-12,s21,-3.299,,2
8018,1701204883,s10,3.2977,BAD,1
8019,1711270626,s39,-2.1091,ok,2
8020,1754660975,s26,7.5448,BAD,1
8021,2026-09-10,s19,3.3324,ok,0
8022,2026-06-18,s39,-1.7461,,2
8023,2026-04-19,s3,6.7112,BAD,1
8024,1739693374,s18,-3.2118,BAD,2
8025,1713647496,s39,0.5672,ok,0
8026,1729654098,s33,-1.7812,OK,0
8027,2026-05-10,s9,3.3535,BAD,1
8028,2026-07-13,s29,-4.7785,ok,2
8029,2026-07-14,s17,-0.1514,,1
8030,1772143364,s8,1.0755,ok,0
8031,1751902399,s37,-4.426,BAD,2
8032,2026-05-13,s30,8.5282,BAD,1
8033,1728420536,s31,5.007,,1
8034,1784784680,s30,-0.3466,good,2
8035,1754458356,s35,-0.5942,good,2
8036,1728315480,s10,0.5489,,2
8037,2026-06-11,s1,1.8024,good,0
8038,2026-03-13,s3,1.0043,BAD,0
8039,1738182837,s32,1.1364,,0
8040,2026-02-19,s10,2.4026,OK,1
8041,1775128555,s3,-5.0046,good,2
8042,1712061839,s18,4.4667,OK,0
8043,2026-04-10,s2,-4.2506,BAD,2
8044,2026-06-16,s10,3.7889,ok,0
8045,1716581373,s3,5.4917,OK,1
8046,2026-02-10,s4,2.8002,good,0
8047,1709418697,s39,0.332,good,0
8048,2026-07-15,s16,-0.7649,BAD,2
8049,1759305993,s19,3.4842,ok,0
8050,2026-05-13,s18,1.9809,OK,1
8051,1709162987,s39,-1.6018,ok,0
8052,1733684017,s3,-1.5612,good,2
8053,1755615364,s15,1.1178,,1
8054,1771160839,s2,6.0769,BAD,1
8055,2026-07-12,s34,-0.3351,BAD,0
8056,2026-02-17,s12,,BAD,2
8057,1768488754,s32,7.4437,OK,1
8058,2026-01-16,s9,-2.6035,good,2
8059,2026-04-13,s33,2.6127,BAD,1
8060,2026-08-14,s4,-4.318,OK,2
8061,1757175676,s12,-2.2018,,0
8062,2026-07-19,s25,9.9489,OK,1
8063,1729717953,s11,1.905,good,0
8064,2026-04-12,s28,8.2379,good,1
8065,1781993878,s18,4.5041,BAD,1
8066,1720130812,s4,2.3087,,0
8067,2026-01-13,s31,-3.9354,OK,2
8068,2026-08-14,s19,2.377,BAD,0
8069,2026-01-12,s40,-1.8406,BAD,2
8070,2026-06-10,s30,1.2096,OK,0
8071,1783988085,s12,-0.4215,BAD,0
8072,1702411898,s38,0.1075,BAD,0
8073,2026-06-17,s26,1.8825,ok,0
8074,1707695227,s4,5.9805,OK,1
8075,1723910251,s13,-1.2914,ok,0
8076,1780401444,s19,1.4733,OK,0
8077,2026-05-10,s5,-3.7267,OK,2
8078,1775063455,s12,2.4801,,1
8079,1708375355,s2,3.8409,good,0
8080,2026-04-17,s29,8.0377,good,1
8081,2026-06-10,s22,-3.331,OK,2
8082,2026-03-17,s35,,,2
8083,2026-06-13,s8,,,2
8084,2026-03-12,s24,-1.4702,,2
8085,2026-03-13,s18,5.3199,BAD,1
8086,1731647301,s10,4.9801,ok,0
8087,2026-07-19,s7,-1.5309,BAD,2
8088,2026-05-17,s39,-2.2446,good,2
8089,2026-09-19,s29,5.7185,BAD,1
8090,2026-01-14,s5,1.7796,BAD,0
8091,1708204337,s27,-0.203,good,0
8092,1764430281,s30,-1.9091,,0
8093,1783944568,s25,5.0118,,1
8094,1712096430,s24,-1.3965,OK,2
8095,2026-04-11,s9,-3.8378,good,2
8096,2026-01-11,s21,-2.2746,OK,2
8097,2026-05-12,s17,7.2416,OK,1
8098,2026-04-16,s18,2.7688,OK,1
8099,2026-08-11,s1,3.0633,ok,1
8100,2026-01-13,s25,1.1236,BAD,0
8101,1756602633,s28,3.7189,ok,1
8102,1719578667,s11,0.4123,BAD,0
8103,1711442155,s36,-1.3674,BAD,0
8104,2026-01-11,s15,5.2199,OK,1
8105,2026-03-14,s1,-4.7405,,2
8106,2026-01-19,s38,5.6259,ok,1
8107,2026-08-12,s25,4.9803,BAD,1
8108,2026-07-10,s23,0.834,BAD,0
8109,2026-08-18,s2,0.8499,BAD,1
8110,2026-03-13,s26,-2.3592,BAD,0
8111,2026-02-15,s5,1.9356,,0
8112,1725541050,s11,5.1918,,1
8113,2026-06-18,s19,-0.3861,,2
8114,2026-08-18,s38,-0.8579,,0
8115,1776504213,s3,,ok,1
8116,2026-08-19,s6,2.5399,good,0
8117,1789341650,s24,3.8493,,1
8118,2026-07-18,s15,2.4015,ok,1
8119,2026-06-15,s35,-0.0454,OK,1
8120,2026-04-14,s38,-3.0003,,0
8121,1727256433,s38,0.4771,ok,0
8122,2026-03-16,s40,4.3154,good,1
8123,1762175713,s24,0.2932,ok,0
8124,2026-08-14,s5,-5.2576,good,2
8125,2026-05-15,s30,-4.9913,,2
8126,2026-07-17,s16,1.7741,BAD,0
8127,2026-05-18,s30,-2.1671,BAD,2
8128,2026-01-10,s21,2.5987,BAD,1
8129,2026-07-10,s17,0.2,ok,0
8130,2026-05-18,s20,0.0925,BAD,0
8131,1783029530,s18,-0.1367,ok,0
8132,2026-02-11,s3,-3.5904,ok,2
8133,1757195631,s21,-3.6008,ok,2
8134,2026-02-10,s7,3.1672,BAD,1
8135,1709174146,s1,2.2431,,0
8136,1724229738,s30,,OK,2
8137,1786660593,s23,3.8188,OK,1
8138,2026-04-19,s21,-2.7009,,0
8139,1757676595,s22,2.9704,BAD,1
8140,2026-07-12,s18,-4.344,,2
8141,2026-05-19,s29,1.4113,OK,0
8142,2026-04-16,s29,4.6579,,1
8143,2026-05-19,s2,7.1995,OK,1
8144,1702277113,s29,1.8691,good,0
8145,2026-01-15,s39,6.5875,BAD,1
8146,2026-06-12,s9,1.9299,BAD,0
8147,2026-06-19,s3,-0.8335,BAD,2
8148,1709557011,s1,0.9104,,2
8149,1736210289,s26,2.1319,OK,1
8150,2026-09-14,s9,5.2744,OK,1
8151,2026-02-16,s4,-1.3755,good,2
8152,2026-01-15,s3,1.055,BAD,0
8153,2026-03-17,s9,0.7723,BAD,2
8154,1720061422,s31,7.2857,OK,1
8155,2026-06-15,s16,-1.1056,good,1
8156,1731371858,s21,-2.1222,,2
8157,2026-04-18,s40,-2.1938,ok,0
8158,1725888670,s12,1.5683,OK,0
8159,1713035452,s13,0.7313,ok,0
8160,1746037433,s29,-3.3767,good,2
8161,1776342008,s13,2.2713,,0
8162,1747665217,s7,0.1441,good,0
8163,1743288757,s4,4.9544,ok,1
8164,1762386870,s17,1.4246,BAD,0
8165,1716057828,s36,4.5068,good,1
8166,1725396342,s31,1.8795,,0
8167,2026-04-13,s6,5.7867,,1
8168,2026-07-10,s10,-0.2573,BAD,0
8169,1778572771,s27,-5.8551,,2
8170,1735030456,s3,-2.725,BAD,2
8171,1781572884,s31,,BAD,2
8172,2026-05-15,s37,3.9313,,1
8173,1763068001,s23,-2.9706,OK,2
8174,1739947793,s1,-4.355,ok,2
8175,2026-07-17,s22,0.0263,,0
8176,2026-01-15,s39,-6.7197,,2
8177,2026-02-13,s21,4.9206,BAD,1
8178,2026-04-11,s4,1.2749,,0
8179,2026-01-11,s8,-4.1606,,2
8180,2026-01-19,s35,-2.601,,2
8181,1753218228,s14,-0.8354,ok,2
8182,1711182623,s39,-1.762,OK,0
8183,1708864295,s40,,OK,2
8184,1762574392,s10,0.1646,OK,0
8185,1726863953,s23,3.0418,ok,1
8186,1710352319,s10,6.4866,ok,1
8187,1704676248,s3,-0.3861,good,0
8188,2026-05-19,s36,-2.6882,OK,2
8189,1787297552,s32,,good,1
8190,2026-09-14,s15,-2.0851,good,2
8191,2026-07-12,s4,-3.6511,,2
8192,1741186308,s9,3.9664,,1
8193,2026-02-15,s6,4.736,good,1
8194,1754450344,s4,,BAD,2
8195,2026-07-10,s3,-2.0932,OK,2
8196,2026-07-11,s34,2.2992,OK,1
8197,1758193235,s40,-0.693,BAD,2
8198,2026-01-19,s13,-0.3493,OK,0
8199,2026-01-13,s27,-3.0409,good,2
8200,1781788532,s7,-0.7393,ok,0
8201,1737229810,s25,6.2529,BAD,1
8202,2026-07-14,s12,6.1173,BAD,1
8203,1715290430,s8,2.0103,BAD,0
8204,1761422648,s31,-2.6394,BAD,2
8205,2026-03-14,s22,,,0
8206,1759010252,s36,1.55,ok,0
8207,1767657481,s4,-3.708,,2
8208,2026-08-10,s17,0.1591,OK,0
8209,1748476535,s35,-4.9121,,2
8210,2026-09-19,s4,,BAD,2
8211,2026-08-19,s8,5.2212,,1
8212,2026-07-15,s2,-2.9528,BAD,2
8213,2026-05-16,s32,-1.973,ok,2
8214,1709983181,s40,-3.0647,,2
8215,2026-05-13,s26,-1.5346,OK,2
8216,2026-07-17,s9,6.5667,ok,1
8217,1775370133,s9,4.1606,,1
8218,2026-04-10,s5,-5.3449,good,2
8219,1716676439,s19,-1.9512,,2
8220,2026-06-16,s14,2.4697,BAD,0
8221,1753305123,s14,2.6597,,0
8222,2026-07-18,s17,0.3075,ok,2
8223,1763875310,s26,-2.7545,,2
8224,2026-07-11,s6,2.2443,ok,0
8225,2026-02-17,s22,7.2403,,1
8226,2026-07-19,s31,2.2438,good,0
8227,2026-05-13,s7,2.0905,,0
8228,2026-06-13,s39,1.5914,OK,1
8229,1783311267,s4,-3.8873,good,2
8230,1750960594,s25,-2.251,OK,2
8231,1705521012,s28,0.5834,,0
8232,2026-07-13,s37,-2.0715,BAD,0
8233,2026-07-14,s9,-5.4631,OK,2
8234,2026-07-17,s14,-0.3602,BAD,0
8235,1771578988,s34,-1.29,good,2
8236,1722493711,s38,-1.3538,BAD,2
8237,1703459450,s30,-3.189,OK,2
8238,1700944808,s10,2.8601,BAD,1
8239,2026-08-18,s28,3.7506,OK,1
8240,2026-04-15,s35,1.852,ok,0
8241,2026-03-16,s4,-0.7059,OK,0
8242,1736512122,s4,4.0577,ok,0
8243,1705854642,s40,0.4995,OK,0
8244,2026-06-19,s30,,,1
8245,2026-08-15,s38,-3.2369,BAD,2
8246,1743977217,s35,0.1967,ok,1
8247,2026-08-12,s28,4.0059,BAD,1
8248,2026-09-15,s26,-1.9426,BAD,2
8249,1748518423,s27,0.2123,OK,0
8250,2026-09-13,s9,-4.1591,BAD,2
8251,1772827451,s24,-3.0086,ok,2
8252,1735242605,s28,2.3952,good,0
8253,1712191284,s5,4.7895,,1
8254,2026-05-13,s25,2.9488,BAD,1
8255,1701740372,s31,0.8053,OK,0
8256,2026-02-17,s17,0.5878,,0
8257,2026-09-16,s10,-5.5181,,2
8258,2026-01-12,s39,-1.744,OK,2
8259,2026-07-15,s37,-0.0651,,0
8260,1714802661,s12,3.2318,good,0
8261,2026-01-12,s22,6.0386,BAD,1
8262,2026-02-19,s27,-3.6833,BAD,2
8263,2026-01-18,s34,0.8328,good,0
8264,2026-09-14,s15,,ok,1
8265,1700554273,s32,4.5528,OK,0
8266,2026-01-14,s15,-2.1082,OK,2
8267,1765459894,s1,-2.7354,,2
8268,2026-09-10,s19,4.8384,,1
8269,2026-06-11,s25,-4.2542,,2
8270,1717742677,s7,-3.1054,BAD,2
8271,1751403228,s11,-1.721,ok,2
8272,2026-04-14,s4,1.0919,,0
8273,2026-06-12,s1,4.1762,good,1
8274,1709301895,s22,4.6247,BAD,1
8275,1772991225,s17,-1.1517,OK,0
8276,2026-08-10,s4,-0.2024,ok,0
8277,2026-05-19,s27,,OK,1
8278,2026-09-17,s9,0.5703,good,0
8279,2026-03-13,s1,5.3111,,1
8280,1704334714,s24,-1.6355,good,0
8281,1746869478,s14,-4.8019,OK,2
8282,1784539738,s13,2.2849,good,1
8283,2026-08-17,s11,-0.696,OK,1
8284,1721608348,s4,4.9244,BAD,1
8285,1767049767,s38,-4.4013,OK,2
8286,2026-05-11,s27,5.7642,,1
8287,2026-02-18,s12,-2.4785,,2
8288,2026-09-17,s4,-3.2174,BAD,0
8289,1772448645,s23,-3.0247,,0
8290,1745965411,s26,6.0887,BAD,1
8291,1728150255,s29,5.4403,OK,1
8292,2026-05-19,s7,-1.0967,BAD,2
8293,2026-08-12,s18,-4.3109,,2
8294,1723422537,s4,-0.9643,BAD,2
8295,2026-06-18,s6,5.4594,,1
8296,1757797292,s20,1.849,good,0
8297,2026-09-11,s29,3.508,ok,1
8298,2026-04-12,s23,-1.1587,OK,2
8299,1738399083,s10,6.4837,ok,1
8300,2026-09-18,s2,4.7278,,1
8301,2026-07-17,s31,1.4386,BAD,0
8302,1713444621,s35,1.3636,ok,0
8303,1779262371,s39,4.3955,OK,0
8304,1735812565,s6,-0.6385,,2
8305,1768564003,s29,1.0283,,0
8306,1765010677,s19,4.3326,BAD,1
8307,2026-03-14,s17,3.7676,,1
8308,2026-09-19,s6,-1.1925,good,0
8309,1717249515,s16,2.3907,OK,0
8310,1753662451,s29,3.6484,BAD,1
8311,1729247479,s29,-0.1708,OK,0
8312,1724522257,s3,4.2697,OK,0
8313,2026-04-11,s23,7.9276,OK,1
8314,2026-04-19,s39,-0.2904,ok,2
8315,1770152315,s40,3.6801,good,1
8316,2026-05-16,s6,1.1532,OK,1
8317,1702228866,s10,5.6959,BAD,0
8318,2026-02-11,s23,,good,1
8319,2026-09-12,s27,0.1162,OK,2
8320,1731560707,s40,5.536,OK,1
8321,1777937073,s7,-6.0348,ok,2
8322,1745359241,s40,-0.192,OK,0
8323,1733410656,s5,2.3864,ok,0
8324,2026-03-15,s28,-1.9452,good,2
8325,1767736633,s14,-0.874,good,2
8326,2026-03-19,s7,0.7261,ok,0
8327,1741201691,s18,-2.2559,BAD,2
8328,2026-09-12,s20,-0.7997,good,0
8329,2026-06-13,s32,9.012,,1
8330,1703614652,s24,4.8332,OK,1
8331,2026-04-11,s26,-2.8368,good,2
8332,1708686917,s19,1.5724,ok,0
8333,1786863076,s14,1.7828,ok,0
8334,2026-05-10,s11,6.5515,ok,1
8335,2026-01-16,s19,,ok,0
8336,2026-06-14,s17,-0.4761,,2
8337,1779982230,s34,4.921,ok,1
8338,2026-04-13,s29,-3.0463,ok,2
8339,1755166543,s17,2.3393,OK,0
8340,2026-02-11,s27,0.1625,good,0
8341,1734828588,s9,-3.4534,OK,2
8342,2026-03-10,s24,6.9604,good,1
8343,2026-03-12,s12,-3.9749,good,2
8344,2026-02-13,s7,4.7153,ok,1
8345,2026-09-16,s17,-0.9337,ok,0
8346,2026-02-17,s40,2.3666,,0
8347,1707143578,s24,9.6864,ok,1
8348,2026-04-18,s16,0.0175,BAD,2
8349,2026-07-15,s36,3.4633,OK,0
8350,1721912706,s26,6.3293,ok,1
8351,2026-08-16,s24,-1.5181,ok,0
8352,1757880675,s5,,,0
8353,2026-05-10,s40,2.0742,BAD,1
8354,1703842220,s10,-2.7259,good,2
8355,1727731334,s15,-3.4041,OK,2
8356,1709212791,s33,5.2685,ok,1
8357,2026-04-19,s31,8.9381,BAD,1
8358,1736809824,s19,,ok,2
8359,1730847597,s14,-8.11,ok,2
8360,2026-04-13,s11,-4.8218,ok,2
8361,1720142884,s28,-4.8145,BAD,2
8362,1703965041,s26,5.3378,OK,1
8363,1718229245,s20,2.2683,ok,0
8364,1712292779,s13,6.7181,ok,1
8365,2026-03-13,s30,3.3821,,1
8366,1752878540,s8,-1.8649,,2
8367,1779293234,s32,0.5634,BAD,2
8368,2026-05-13,s13,3.4724,good,1
8369,1760180172,s34,6.8378,,1
8370,2026-07-12,s19,5.0546,BAD,1
8371,1773533443,s26,1.5329,BAD,1
8372,1723638141,s30,1.4597,BAD,1
8373,1733037023,s7,-3.7494,,2
8374,2026-08-16,s39,3.0586,BAD,0
8375,1768437280,s31,-1.819,ok,2
8376,1779019324,s35,-2.8268,OK,2
8377,1727738719,s33,4.6957,ok,1
8378,1738648771,s9,-0.7699,OK,2
8379,2026-08-12,s36,-2.3113,good,0
8380,1709605864,s35,6.3302,,1
8381,2026-07-18,s19,-4.646,good,2
8382,2026-02-11,s20,-0.5281,BAD,0
8383,2026-04-13,s20,-0.7746,OK,0
8384,2026-04-17,s16,-5.6964,,2
8385,1757141120,s9,-6.6233,good,2
8386,2026-04-12,s22,1.8571,,0
8387,2026-08-14,s31,0.2889,good,0
8388,1784398454,s6,0.6262,BAD,0
8389,1774999285,s9,-4.2794,BAD,2
8390,2026-09-10,s40,2.1016,good,1
8391,2026-06-17,s32,4.2476,ok,1
8392,2026-02-16,s15,-0.0749,OK,0
8393,1760962160,s33,-0.9941,,0
8394,1760750419,s34,4.631,OK,1
8395,2026-07-11,s34,-6.6799,OK,2
8396,1759318826,s12,-0.6217,good,2
8397,2026-08-18,s33,4.468,good,1
8398,2026-05-19,s13,-3.4862,ok,2
8399,2026-04-16,s28,0.0078,ok,0
8400,2026-05-16,s13,-1.8369,ok,0
8401,1772634979,s20,5.5404,BAD,1
8402,1750552303,s26,,BAD,0
8403,2026-01-11,s19,4.9227,,1
8404,2026-06-19,s29,6.483,ok,1
8405,2026-03-11,s38,3.2808,,0
8406,2026-09-16,s6,-3.1749,,2
8407,2026-05-19,s31,2.4256,ok,1
8408,1729210607,s26,-1.3285,BAD,2
8409,1717777093,s36,4.9699,ok,1
8410,1702743144,s1,,ok,1
8411,2026-05-13,s4,1.2472,BAD,0
8412,1768474626,s34,-2.7542,good,2
8413,2026-08-19,s35,3.7,,1
8414,2026-04-11,s35,-0.154,BAD,0
8415,2026-06-16,s30,2.3476,ok,0
8416,2026-02-18,s18,3.2007,OK,1
8417,1773036675,s7,5.05,,0
8418,2026-06-14,s20,4.6543,BAD,1
8419,2026-07-10,s30,-3.8955,,2
8420,2026-06-18,s34,1.8378,BAD,0
8421,2026-06-19,s8,2.0509,ok,0
8422,2026-07-19,s2,-2.9533,BAD,2
8423,1744797674,s40,5.2336,,1
8424,1756869333,s37,-0.0636,good,0
8425,1732513740,s5,-0.058,good,0
8426,2026-01-15,s21,2.6126,,0
8427,2026-04-17,s7,7.0861,ok,1
8428,2026-09-13,s20,4.9781,,1
8429,1778116585,s15,0.5506,OK,0
8430,2026-05-16,s40,4.6471,OK,1
8431,2026-05-12,s4,2.9212,BAD,0
8432,1704686312,s19,4.3799,OK,1
8433,2026-08-17,s26,0.4205,BAD,0
8434,2026-07-12,s13,4.9724,ok,1
8435,1734653505,s2,6.2846,OK,1
8436,1754649645,s4,5.6556,,1
8437,2026-08-16,s27,-5.342,ok,2
8438,1700152824,s8,6.6224,BAD,1
8439,1756302972,s4,-0.1217,OK,0
8440,1743836284,s1,-0.2501,,0
8441,2026-06-11,s19,-1.8906,good,2
8442,2026-08-12,s39,-1.4345,BAD,0
8443,1705662921,s24,-6.2129,OK,2
8444,2026-03-14,s1,-2.1266,OK,0
8445,1715246589,s2,-0.1651,,2
8446,2026-02-10,s6,-1.7101,OK,2
8447,2026-03-16,s5,6.4842,good,1
8448,2026-07-12,s11,-4.7479,good,2
8449,2026-01-15,s12,5.056,,1
8450,1743285628,s34,5.4335,OK,1
8451,2026-07-18,s2,-3.9965,,2
8452,2026-02-12,s7,-5.021,BAD,2
8453,2026-06-19,s6,-0.7427,good,0
8454,1723651090,s5,-0.238,good,2
8455,2026-08-11,s18,,good,1
8456,1743727159,s13,2.1101,OK,0
8457,1747800850,s21,2.431,,1
8458,2026-05-13,s29,5.0911,OK,1
8459,2026-01-18,s2,2.2092,ok,0
8460,2026-01-17,s30,4.8764,,1
8461,1709140483,s15,-1.7888,ok,2
8462,1773242483,s23,-4.9494,good,2
8463,2026-02-13,s3,-4.2742,ok,2
8464,1700739911,s7,3.1145,BAD,0
8465,1767330129,s18,-3.6551,good,2
8466,1714904686,s1,-2.5293,good,2
8467,2026-06-15,s31,-3.1542,OK,2
8468,2026-05-15,s9,5.3257,BAD,1
8469,2026-04-18,s35,-1.0777,good,2
8470,1746292469,s15,-5.0093,,2
8471,1773620979,s37,2.7338,,0
8472,2026-03-19,s6,-0.908,BAD,0
8473,1715398152,s13,0.2591,good,0
8474,1775412053,s20,-1.9421,ok,2
8475,2026-07-19,s21,4.7456,OK,1
8476,1728609869,s20,3.9268,OK,1
8477,1780973271,s23,-1.7146,,2
8478,1714165899,s18,5.3611,OK,1
8479,2026-07-15,s1,2.8251,good,1
8480,2026-01-13,s10,4.7729,OK,1
8481,2026-05-10,s35,,good,2
8482,2026-01-16,s10,2.2521,ok,0
8483,1760262671,s16,0.88,OK,1
8484,2026-03-17,s9,6.8996,BAD,1
8485,2026-08-15,s7,-3.776,OK,2
8486,2026-05-13,s35,-0.7889,,2
8487,1743779273,s5,,,2
8488,2026-07-18,s10,-1.5121,ok,2
8489,1710666986,s40,3.9229,good,1
8490,1780779944,s11,2.5653,,1
8491,2026-03-19,s3,-0.3826,,0
8492,1759329454,s20,-2.209,,2
8493,2026-05-15,s10,6.6218,OK,1
8494,1742320269,s29,-3.983,,2
8495,1775487740,s20,-2.2441,,2
8496,1768894667,s40,5.5593,ok,1
8497,1730236574,s9,1.4009,OK,0
8498,1737307965,s6,-4.5595,,2
8499,2026-07-10,s31,-1.2094,,0
8500,1771869498,s37,5.0484,ok,1
8501,1771583168,s4,2.2333,good,0
8502,1773648717,s10,-4.6139,,2
8503,1716134774,s39,2.5247,OK,1
8504,1778918892,s10,,OK,1
8505,2026-09-13,s16,-0.2279,,2
8506,2026-09-18,s34,-0.2432,BAD,0
8507,1747918993,s22,2.9333,good,0
8508,1729337015,s39,0.3297,good,0
8509,1784190294,s21,,good,0
8510,2026-07-13,s22,-1.4934,OK,0
8511,1772115778,s40,1.1039,good,0
8512,2026-06-15,s21,2.1637,OK,0
8513,1706749107,s16,-1.8452,BAD,2
8514,2026-03-11,s29,-0.8749,ok,2
8515,2026-01-11,s19,-0.1453,good,0
8516,2026-04-19,s27,5.6895,ok,1
8517,1703851887,s28,2.0294,good,0
8518,2026-06-12,s23,-2.2384,,2
8519,1701326294,s3,2.5894,,1
8520,1714561269,s9,-1.8291,OK,2
8521,2026-04-18,s10,-1.1279,,0
8522,1754013707,s32,1.848,,0
8523,2026-08-17,s19,-2.8489,,2
8524,2026-03-16,s22,6.1284,ok,1
8525,2026-09-12,s12,1.1609,ok,0
8526,1757821924,s29,6.61,,1
8527,2026-01-14,s3,3.8572,good,0
8528,2026-09-12,s23,0.0913,ok,0
8529,1788316417,s35,-0.5737,OK,0
8530,1758253650,s10,1.5775,,0
8531,1743511968,s40,-3.6289,good,2
8532,2026-01-13,s10,-4.8556,BAD,2
8533,1752060384,s18,-1.1427,ok,0
8534,2026-01-13,s34,-0.5103,,0
8535,1722391564,s5,3.6339,,1
8536,2026-08-11,s21,-1.5215,ok,0
8537,2026-08-17,s19,1.8554,,0
8538,2026-09-12,s37,-5.1636,OK,2
8539,2026-06-16,s5,3.5954,,1
8540,1708405780,s17,-1.0019,good,2
8541,1782375148,s17,-2.1127,good,2
8542,2026-06-19,s7,,,1
8543,2026-08-16,s39,-2.8905,BAD,2
8544,1766190484,s18,0.9845,,0
8545,1768263919,s3,-3.1992,BAD,2
8546,1728705592,s33,-2.8775,BAD,2
8547,1738576158,s30,-0.5334,good,0
8548,2026-02-12,s9,-4.7116,,2
8549,1722523150,s26,-0.9927,BAD,0
8550,2026-03-13,s3,3.2537,,0
8551,2026-04-19,s13,4.4755,,1
8552,2026-06-11,s38,4.5545,ok,1
8553,2026-01-10,s9,-1.1281,OK,2
8554,1710988403,s27,-3.6103,ok,2
8555,2026-03-13,s24,3.1516,good,0
8556,1743124311,s23,-1.4853,ok,0
8557,1766829662,s5,-3.4277,,2
8558,1783278261,s18,3.5135,,1
8559,1764584600,s36,4.2109,ok,1
8560,2026-05-18,s36,-3.4019,OK,2
8561,2026-08-15,s40,-1.7406,ok,2
8562,2026-02-14,s18,-5.4588,,2
8563,1715145030,s35,-7.8697,,2
8564,2026-09-16,s6,6.4803,,1
8565,2026-03-16,s25,3.2396,ok,0
8566,2026-05-12,s11,-0.8742,good,0
8567,2026-05-11,s5,-2.1083,OK,2
8568,2026-05-14,s5,0.2956,ok,0
8569,1766321199,s7,-0.993,,2
8570,2026-08-14,s22,-0.3523,good,0
8571,1732545531,s20,4.8469,ok,1
8572,1721933521,s13,-4.9847,BAD,2
8573,1776412502,s37,-2.3431,good,2
8574,2026-05-19,s36,5.3903,OK,1
8575,1785122956,s13,-2.6615,,2
8576,2026-03-14,s3,-1.6199,good,2
8577,1744664613,s22,-3.4477,BAD,2
8578,1765996949,s32,0.7306,,1
8579,2026-01-16,s32,-6.0696,good,2
8580,1769642541,s37,,OK,2
8581,1771702908,s39,4.918,good,1
8582,2026-07-16,s29,-0.2591,BAD,0
8583,1703489724,s40,5.1433,good,1
8584,1718885996,s12,4.1112,good,1
8585,2026-05-13,s7,2.7147,BAD,1
8586,1764913668,s34,-3.4772,ok,2
8587,2026-06-10,s5,0.7181,good,0
8588,1720692031,s25,4.0129,,1
8589,2026-07-10,s10,7.0743,OK,1
8590,1753073356,s23,-1.5458,BAD,2
8591,1721625551,s31,-3.7703,ok,2
8592,1786368355,s26,3.9968,ok,1
8593,1725469607,s21,,good,0
8594,1784909886,s1,4.5535,BAD,1
8595,1788454355,s23,3.0237,BAD,1
8596,2026-04-13,s20,4.452,ok,1
8597,1786552616,s4,1.1845,good,0
8598,2026-06-13,s31,0.489,,0
8599,2026-01-12,s13,5.1327,BAD,1
8600,1703169633,s11,-1.6478,OK,0
8601,1735495472,s16,0.9116,good,0
8602,1782537459,s22,-2.1135,good,0
8603,2026-02-18,s21,6.0997,BAD,1
8604,2026-07-14,s39,-0.6993,ok,0
8605,2026-03-12,s39,4.0719,ok,1
8606,2026-03-14,s33,0.1139,good,0
8607,2026-06-17,s17,4.1751,good,1
8608,2026-09-12,s15,0.5988,ok,0
8609,1721318787,s28,-1.5396,ok,2
8610,2026-08-19,s21,4.1153,OK,1
8611,1771767648,s38,5.0295,BAD,1
8612,1761944768,s30,-4.8446,good,2
8613,1750101283,s2,1.9368,OK,1
8614,2026-07-11,s13,-6.371,good,2
8615,2026-04-13,s18,4.5012,BAD,0
8616,1755252150,s4,2.0133,OK,0
8617,2026-03-17,s16,-4.6007,OK,2
8618,1788707852,s28,6.6358,BAD,1
8619,1704502196,s39,-4.115,OK,2
8620,1773820035,s25,2.6816,BAD,1
8621,2026-04-19,s21,0.0595,good,0
8622,1740903448,s10,2.5951,good,1
8623,2026-07-11,s21,-3.0655,OK,2
8624,1769664503,s22,-0.5138,good,0
8625,1751327756,s22,-2.2816,,2
8626,1725816148,s12,5.768,good,1
8627,1782156003,s26,4.0001,BAD,1
8628,1780998025,s7,4.3124,ok,0
8629,1728296239,s15,2.5714,,0
8630,1718995221,s23,,good,0
8631,2026-06-10,s38,5.2564,,1
8632,1741591201,s27,-4.4966,OK,2
8633,1754405556,s33,2.5282,ok,1
8634,2026-04-12,s35,4.9876,ok,1
8635,1711139840,s11,-3.5586,good,2
8636,1759347111,s26,-1.0835,BAD,0
8637,1724560119,s29,3.1667,,1
8638,2026-09-17,s24,3.2927,OK,1
8639,2026-07-13,s11,1.4901,good,0
8640,1767256397,s33,3.8444,good,1
8641,1710630643,s28,2.4062,,1
8642,2026-01-15,s9,-3.6439,good,2
8643,2026-06-19,s13,5.1601,OK,1
8644,2026-09-12,s27,-3.4479,ok,2
8645,2026-08-15,s6,,ok,2
8646,1774773704,s31,1.9056,ok,1
8647,1785088263,s33,6.4197,,1
8648,2026-06-11,s4,-5.9299,,2
8649,2026-02-12,s24,4.2519,BAD,1
8650,2026-03-19,s9,-4.2541,OK,2
8651,1737792245,s35,2.7772,BAD,0
8652,2026-04-12,s28,-4.3905,ok,2
8653,1704283947,s34,4.006,BAD,0
8654,1782249907,s34,-0.7717,good,0
8655,2026-09-17,s19,3.9267,BAD,1
8656,1708051889,s37,3.1526,BAD,0
8657,1706265120,s17,3.5098,OK,0
8658,1773338400,s29,-3.6579,,2
8659,2026-01-14,s18,-2.4806,OK,0
8660,2026-05-17,s25,4.1187,ok,1
8661,1746254332,s22,3.5877,good,0
8662,1744909350,s40,3.2582,,1
8663,2026-02-18,s17,-0.251,ok,0
8664,1702968054,s14,4.2521,ok,1
8665,2026-03-18,s23,-3.4952,,2
8666,1770854855,s28,5.2604,,1
8667,1738357505,s23,2.1765,ok,2
8668,2026-05-14,s19,,OK,0
8669,1761230453,s17,-5.376,BAD,2
8670,2026-01-18,s29,-3.4517,BAD,2
8671,2026-03-16,s11,-0.029,good,2
8672,1765558612,s19,4.6272,good,1
8673,1705584543,s30,-1.7074,ok,0
8674,1711413424,s8,0.8359,,0
8675,1729565166,s20,-7.1652,OK,2
8676,1762079907,s5,-1.5261,BAD,2
8677,1774652452,s25,-4.4056,ok,2
8678,1715169884,s35,-4.5726,ok,2
8679,1723023703,s38,2.2933,,1
8680,2026-01-16,s28,-3.5689,,2
8681,1776409670,s20,3.2352,ok,1
8682,2026-03-11,s25,-1.6127,ok,2
8683,1723223351,s4,2.1129,,1
8684,1729897286,s7,3.1174,BAD,0
8685,1731742798,s25,0.2946,good,0
8686,1772250295,s22,-2.8223,BAD,2
8687,1757986968,s30,6.5456,ok,1
8688,1715136541,s38,-3.4051,,2
8689,1788190571,s20,0.2656,ok,0
8690,1725846731,s25,,ok,1
8691,2026-01-17,s27,4.1056,ok,1
8692,1731442472,s23,-3.3265,BAD,2
8693,2026-07-19,s12,-4.2073,ok,2
8694,1712905193,s18,1.4972,good,0
8695,2026-03-19,s1,1.8759,OK,0
8696,2026-09-15,s18,3.7782,ok,0
8697,2026-09-12,s30,,good,1
8698,2026-07-13,s28,4.821,,1
8699,1784252653,s34,1.1436,BAD,1
8700,1742031112,s38,1.2523,OK,1
8701,2026-03-11,s28,4.2325,BAD,1
8702,2026-07-19,s1,4.6907,,0
8703,2026-06-17,s5,1.3844,ok,1
8704,1766779587,s40,0.5309,OK,0
8705,2026-05-19,s9,-2.3008,good,2
8706,2026-07-17,s34,-0.6468,good,2
8707,2026-07-11,s34,2.6644,,1
8708,2026-07-10,s40,-0.39,,0
8709,2026-04-15,s14,4.9473,,1
8710,1789635672,s28,-4.9926,ok,2
8711,1782580514,s13,-0.2629,,2
8712,1777736824,s15,4.2991,,1
8713,2026-07-18,s27,-6.2692,OK,2
8714,2026-04-12,s3,-1.4642,good,0
8715,2026-07-10,s29,-1.8818,OK,2
8716,2026-06-17,s13,0.613,OK,0
8717,1721129422,s16,5.9739,OK,1
8718,1783766373,s32,-0.3263,BAD,0
8719,2026-07-10,s10,5.5274,OK,1
8720,2026-07-12,s9,4.3353,good,1
8721,1769712314,s29,3.7289,OK,1
8722,1736595841,s40,-2.4179,BAD,0
8723,2026-08-13,s1,-0.0241,good,0
8724,2026-04-12,s6,6.4335,OK,1
8725,2026-09-17,s33,-6.1523,ok,2
8726,1775573253,s38,-1.7913,ok,2
8727,2026-03-13,s5,1.2885,OK,0
8728,2026-02-13,s16,-0.8188,ok,2
8729,2026-06-17,s9,-1.7241,ok,2
8730,2026-08-17,s29,-3.604,OK,2
8731,2026-08-19,s28,2.7706,BAD,1
8732,1777043726,s6,0.5134,,0
8733,1785633656,s20,4.3291,good,1
8734,2026-01-19,s11,6.1251,good,1
8735,1767841858,s4,-0.0427,OK,2
8736,1786041609,s7,-0.4437,,0
8737,1775715200,s4,1.7695,,0
8738,2026-04-17,s27,2.4626,good,1
8739,2026-08-16,s19,5.3882,good,1
8740,1777483824,s22,-3.3398,ok,2
8741,1752498760,s7,1.0519,good,0
8742,2026-07-12,s22,3.2603,,0
8743,2026-07-14,s33,2.2019,BAD,1
8744,1758678733,s24,-0.2419,,0
8745,1723911697,s28,0.4879,,0
8746,2026-07-17,s39,0.8049,ok,0
8747,1736980330,s39,-2.7021,good,2
8748,2026-06-10,s15,-2.4134,good,2
8749,2026-03-12,s20,-3.8811,BAD,2
8750,2026-02-18,s39,0.1106,,1
8751,1749955202,s33,3.4041,OK,1
8752,1756362573,s3,,BAD,1
8753,2026-07-11,s16,0.7402,BAD,0
8754,1734328336,s38,0.6986,OK,0
8755,1778444016,s1,4.6829,good,1
8756,1772112051,s27,5.0473,,1
8757,2026-08-17,s38,1.7351,ok,0
8758,2026-01-17,s31,6.1646,BAD,1
8759,1741603039,s9,2.948,ok,1
8760,1753402636,s18,1.9161,ok,0
8761,2026-08-13,s35,4.1577,BAD,1
8762,1750502462,s17,-2.1174,ok,2
8763,2026-05-14,s14,3.5902,good,0
8764,2026-06-10,s30,-1.0165,OK,0
8765,2026-03-12,s36,-2.9434,BAD,2
8766,1764075676,s26,-3.6016,,2
8767,2026-03-18,s10,,good,2
8768,2026-08-18,s33,-0.462,,2
8769,1754544041,s17,5.2243,good,1
8770,1711280873,s20,2.7455,good,0
8771,2026-02-13,s30,1.1461,ok,0
8772,2026-04-12,s8,6.4478,ok,1
8773,2026-01-13,s7,7.1728,BAD,1
8774,1775761181,s26,,good,2
8775,1722774809,s24,-3.342,OK,2
8776,1778835522,s18,-3.1147,,2
8777,2026-09-13,s22,-6.7531,,2
8778,1738155253,s1,4.747,,1
8779,2026-08-17,s7,0.0187,good,2
8780,2026-08-11,s26,6.352,BAD,1
8781,1720234286,s39,4.4247,good,1
8782,2026-04-12,s17,5.4978,,1
8783,1700468706,s7,-1.822,OK,2
8784,1744119765,s22,5.1994,OK,1
8785,1707273174,s16,3.2964,OK,1
8786,2026-07-15,s2,1.1749,BAD,0
8787,2026-09-15,s8,4.853,,1
8788,2026-08-19,s29,-1.3674,OK,2
8789,1774268571,s17,-1.2361,BAD,2
8790,1734991963,s36,,OK,1
8791,1719132344,s4,-3.3518,ok,2
8792,1715648846,s19,6.4716,BAD,1
8793,2026-04-10,s15,-3.0723,OK,2
8794,1741883679,s36,7.2238,BAD,1
8795,1724015171,s23,3.3585,good,1
8796,2026-08-16,s3,-0.094,OK,2
8797,2026-08-19,s33,2.1714,,0
8798,2026-09-17,s38,-5.3061,OK,2
8799,2026-03-12,s22,3.168,,0
8800,2026-03-10,s6,-3.0211,good,2
8801,1738383496,s26,-4.7008,good,2
8802,2026-06-16,s17,6.8738,BAD,1
8803,1700048186,s27,-4.5384,BAD,2
8804,2026-05-11,s1,9.224,ok,1
8805,2026-06-19,s27,-1.2275,BAD,0
8806,1712971346,s14,-2.0871,OK,2
8807,2026-02-19,s17,2.4056,,1
8808,1768352208,s40,3.7995,BAD,1
8809,1755076431,s37,-4.9983,good,2
8810,1733701343,s23,-2.2744,BAD,2
8811,1703238623,s17,3.9229,ok,0
8812,2026-06-19,s23,4.5822,ok,1
8813,2026-09-10,s30,6.2978,ok,1
8814,1720092987,s31,1.6317,good,1
8815,2026-01-13,s32,-1.753,ok,2
8816,1786595421,s14,-2.1288,BAD,2
8817,2026-03-13,s4,7.1681,,1
8818,1709347344,s5,2.3319,good,1
8819,1721703678,s5,-4.5989,,2
8820,1710665125,s10,0.7778,good,0
8821,2026-04-16,s32,7.4439,,1
8822,1718779610,s17,1.9962,,0
8823,2026-01-19,s34,0.9899,OK,0
8824,2026-05-11,s40,-5.5204,ok,2
8825,1729170495,s16,-5.1337,,0
8826,1706943548,s32,0.7685,OK,0
8827,2026-05-18,s29,4.2404,good,1
8828,2026-03-14,s29,4.2497,,1
8829,1779134506,s9,3.9748,OK,0
8830,1766664617,s32,-1.5166,,0
8831,1706372417,s23,0.2854,OK,2
8832,1743918776,s12,4.3501,ok,1
8833,1703968602,s37,4.7697,ok,1
8834,1762737570,s24,3.7949,OK,1
8835,2026-09-10,s37,4.1111,ok,1
8836,1737145069,s23,3.7707,OK,1
8837,2026-03-11,s13,-5.2437,,2
8838,1735884940,s17,5.4411,BAD,1
8839,2026-07-10,s16,1.0813,ok,0
8840,2026-03-17,s9,-2.1705,ok,2
8841,2026-07-19,s30,-3.5175,good,2
8842,1707769227,s3,-2.773,good,2
8843,2026-06-10,s8,-1.6263,OK,2
8844,1729235470,s16,0.6103,ok,1
8845,1789801821,s39,2.4385,OK,0
8846,1714536795,s24,-0.4651,,0
8847,1734307034,s39,0.7035,,2
8848,2026-09-16,s20,0.2886,ok,0
8849,2026-02-12,s30,-3.3553,,2
8850,1773714378,s40,-0.2652,ok,0
8851,1771009278,s34,-0.1104,OK,0
8852,1740763377,s19,2.1741,BAD,0
8853,1776838728,s26,0.8577,BAD,0
8854,2026-09-18,s17,7.5074,good,1
8855,1720410155,s13,-1.6113,OK,2
8856,2026-01-18,s27,-2.8368,BAD,2
8857,1715589856,s9,4.139,BAD,1
8858,1715180146,s40,1.6892,,0
8859,2026-01-15,s35,4.7544,OK,1
8860,2026-03-14,s18,5.4413,good,1
8861,1729114412,s38,4.1436,good,1
8862,1766108613,s28,3.8107,,1
8863,1707438960,s33,-3.1261,OK,2
8864,2026-03-16,s3,-4.6558,ok,2
8865,1748982618,s7,7.0092,,1
8866,1732375923,s1,-1.911,good,2
8867,1759308179,s9,-6.8735,OK,2
8868,2026-07-13,s7,2.9261,,0
8869,1762301032,s31,-2.9583,good,0
8870,2026-01-10,s39,-4.0505,OK,2
8871,1703001145,s12,-0.7541,good,2
8872,1711291970,s25,-1.2884,OK,2
8873,2026-01-14,s2,0.2449,good,0
8874,1727013098,s33,1.5287,OK,1
8875,2026-05-12,s38,-1.4588,,0
8876,1742909072,s38,-5.2822,good,2
8877,1780473551,s32,-2.6849,ok,2
8878,2026-03-14,s32,2.1637,ok,0
8879,1763256548,s2,-2.2846,BAD,2
8880,1712939845,s19,-3.1616,OK,2
8881,1701881435,s10,4.4761,,1
8882,1712228294,s26,5.7955,ok,1
8883,1784060168,s37,1.8221,good,0
8884,1776047474,s18,5.006,BAD,1
8885,2026-02-11,s26,6.9001,good,1
8886,2026-06-12,s2,1.071,ok,2
8887,1748697474,s7,2.6041,,1
8888,2026-04-15,s24,-2.0642,,2
8889,2026-02-16,s32,2.4118,good,0
8890,2026-08-11,s34,-1.965,BAD,0
8891,2026-09-11,s8,-1.9712,,2
8892,1747554288,s12,2.7988,good,0
8893,2026-09-10,s23,-1.4258,BAD,0
8894,2026-06-19,s7,-3.0067,OK,2
8895,2026-03-15,s14,-5.4156,BAD,2
8896,1702457492,s8,1.2444,,1
8897,1703471562,s35,-3.2324,BAD,2
8898,1744278193,s6,-0.265,BAD,0
8899,1700585247,s18,0.472,OK,0
8900,2026-08-10,s37,-2.6555,OK,2
8901,1751779331,s19,-4.2658,ok,2
8902,2026-05-10,s37,1.7561,,0
8903,1719257024,s1,,good,1
8904,1775707890,s15,1.5423,good,0
8905,1757193843,s37,5.211,BAD,1
8906,2026-07-11,s32,0.3458,good,0
8907,1728190562,s11,-5.5987,BAD,2
8908,1758657459,s24,-2.4903,good,2
8909,2026-05-14,s15,-2.7539,,2
8910,1716958275,s4,3.87,OK,1
8911,1777495244,s12,3.3991,,0
8912,2026-05-14,s5,-3.4391,OK,2
8913,1703974956,s26,1.0714,good,0
8914,1775071826,s28,-5.74,BAD,2
8915,1701701676,s34,3.1887,BAD,0
8916,2026-05-15,s4,-4.6527,,2
8917,2026-08-15,s39,1.5365,good,0
8918,1789585164,s32,4.8052,ok,1
8919,2026-05-12,s37,-3.6498,BAD,2
8920,1714658754,s19,3.6027,,0
8921,1785807751,s1,1.9236,,0
8922,1726849312,s5,-0.9164,BAD,2
8923,1749913216,s37,3.1766,good,1
8924,2026-01-10,s8,1.381,OK,1
8925,2026-04-14,s26,-3.0753,ok,2
8926,1776594603,s13,-3.5181,BAD,2
8927,2026-01-18,s12,3.7978,ok,1
8928,2026-03-13,s31,0.8407,good,0
8929,2026-03-17,s17,2.8715,,1
8930,2026-01-19,s26,3.4481,ok,1
8931,1736618731,s14,-2.5284,,0
8932,2026-06-19,s27,6.5956,BAD,1
8933,1724338716,s12,-2.0152,BAD,2
8934,1778675486,s40,1.2015,BAD,0
8935,1740992083,s30,0.2086,,0
8936,1751488265,s23,-3.0898,BAD,2
8937,2026-07-10,s27,-0.4772,,0
8938,2026-08-19,s18,0.9877,good,0
8939,1719481291,s24,4.8464,good,1
8940,2026-04-18,s24,-0.6685,good,0
8941,1776623752,s13,-2.0627,ok,2
8942,2026-08-16,s12,7.3406,OK,1
8943,2026-05-10,s25,1.1635,ok,0
8944,1722236455,s1,-1.2973,,0
8945,1760560233,s10,-4.8848,ok,2
8946,1727887101,s26,-2.3926,BAD,2
8947,1781510995,s23,-4.7914,BAD,2
8948,1764947183,s18,0.7105,OK,0
8949,1753323824,s34,4.0653,OK,1
8950,1777898738,s4,-6.9135,OK,2
8951,2026-09-12,s17,6.6592,good,1
8952,2026-05-17,s8,-4.7862,BAD,2
8953,1789027160,s31,0.4547,,0
8954,1730934345,s18,,OK,0
8955,1723448585,s16,-4.3983,ok,2
8956,2026-05-11,s7,-3.9745,,2
8957,2026-09-17,s35,4.1191,OK,1
8958,2026-07-11,s3,-1.0252,,0
8959,2026-08-14,s13,7.6241,BAD,1
8960,1727266287,s3,-0.7487,good,0
8961,2026-08-16,s7,6.2643,,1
8962,1768141569,s37,4.1598,ok,1
8963,2026-09-13,s7,0.7929,OK,1
8964,1718348929,s26,-1.5545,OK,2
8965,2026-03-15,s36,-0.6605,ok,2
8966,2026-03-13,s23,-5.4017,OK,2
8967,2026-01-10,s26,4.444,,1
8968,1768361663,s23,4.296,ok,1
8969,1759080402,s15,-2.198,BAD,2
8970,1717742560,s1,2.8982,ok,0
8971,1780105254,s34,-3.9807,BAD,2
8972,2026-09-19,s3,5.4152,ok,1
8973,1776253023,s26,4.8127,OK,1
8974,1770097054,s26,2.023,OK,1
8975,2026-07-17,s23,,good,2
8976,2026-02-12,s13,2.97,ok,0
8977,2026-01-15,s38,3.0652,,1
8978,2026-04-17,s15,2.0912,good,0
8979,2026-03-16,s37,-2.2454,OK,0
8980,2026-04-17,s38,4.4205,OK,1
8981,1707402049,s13,8.1774,good,1
8982,2026-04-16,s29,2.7235,OK,0
8983,2026-03-16,s28,-2.6832,OK,2
8984,1779976455,s2,2.4943,OK,1
8985,2026-09-14,s11,1.3566,,1
8986,2026-03-17,s6,3.8981,good,1
8987,1701558181,s14,-2.0616,good,2
8988,1713424566,s23,7.3017,good,1
8989,2026-04-19,s15,-2.6701,OK,2
8990,2026-04-15,s31,4.5965,BAD,1
8991,1712184833,s1,-4.1388,,2
8992,1731036785,s39,4.5051,ok,1
8993,2026-09-10,s33,1.1986,BAD,0
8994,1789579662,s33,6.5402,,1
8995,1784275809,s21,-2.3478,ok,2
8996,1707831829,s39,4.1069,BAD,1
8997,2026-07-15,s3,1.8578,,1
8998,2026-04-14,s9,3.6246,ok,1
8999,2026-08-13,s7,-2.8447,OK,2
9000,1716317222,s13,-0.8652,OK,0
9001,2026-03-10,s2,0.4857,BAD,0
9002,2026-07-19,s20,-4.5776,good,0
9003,2026-01-15,s4,6.2085,,1
9004,2026-01-13,s21,0.7516,BAD,0
9005,2026-02-15,s8,3.0703,BAD,0
9006,1736136549,s33,-1.9687,,0
9007,1715070301,s36,3.0236,ok,1
9008,1740678994,s8,-4.9863,,2
9009,2026-08-13,s29,,good,1
9010,2026-02-16,s20,-1.1157,ok,0
9011,2026-01-11,s16,-5.6859,ok,2
9012,2026-07-17,s40,-5.0395,good,2
9013,2026-05-19,s9,-2.5767,good,2
9014,1787704921,s40,,,2
9015,2026-02-16,s40,1.311,BAD,0
9016,2026-08-13,s3,-0.2247,,0
9017,1770216041,s16,5.7433,BAD,1
9018,2026-03-13,s8,-0.2058,ok,0
9019,2026-01-13,s18,-4.5022,OK,2
9020,2026-01-15,s11,1.2086,good,0
9021,2026-08-18,s29,0.3191,OK,2
9022,2026-04-17,s6,4.8048,BAD,1
9023,2026-03-10,s37,-4.2827,good,2
9024,1722309805,s8,-5.4439,good,2
9025,1741836615,s12,-2.2111,OK,2
9026,1733847674,s7,-1.3614,,0
9027,2026-09-19,s21,-2.0651,,2
9028,1750216872,s29,3.2505,ok,1
9029,2026-01-14,s1,-3.1099,good,2
9030,1759309084,s2,-3.363,ok,0
9031,1779941016,s7,-0.9412,ok,0
9032,2026-08-12,s21,3.3753,,0
9033,1766244050,s22,4.8841,OK,1
9034,2026-06-18,s16,-3.4843,good,2
9035,2026-04-19,s6,3.7951,,1
9036,1731674573,s9,2.4721,,0
9037,2026-05-18,s5,-4.1373,,2
9038,2026-07-11,s2,0.5381,OK,0
9039,1764842746,s1,0.3729,BAD,0
9040,1743840370,s28,3.8318,BAD,1
9041,2026-06-14,s14,-3.2134,ok,2
9042,2026-02-13,s10,-7.2639,good,2
9043,2026-07-10,s18,1.1677,OK,0
9044,2026-03-13,s8,-2.682,good,2
9045,1737170129,s26,-2.6274,OK,2
9046,1712286060,s27,3.5627,,1
9047,2026-06-14,s19,-1.0477,ok,0
9048,2026-08-16,s11,-7.7363,OK,2
9049,2026-07-12,s16,0.1039,OK,0
9050,1706768535,s31,3.3666,,0
9051,1734595842,s35,9.0492,OK,1
9052,1744208883,s40,,good,0
9053,1704190288,s15,1.6784,,0
9054,2026-08-17,s35,-0.7533,OK,0
9055,2026-01-11,s32,-0.7165,,0
9056,2026-08-13,s17,-1.6033,ok,2
9057,1744965008,s20,-1.0778,,2
9058,2026-08-16,s28,5.1163,OK,1
9059,2026-05-13,s20,2.719,ok,0
9060,1786113401,s18,-4.4468,OK,2
9061,1775940149,s37,-6.4437,OK,2
9062,2026-01-14,s8,0.3718,,0
9063,1782790621,s28,-0.1709,,2
9064,2026-06-17,s34,-1.9895,OK,2
9065,2026-01-11,s34,3.3352,BAD,1
9066,2026-06-12,s29,-5.3756,,2
9067,2026-04-18,s1,5.1189,OK,1
9068,1719478640,s22,6.4142,OK,1
9069,1764149304,s19,1.7338,ok,0
9070,2026-07-11,s6,0.8797,OK,0
9071,2026-06-14,s2,2.5571,OK,0
9072,1754134596,s4,-2.1114,OK,2
9073,1744813597,s32,-1.2279,OK,0
9074,1711844339,s9,4.4593,OK,1
9075,1705257038,s10,-1.1912,BAD,0
9076,2026-02-15,s7,-2.8605,ok,0
9077,1784076905,s38,-5.1783,BAD,2
9078,2026-09-12,s31,-2.1379,BAD,2
9079,1781653552,s38,-0.8403,good,0
9080,2026-09-16,s13,4.2254,ok,1
9081,1782319661,s36,,,1
9082,1724877711,s8,-6.3777,ok,2
9083,2026-09-12,s1,-2.3528,OK,2
9084,2026-02-19,s17,5.1968,BAD,1
9085,2026-05-18,s31,-3.2873,OK,2
9086,2026-06-17,s2,-0.5944,good,2
9087,1701433885,s16,,BAD,2
9088,2026-04-18,s3,-2.8686,ok,2
9089,2026-02-14,s29,4.2389,ok,1
9090,2026-06-19,s24,5.6187,BAD,1
9091,2026-09-16,s31,3.2727,OK,0
9092,2026-07-12,s32,2.0483,BAD,0
9093,2026-07-10,s37,3.9129,OK,1
9094,2026-09-17,s9,-3.0401,,2
9095,1737633271,s38,4.3858,OK,1
9096,1744879978,s25,-1.8753,good,0
9097,1781530796,s2,5.2515,good,1
9098,2026-07-13,s6,1.3994,good,0
9099,1748281268,s13,-3.6346,BAD,2
9100,2026-06-18,s20,3.3603,BAD,0
9101,2026-03-19,s31,2.9696,BAD,1
9102,2026-01-19,s33,-0.2772,good,1
9103,2026-01-11,s20,-1.3393,,2
9104,1714964537,s34,-3.9004,good,2
9105,2026-01-18,s33,,OK,1
9106,2026-03-15,s26,7.1342,,1
9107,1782440775,s31,1.83,,0
9108,2026-01-11,s19,3.9113,OK,1
9109,2026-06-17,s39,5.9042,BAD,1
9110,2026-06-10,s19,0.3944,good,0
9111,1764839509,s31,-0.2246,OK,2
9112,2026-05-10,s11,4.0712,,1
9113,2026-02-19,s30,2.7533,OK,0
9114,1705597129,s16,-1.7838,BAD,0
9115,1779762358,s16,4.3967,good,1
9116,1745840475,s31,2.4298,,0
9117,2026-06-15,s40,7.3825,good,1
9118,2026-05-14,s10,3.7637,good,1
9119,2026-01-15,s19,0.7544,BAD,0
9120,2026-06-18,s30,-3.0131,,2
9121,1781532278,s10,1.2902,ok,1
9122,2026-07-15,s6,3.6288,OK,1
9123,1732493632,s23,-4.9601,BAD,2
9124,1786982144,s24,5.4162,,1
9125,1732214586,s6,-5.2092,BAD,2
9126,2026-09-16,s20,3.527,good,1
9127,1782025437,s29,3.6464,,1
9128,2026-04-16,s22,-2.5103,OK,0
9129,2026-08-17,s18,-4.3266,OK,2
9130,2026-04-18,s23,-2.0838,,0
9131,2026-05-19,s7,1.5951,ok,1
9132,2026-03-10,s8,3.8377,OK,1
9133,2026-04-18,s37,-2.4649,,2
9134,1722735649,s10,-3.0447,good,0
9135,1738688051,s22,-4.5707,ok,2
9136,2026-02-10,s4,-2.632,BAD,2
9137,1721166569,s31,-0.7685,ok,0
9138,2026-09-15,s20,-1.8641,OK,2
9139,2026-07-19,s18,-6.6915,good,2
9140,2026-07-12,s28,0.4052,OK,0
9141,2026-06-11,s8,,OK,2
9142,1725950594,s35,-4.3366,,2
9143,1782937690,s27,1.1459,OK,0
9144,2026-05-11,s1,-0.2704,good,1
9145,1719127642,s2,4.8962,,0
9146,2026-05-18,s6,-0.2602,good,2
9147,2026-09-14,s25,2.9759,,0
9148,1769084425,s11,-0.1252,BAD,0
9149,2026-07-13,s26,6.6635,ok,1
9150,1784209059,s14,5.5379,OK,1
9151,2026-08-14,s8,-1.3369,good,2
9152,2026-02-16,s18,0.7275,OK,2
9153,1760383756,s24,1.8246,good,0
9154,1787101148,s35,4.1772,,1
9155,1711300421,s28,3.3936,OK,1
9156,1743172374,s28,-4.8528,good,2
9157,2026-06-18,s24,3.6594,good,1
9158,1754799006,s10,4.4765,good,0
9159,1729947013,s3,-2.7045,OK,2
9160,1721289019,s15,-3.7939,BAD,2
9161,1717210422,s11,5.1846,good,1
9162,2026-06-10,s7,4.177,ok,1
9163,1754528348,s14,-5.616,OK,2
9164,1767917564,s34,3.1019,OK,1
9165,2026-03-16,s19,6.2285,good,1
9166,2026-02-15,s40,3.27,good,0
9167,2026-07-18,s2,3.6247,good,1
9168,1731932393,s38,-3.4815,OK,2
9169,1755312091,s20,0.3335,good,0
9170,1705276723,s16,5.8171,,1
9171,1704070013,s22,1.9125,OK,1
9172,1757902940,s16,-2.1966,good,2
9173,1709801366,s10,5.4482,ok,1
9174,2026-03-18,s16,-0.3449,,0
9175,2026-06-11,s1,,good,2
9176,2026-08-18,s34,,,1
9177,2026-09-14,s29,-0.1093,BAD,2
9178,1753734003,s6,-0.9697,,1
9179,2026-09-11,s23,8.1858,OK,1
9180,2026-09-19,s32,-0.5188,ok,0
9181,2026-06-10,s18,0.5765,OK,0
9182,1709546948,s10,-6.9187,good,2
9183,2026-06-10,s3,3.6944,,1
9184,2026-07-10,s36,3.9506,ok,0
9185,1714937958,s40,0.1744,ok,0
9186,2026-01-14,s33,1.3895,,0
9187,2026-06-18,s7,-0.9457,OK,0
9188,1763658237,s27,-7.2442,BAD,2
9189,2026-01-19,s40,-0.7938,good,0
9190,2026-03-14,s15,-2.2908,,2
9191,1713842419,s21,4.8326,OK,1
9192,1785792977,s1,-4.4833,OK,2
9193,1758676933,s5,-2.9031,ok,2
9194,2026-06-18,s39,3.0103,good,0
9195,1716273524,s29,-1.5602,BAD,2
9196,1761602338,s40,-3.0569,BAD,2
9197,1707304601,s22,-1.8452,,2
9198,1733629459,s8,1.8748,,0
9199,1741358849,s37,5.3758,OK,1
9200,2026-02-17,s33,2.7988,BAD,0
9201,1764408638,s35,-3.004,BAD,2
9202,2026-03-14,s4,4.2808,good,0
9203,2026-09-18,s23,1.6341,good,0
9204,2026-01-11,s34,5.6896,good,1
9205,2026-04-16,s17,4.4395,BAD,1
9206,2026-02-12,s6,1.8194,OK,0
9207,2026-07-19,s32,-4.2899,good,2
9208,2026-07-16,s23,-0.1552,BAD,2
9209,1727208894,s35,1.5428,BAD,0
9210,2026-04-19,s16,6.5326,BAD,1
9211,2026-02-17,s2,-2.9368,BAD,2
9212,2026-07-10,s24,1.4917,ok,1
9213,2026-03-19,s11,-5.0249,BAD,2
9214,1713118455,s24,-0.2606,BAD,2
9215,1747066011,s36,-1.6146,ok,2
9216,2026-01-19,s4,0.852,OK,0
9217,1746677091,s31,-1.2582,,0
9218,1719474439,s12,4.4744,OK,1
9219,2026-06-18,s31,2.0038,BAD,0
9220,2026-03-18,s39,2.6897,OK,0
9221,2026-06-14,s31,-6.4343,,2
9222,2026-08-19,s5,-1.8563,,0
9223,2026-09-19,s32,2.2288,BAD,0
9224,2026-05-17,s8,1.8562,BAD,1
9225,2026-09-13,s8,0.3411,,1
9226,1730015454,s10,2.4709,,0
9227,2026-06-15,s12,-2.4598,good,2
9228,1720923806,s10,6.2202,good,1
9229,2026-07-19,s29,-2.2661,ok,2
9230,1749886261,s15,3.2773,,1
9231,1755566744,s1,-1.8102,OK,2
9232,1709006536,s25,3.9067,OK,1
9233,1744481981,s20,1.0759,BAD,0
9234,1731211491,s16,1.1658,,1
9235,2026-07-15,s32,0.5871,OK,0
9236,2026-01-14,s3,-3.0899,OK,2
9237,2026-01-19,s8,0.317,ok,0
9238,1765583089,s3,3.2886,BAD,1
9239,2026-08-12,s24,-2.4821,BAD,0
9240,1742370168,s28,-1.9591,OK,2
9241,1775040053,s16,8.5633,,1
9242,1760012084,s23,-0.7983,BAD,0
9243,1732720926,s31,5.7395,BAD,1
9244,1750092487,s35,5.2717,BAD,0
9245,1736801968,s36,3.0633,OK,1
9246,1721260825,s24,-1.7422,,2
9247,2026-06-12,s11,-3.735,ok,2
9248,2026-04-19,s19,-0.7258,,0
9249,1717862352,s23,0.5923,good,0
9250,2026-08-15,s7,-2.7655,OK,2
9251,2026-06-16,s39,2.4401,ok,1
9252,2026-07-17,s36,-2.1428,,2
9253,1725619209,s25,3.1556,ok,1
9254,2026-04-19,s19,-4.755,,2
9255,2026-03-13,s30,2.8545,ok,1
9256,1746016718,s9,4.1437,BAD,0
9257,1754181455,s26,3.282,OK,0
9258,1748887679,s11,5.1885,OK,1
9259,2026-01-14,s32,-0.6496,OK,2
9260,2026-08-16,s39,-1.172,BAD,2
9261,1759026793,s37,2.7366,ok,0
9262,1756529832,s4,4.3712,good,1
9263,1742979196,s32,4.2745,BAD,1
9264,1777543778,s3,4.4641,ok,1
9265,2026-01-13,s7,3.2329,,1
9266,1763094316,s9,-2.3674,OK,0
9267,1767389776,s36,-4.3062,,2
9268,1719364197,s39,5.1413,good,1
9269,2026-04-19,s3,-2.713,OK,2
9270,1742779651,s33,2.0554,,0
9271,2026-03-12,s34,5.1096,good,1
9272,1740891205,s36,0.3579,good,0
9273,2026-02-11,s25,0.1538,,2
9274,1725592132,s20,2.7722,good,1
9275,2026-03-13,s34,-0.636,,0
9276,1776764484,s34,-3.4193,ok,2
9277,2026-03-15,s7,-0.6458,good,0
9278,2026-05-16,s26,-3.7837,good,2
9279,2026-09-12,s1,-2.5936,ok,2
9280,2026-06-17,s25,-5.4532,ok,2
9281,2026-01-12,s18,6.8084,OK,1
9282,2026-08-13,s21,-0.3128,,0
9283,1779149186,s6,6.3525,,1
9284,1726257382,s5,4.7137,OK,1
9285,1739509108,s28,3.3466,ok,0
9286,1755605024,s25,2.1585,BAD,0
9287,2026-07-13,s15,-4.3359,ok,2
9288,2026-01-10,s11,2.9954,OK,1
9289,1777720308,s27,5.0222,,1
9290,1737246922,s25,-1.1859,ok,2
9291,1718273026,s17,,ok,1
9292,2026-03-18,s28,4.1386,BAD,1
9293,1723883607,s5,2.1587,good,0
9294,2026-01-10,s31,-6.3376,,2
9295,2026-06-16,s39,0.195,OK,0
9296,2026-04-19,s38,2.1937,,1
9297,1701375202,s15,2.1982,OK,0
9298,1780615055,s11,-1.081,OK,2
9299,2026-09-14,s31,6.2944,,1
9300,2026-04-18,s3,-2.7481,good,2
9301,1789672643,s29,4.4503,good,1
9302,2026-04-13,s36,1.4699,ok,0
9303,1770902187,s23,-1.9247,,0
9304,1745884302,s34,-4.4242,OK,2
9305,1738764289,s25,-1.1084,good,2
9306,1761461697,s4,1.4521,BAD,0
9307,1764839821,s8,1.782,,0
9308,1712846412,s6,2.403,OK,1
9309,2026-08-15,s28,3.7729,,1
9310,2026-05-13,s24,1.8391,ok,0
9311,1760491009,s17,0.045,,0
9312,2026-07-12,s28,-2.5174,,2
9313,1725709462,s3,2.3426,OK,0
9314,2026-09-13,s8,1.1674,ok,0
9315,1720059312,s4,1.5332,,0
9316,1755904541,s9,2.1477,BAD,1
9317,2026-08-12,s34,6.8163,ok,1
9318,2026-06-10,s5,-3.6278,good,2
9319,1702094469,s9,2.7207,OK,1
9320,1775915904,s19,-0.0116,good,0
9321,1722617765,s27,2.579,OK,0
9322,1719892658,s12,,OK,1
9323,2026-01-13,s4,1.0386,BAD,0
9324,1751602429,s40,2.3048,OK,0
9325,1707093131,s17,-5.2583,BAD,2
9326,2026-06-14,s1,0.7059,ok,0
9327,2026-03-12,s32,2.8651,good,1
9328,2026-06-13,s23,6.0527,OK,1
9329,1709547899,s7,2.2098,ok,1
9330,1746582069,s36,1.9633,,0
9331,2026-01-16,s27,-3.4416,good,2
9332,1768592265,s18,0.2764,OK,0
9333,1749782816,s40,7.4051,OK,1
9334,1736842238,s2,3.2213,OK,0
9335,2026-01-18,s35,3.0628,ok,1
9336,2026-08-15,s24,3.8047,OK,1
9337,2026-09-18,s26,0.609,good,0
9338,1730582005,s27,-0.7463,BAD,0
9339,2026-06-11,s20,-0.2638,,0
9340,1732584951,s9,2.1445,BAD,1
9341,2026-02-12,s26,7.2691,OK,1
9342,2026-08-13,s11,4.6832,BAD,1
9343,1744719935,s21,7.017,ok,1
9344,2026-09-15,s33,6.2682,good,1
9345,2026-02-17,s16,-0.936,,0
9346,2026-09-18,s34,5.3101,ok,1
9347,2026-08-18,s3,-2.2611,OK,2
9348,1770815440,s24,5.0862,ok,1
9349,1775667483,s36,-1.0953,ok,0
9350,2026-02-17,s11,1.7933,ok,0
9351,2026-02-10,s23,4.486,good,1
9352,1784708352,s39,1.3869,ok,0
9353,2026-07-15,s11,-0.9702,OK,0
9354,2026-09-13,s25,0.7359,BAD,0
9355,2026-02-14,s20,1.243,BAD,0
9356,2026-05-14,s18,1.5659,OK,0
9357,2026-02-14,s18,,BAD,2
9358,1714062700,s31,1.2241,ok,0
9359,2026-06-11,s17,2.516,BAD,0
9360,1781366237,s12,-1.3984,BAD,2
9361,1743795889,s38,5.1683,OK,1
9362,2026-03-11,s19,0.9037,OK,0
9363,1708497261,s18,3.9075,good,0
9364,2026-08-18,s37,3.7458,BAD,0
9365,2026-02-11,s13,2.5161,,1
9366,1774954992,s18,-0.6186,OK,0
9367,1744417448,s35,4.5588,BAD,1
9368,2026-06-13,s1,-3.9883,OK,2
9369,1702108560,s16,3.6429,,1
9370,2026-01-17,s2,6.007,ok,1
9371,1753623602,s14,-4.6905,BAD,2
9372,1780627584,s28,2.4837,BAD,1
9373,1764728695,s18,,BAD,2
9374,2026-04-18,s32,3.5329,ok,1
9375,2026-06-14,s30,-1.9292,,2
9376,1732168572,s21,0.8671,ok,0
9377,2026-07-16,s15,-2.211,good,2
9378,1747790478,s25,6.5486,,1
9379,1735417087,s7,-6.764,good,2
9380,1700991013,s32,1.0416,,0
9381,2026-02-13,s14,-4.7986,ok,2
9382,1712616607,s16,2.0872,good,0
9383,2026-08-19,s3,0.4143,ok,0
9384,1714799050,s24,5.5063,,1
9385,2026-09-16,s40,0.4247,ok,2
9386,1753363691,s5,-1.5845,,2
9387,2026-02-18,s1,1.6714,OK,0
9388,2026-08-17,s29,-6.2497,OK,2
9389,1748811695,s3,0.7684,good,0
9390,2026-05-17,s25,3.3666,BAD,1
9391,1701876692,s14,-5.7769,,2
9392,1751747241,s1,1.9766,good,0
9393,2026-05-14,s11,6.2385,ok,1
9394,1726377445,s20,-5.0302,BAD,2
9395,1753157881,s20,-0.1461,,0
9396,1715387822,s11,-2.9488,good,2
9397,2026-02-14,s23,1.8473,,0
9398,1770029180,s20,4.998,good,1
9399,1756304393,s34,2.7296,OK,0
9400,2026-05-13,s39,,ok,2
9401,1783943476,s7,4.7511,OK,1
9402,1740986977,s26,-1.7407,OK,2
9403,1700002817,s27,4.2701,,1
9404,2026-05-13,s32,-0.1254,BAD,0
9405,2026-02-12,s3,1.2594,OK,0
9406,1703575974,s34,2.8625,good,0
9407,1714277312,s32,1.8128,OK,0
9408,1750615964,s39,-3.7675,ok,2
9409,1788733475,s24,4.3933,BAD,1
9410,1767226065,s11,3.432,ok,1
9411,1746405647,s10,2.7318,good,1
9412,2026-01-12,s38,-5.6512,OK,2
9413,2026-01-16,s16,7.6588,ok,1
9414,1725311410,s37,,OK,1
9415,1785969760,s18,2.7802,,1
9416,2026-09-12,s37,4.6846,good,1
9417,1742080764,s28,-5.0669,BAD,2
9418,1768061799,s38,,good,2
9419,1710632776,s25,2.1478,good,0
9420,1742919167,s27,5.5967,good,1
9421,1712148785,s38,0.4917,good,0
9422,1766201672,s24,-3.3145,OK,2
9423,2026-08-15,s1,-3.6403,ok,2
9424,2026-07-17,s24,3.8517,,0
9425,2026-08-18,s31,-2.6321,OK,2
9426,1720286615,s32,-2.6796,BAD,0
9427,1750441621,s36,-6.3379,OK,2
9428,1735838202,s20,-3.3954,BAD,2
9429,1769051458,s33,4.5886,BAD,1
9430,2026-08-15,s38,-3.2753,BAD,2
9431,1751983189,s18,3.1339,good,1
9432,2026-05-18,s38,-5.3471,,2
9433,2026-07-10,s20,-2.2087,OK,2
9434,1706668467,s1,6.1604,good,1
9435,2026-08-16,s29,1.1833,good,0
9436,2026-08-14,s11,6.0713,,1
9437,1716223014,s9,5.7473,,1
9438,1754550210,s23,0.1201,,0
9439,2026-09-18,s19,-2.3345,ok,2
9440,1750569239,s12,2.7525,,0
9441,2026-02-10,s9,-2.5872,BAD,2
9442,2026-07-15,s26,1.4254,,0
9443,2026-06-14,s17,-1.0501,OK,0
9444,1754300758,s16,-0.1992,,2
9445,2026-05-15,s8,5.0058,good,1
9446,2026-04-19,s5,5.1983,good,1
9447,2026-06-18,s35,-0.6212,BAD,2
9448,1755624990,s20,-2.9573,good,2
9449,2026-03-17,s30,-0.9143,,2
9450,2026-01-18,s18,-3.2098,OK,2
9451,2026-07-19,s18,0.7524,ok,0
9452,2026-09-18,s18,2.5171,OK,0
9453,2026-02-18,s28,-1.0518,BAD,0
9454,1737013708,s8,-3.2202,BAD,2
9455,1758966356,s3,-1.1391,BAD,0
9456,1739066760,s15,2.2694,,1
9457,1719030368,s25,0.3679,,2
9458,2026-05-14,s1,-0.147,ok,0
9459,2026-08-13,s9,-2.5752,BAD,2
9460,2026-07-12,s33,-1.8309,BAD,2
9461,2026-02-14,s33,-2.8549,ok,2
9462,1740443901,s33,5.7538,BAD,1
9463,1752416937,s6,4.7192,ok,1
9464,1718808179,s35,-7.0054,ok,2
9465,2026-07-16,s16,3.3455,,1
9466,1753101464,s29,-1.164,,0
9467,1763619364,s2,2.8987,OK,1
9468,2026-02-17,s26,6.8444,OK,1
9469,2026-07-18,s32,-0.3533,good,0
9470,2026-07-13,s32,1.7229,good,0
9471,2026-07-11,s27,-4.7037,good,2
9472,1713231314,s18,1.4368,,0
9473,1724061457,s29,-2.0766,BAD,2
9474,1750642697,s9,-0.4973,good,0
9475,1779707243,s31,5.5066,ok,1
9476,2026-07-13,s16,3.7207,good,1
9477,1764524629,s24,-3.2855,BAD,2
9478,2026-03-19,s5,0.3227,ok,0
9479,1787547534,s16,2.6857,good,0
9480,2026-08-12,s18,8.1833,ok,1
9481,1761941777,s26,6.5324,,1
9482,1740444478,s14,4.6236,BAD,1
9483,2026-03-15,s13,4.9895,BAD,1
9484,1733079620,s24,6.0117,OK,1
9485,2026-06-19,s31,-1.1847,OK,2
9486,2026-05-19,s34,5.6047,ok,1
9487,2026-09-17,s40,-5.5642,OK,2
9488,2026-04-19,s4,-2.4246,good,2
9489,2026-07-12,s39,,good,1
9490,1774974406,s33,4.8714,ok,1
9491,1777846138,s28,-1.0302,OK,2
9492,2026-03-13,s21,-6.089,good,2
9493,2026-04-12,s11,-1.3939,ok,2
9494,2026-03-10,s13,6.2743,good,1
9495,2026-09-12,s8,-1.6192,ok,2
9496,2026-01-19,s13,6.0788,ok,1
9497,2026-09-19,s23,-3.4954,good,2
9498,1742641010,s7,6.0721,BAD,1
9499,2026-09-17,s16,2.6921,ok,0
9500,1752889677,s16,-0.8661,OK,0
9501,2026-02-12,s6,-5.3859,ok,2
9502,1742755417,s24,-0.6396,good,0
9503,2026-02-16,s29,-7.8952,BAD,2
9504,1749201945,s2,-4.3479,BAD,2
9505,2026-07-18,s33,0.1385,ok,0
9506,1721544416,s6,2.6051,good,1
9507,2026-05-11,s8,-0.4908,OK,2
9508,2026-02-13,s35,-0.3307,,0
9509,1758727723,s25,,BAD,2
9510,1738176340,s17,-3.2124,,2
9511,2026-04-18,s40,,ok,2
9512,1771059527,s36,-4.4973,,2
9513,2026-09-11,s11,-1.3352,OK,0
9514,1773869886,s9,-5.7739,OK,2
9515,1778561520,s11,1.3698,OK,0
9516,1721152704,s26,4.5285,BAD,1
9517,2026-01-13,s16,2.312,,0
9518,2026-08-19,s32,-4.4038,,2
9519,2026-05-18,s23,2.8579,BAD,1
9520,2026-04-14,s11,5.4341,good,1
9521,1772491569,s14,-1.4327,BAD,2
9522,1733280323,s26,1.0751,BAD,0
9523,2026-05-11,s1,4.5772,BAD,1
9524,2026-03-16,s24,0.7416,OK,0
9525,2026-09-19,s36,6.6351,ok,1
9526,1783392762,s28,-1.8693,OK,0
9527,2026-05-16,s39,-0.4442,OK,0
9528,2026-08-14,s18,1.8918,OK,0
9529,2026-03-15,s28,-3.7083,OK,2
9530,1787412845,s28,-1.9333,ok,0
9531,1772488317,s13,-3.2543,OK,2
9532,2026-01-15,s29,4.171,ok,1
9533,2026-03-13,s40,-1.1546,BAD,2
9534,2026-08-19,s12,,good,2
9535,1719187478,s20,0.3356,OK,0
9536,2026-04-17,s39,-7.8589,,2
9537,1723408687,s28,-0.3705,OK,0
9538,2026-07-16,s37,2.7468,ok,0
9539,2026-01-15,s14,5.3158,OK,1
9540,2026-07-14,s21,3.5291,,1
9541,2026-01-15,s19,1.8105,BAD,0
9542,1712450520,s1,-4.1458,OK,2
9543,2026-09-16,s11,0.0357,,0
9544,1785984393,s37,2.3525,,0
9545,1745009543,s3,-1.1395,good,0
9546,1748505448,s22,1.0686,,0
9547,2026-08-15,s36,4.8141,,1
9548,1715989897,s9,0.324,ok,1
9549,1778399149,s8,0.8442,good,0
9550,2026-05-13,s40,-3.9654,,2
9551,2026-03-13,s37,-2.4071,BAD,2
9552,1768517316,s12,-4.8368,,2
9553,2026-03-12,s22,1.6966,,0
9554,2026-01-15,s30,-1.6284,good,2
9555,1750618564,s18,,,2
9556,1763242503,s27,2.6686,,0
9557,2026-07-10,s11,-0.211,,0
9558,1759557907,s16,1.9618,OK,0
9559,2026-09-13,s14,-1.4357,good,0
9560,2026-08-14,s32,-2.2634,BAD,2
9561,2026-06-12,s18,-1.6667,BAD,0
9562,1728438639,s35,-1.4194,good,2
9563,2026-04-12,s28,7.7272,good,1
9564,2026-02-16,s4,3.7647,,1
9565,2026-03-18,s13,-0.6333,,0
9566,1717533553,s9,4.1802,OK,1
9567,1717924078,s14,2.0576,good,1
9568,2026-09-11,s17,1.7775,,1
9569,1746733078,s1,-4.9665,OK,2
9570,2026-04-13,s21,4.1499,ok,0
9571,1759576159,s4,-0.0347,ok,0
9572,1743065455,s3,2.6435,BAD,0
9573,2026-07-16,s39,-0.5083,,2
9574,2026-09-11,s22,0.9441,good,0
9575,1764984826,s6,5.6854,good,1
9576,2026-09-15,s31,-3.6886,ok,2
9577,2026-02-17,s22,5.4953,good,1
9578,1753463828,s21,-4.5855,BAD,2
9579,1728166309,s4,0.1691,good,0
9580,1718245050,s4,4.0218,BAD,1
9581,2026-08-19,s11,3.2609,OK,1
9582,1778344230,s32,6.5033,,1
9583,2026-08-17,s35,-2.2247,BAD,2
9584,2026-01-18,s39,-0.1596,OK,0
9585,1707246032,s10,-1.8673,ok,2
9586,2026-09-13,s36,-4.4901,BAD,2
9587,2026-04-12,s16,-0.8315,ok,2
9588,2026-02-12,s40,7.277,OK,1
9589,2026-02-19,s30,2.5779,good,1
9590,2026-06-10,s27,2.5182,,0
9591,1746060483,s40,4.9186,,1
9592,2026-06-17,s15,-4.5785,BAD,2
9593,2026-03-18,s40,-1.4608,,2
9594,1785691598,s37,3.4358,OK,1
9595,1775546680,s20,1.8945,ok,1
9596,1769940637,s31,0.3129,OK,0
9597,2026-01-18,s37,2.5632,OK,0
9598,1740738258,s12,-0.5762,OK,0
9599,1786612446,s30,1.183,BAD,0
9600,2026-08-17,s7,-7.5452,ok,2
9601,2026-05-11,s38,0.8402,OK,0
9602,1705676354,s3,-5.3649,OK,2
9603,1701397724,s7,-2.9622,OK,2
9604,1768009923,s8,2.4286,OK,0
9605,2026-08-13,s17,,good,1
9606,1717733829,s9,1.0099,,0
9607,2026-04-15,s23,-2.602,,2
9608,1783522609,s4,2.4572,good,1
9609,1745167259,s39,-2.7286,good,2
9610,2026-02-15,s25,-2.6989,BAD,2
9611,2026-04-12,s22,-0.0383,good,0
9612,1758721935,s37,-2.7865,,0
9613,2026-09-12,s27,5.6541,good,1
9614,1708245896,s17,4.3597,BAD,1
9615,2026-06-10,s31,5.1215,BAD,1
9616,2026-09-17,s9,1.9881,ok,1
9617,1716518718,s7,2.3031,ok,0
9618,1709189855,s9,-0.1606,,0
9619,1737587553,s32,4.647,OK,1
9620,1704125615,s2,2.6917,BAD,1
9621,2026-03-18,s40,-1.4148,BAD,2
9622,1785322764,s33,-1.7728,,0
9623,2026-03-11,s29,5.6446,good,1
9624,1762284949,s30,2.0981,OK,1
9625,2026-01-15,s17,-1.6916,ok,0
9626,1751815022,s29,-4.5114,good,2
9627,1772008013,s1,-5.2688,,2
9628,1711287428,s3,1.4449,ok,0
9629,1724745500,s11,-0.9261,BAD,2
9630,1769878664,s29,-2.9457,,2
9631,2026-09-17,s17,-0.0097,ok,0
9632,2026-03-12,s25,3.9289,good,1
9633,1719359602,s37,-7.0558,OK,2
9634,2026-05-14,s32,1.0287,good,0
9635,1785420891,s2,2.6945,,1
9636,2026-04-10,s34,5.0201,good,1
9637,2026-01-18,s6,4.1685,,0
9638,2026-06-16,s27,-0.3686,ok,0
9639,1773910242,s17,1.872,BAD,0
9640,1765329159,s31,3.0181,OK,0
9641,1720995800,s16,-0.1578,OK,0
9642,1702711749,s27,2.4593,OK,1
9643,2026-01-10,s39,-1.9383,ok,0
9644,2026-05-11,s29,2.4893,,0
9645,1746198067,s9,-3.0542,good,2
9646,2026-04-18,s31,-0.8241,,2
9647,1783740520,s22,4.3721,good,1
9648,1731556673,s17,-3.5452,,2
9649,2026-07-10,s12,-0.2276,ok,0
9650,2026-07-11,s24,0.754,good,0
9651,2026-01-15,s4,-3.7593,ok,2
9652,2026-03-12,s39,,OK,1
9653,2026-08-14,s20,0.4923,BAD,0
9654,2026-03-10,s25,-5.7955,,2
9655,1783828798,s35,-4.9204,OK,2
9656,1758538582,s37,-1.5342,ok,0
9657,1702247855,s24,3.0654,,1
9658,1723744139,s6,1.0093,BAD,1
9659,2026-07-10,s18,5.4379,BAD,1
9660,2026-03-13,s25,4.413,OK,1
9661,1712658103,s3,1.6968,OK,1
9662,1741756877,s24,-1.6541,,2
9663,1771833988,s7,-1.3953,ok,2
9664,2026-01-10,s40,7.0937,BAD,1
9665,1727070879,s4,1.6976,good,0
9666,1713258562,s35,-3.9262,BAD,2
9667,2026-04-13,s10,4.4386,BAD,0
9668,2026-07-11,s15,4.8187,ok,1
9669,2026-02-11,s32,-4.942,good,2
9670,1788747298,s14,6.1558,,1
9671,2026-01-12,s30,2.6828,OK,0
9672,1721598597,s27,1.9738,BAD,0
9673,2026-06-11,s4,-4.4969,ok,2
9674,1773462477,s17,3.7587,,1
9675,2026-09-16,s39,1.0648,ok,0
9676,1725935312,s37,0.8432,good,2
9677,2026-05-18,s16,2.3126,,1
9678,1744972578,s40,-2.1997,,2
9679,1762317657,s32,4.8692,ok,1
9680,1755292657,s4,3.6606,ok,1
9681,2026-03-13,s36,1.5063,BAD,0
9682,2026-02-11,s9,3.9194,OK,1
9683,1731284743,s38,-5.3642,OK,2
9684,2026-02-12,s37,-1.8715,ok,0
9685,1754481968,s29,-2.6368,,2
9686,1737664229,s19,1.1262,,2
9687,2026-05-19,s14,0.1474,,1
9688,1712613346,s26,2.3098,,1
9689,2026-01-19,s15,0.2897,,0
9690,1726230166,s1,-4.2207,OK,2
9691,2026-03-14,s34,1.7073,,1
9692,1746517323,s33,8.0343,BAD,1
9693,2026-08-19,s14,1.095,OK,2
9694,2026-03-11,s8,2.3336,good,0
9695,1728566614,s29,-1.5764,ok,0
9696,1752761356,s10,0.5664,good,0
9697,2026-09-17,s21,-3.9439,BAD,2
9698,1712603507,s22,5.0774,OK,0
9699,1747593479,s38,7.6683,ok,1
9700,2026-08-18,s30,1.7875,,0
9701,1718947439,s36,-2.3188,,2
9702,2026-05-16,s32,4.7173,good,1
9703,2026-07-13,s5,-3.1184,good,2
9704,1743894968,s15,-6.1414,good,2
9705,1758483623,s10,,,2
9706,1766551463,s22,4.9326,,1
9707,1704866209,s17,-1.859,OK,2
9708,2026-07-11,s34,5.9858,BAD,1
9709,1701966300,s22,2.9974,OK,0
9710,2026-08-14,s24,1.585,,0
9711,2026-05-18,s27,6.0561,good,0
9712,2026-07-17,s34,1.8018,OK,1
9713,1788429593,s26,5.4925,good,1
9714,2026-08-11,s23,0.627,good,0
9715,2026-08-14,s18,-0.2319,,0
9716,2026-02-10,s25,-3.2989,,2
9717,1762494224,s13,-2.2534,ok,2
9718,2026-04-15,s12,-5.6017,ok,2
9719,2026-06-18,s19,-1.7377,,2
9720,2026-05-14,s37,0.5496,OK,2
9721,1751169165,s7,0.5273,ok,0
9722,2026-07-14,s9,-1.5925,,2
9723,1760377203,s23,4.9802,OK,1
9724,2026-05-19,s13,2.247,OK,0
9725,1715003562,s11,2.0116,OK,1
9726,1717633608,s36,5.4567,ok,0
9727,2026-02-19,s9,2.2446,good,0
9728,1777426366,s6,3.2035,OK,0
9729,1722079848,s32,-1.9335,,0
9730,1780096868,s35,-1.9751,OK,2
9731,2026-05-10,s3,4.8507,BAD,1
9732,1751296226,s32,-1.1549,good,2
9733,1745974053,s12,0.8924,good,0
9734,2026-01-14,s37,-3.7947,BAD,2
9735,2026-04-15,s33,-0.7169,good,2
9736,1764277336,s7,-0.723,,0
9737,1780795696,s2,0.6009,BAD,2
9738,2026-02-16,s22,-3.5462,ok,2
9739,1730667971,s32,5.3998,BAD,1
9740,2026-01-17,s25,1.7256,BAD,0
9741,2026-04-19,s26,3.3231,OK,1
9742,1728326950,s26,2.0489,,1
9743,2026-09-18,s12,-7.24,ok,2
9744,1782052135,s3,-1.314,ok,2
9745,1766846253,s6,3.6361,BAD,1
9746,1704251824,s36,-0.1573,BAD,0
9747,2026-06-18,s10,-4.8989,,2
9748,2026-02-11,s30,1.9408,good,0
9749,2026-09-19,s4,-2.1953,,2
9750,1776216109,s22,2.7164,BAD,1
9751,1772151881,s36,-1.1388,OK,0
9752,1765933010,s35,2.7575,good,0
9753,2026-05-12,s3,4.4586,BAD,1
9754,2026-05-17,s31,2.7248,ok,0
9755,2026-05-12,s10,-3.3421,BAD,2
9756,2026-03-11,s3,-3.9185,,2
9757,1736241288,s15,4.6436,good,1
9758,1731065450,s25,4.7988,,0
9759,2026-05-15,s21,-2.9469,BAD,0
9760,1707141674,s23,8.4893,BAD,1
9761,1763144101,s30,0.6857,good,0
9762,1754934712,s26,6.3843,good,1
9763,2026-09-17,s3,1.595,ok,0
9764,1776670219,s25,-3.4213,,2
9765,2026-06-17,s15,-1.4793,ok,2
9766,2026-08-15,s37,-2.1728,good,0
9767,2026-06-19,s34,6.2606,ok,1
9768,2026-03-17,s6,1.0604,BAD,1
9769,2026-01-14,s40,-1.3476,OK,2
9770,1721642820,s20,0.6994,BAD,0
9771,2026-03-18,s15,3.2688,,1
9772,2026-01-17,s24,3.8615,ok,1
9773,2026-01-19,s1,0.4242,OK,2
9774,1779690795,s40,-2.0553,,2
9775,1715195857,s9,-3.4305,BAD,2
9776,2026-01-15,s35,-2.6643,ok,2
9777,1775658889,s25,5.9846,good,1
9778,2026-07-18,s29,0.5407,BAD,0
9779,1744948397,s24,-3.0676,BAD,2
9780,1764950868,s34,-3.2586,OK,2
9781,2026-04-15,s15,-0.5867,ok,0
9782,2026-05-15,s9,8.4998,,1
9783,1787118113,s36,-0.2037,OK,0
9784,1750428096,s39,0.59,BAD,0
9785,2026-07-13,s9,-2.6041,ok,2
9786,2026-04-10,s11,-2.4489,ok,2
9787,2026-09-15,s36,2.4558,good,1
9788,2026-09-15,s35,4.2548,good,1
9789,1774568604,s1,-3.4368,good,2
9790,2026-05-14,s20,-5.201,good,2
9791,1788071406,s18,,BAD,2
9792,1757287911,s27,-0.1528,good,2
9793,2026-05-10,s22,3.5439,good,1
9794,1713211722,s18,4.6992,ok,1
9795,2026-03-12,s15,0.3177,BAD,1
9796,1740701871,s12,0.8019,BAD,1
9797,2026-01-15,s12,1.0077,OK,0
9798,2026-01-10,s11,-2.9622,OK,2
9799,1711383347,s37,-1.1277,ok,2
9800,1768548166,s40,2.2729,ok,0
9801,2026-05-10,s34,5.5195,,1
9802,1755188641,s3,5.0432,OK,1
9803,2026-03-12,s39,-2.485,BAD,2
9804,2026-07-19,s2,1.5175,,0
9805,2026-08-15,s35,5.8974,ok,1
9806,1705229137,s20,3.243,OK,1
9807,1781542462,s37,1.2731,good,0
9808,2026-04-18,s5,4.1248,,0
9809,1769023438,s19,-3.4368,good,2
9810,2026-03-18,s15,-3.6843,,2
9811,1762138654,s6,1.9174,BAD,0
9812,2026-04-11,s7,4.1478,BAD,0
9813,1752903086,s30,3.3332,good,0
9814,1715237508,s8,6.154,good,1
9815,1709594541,s35,-6.4657,good,2
9816,1712727930,s30,1.8274,good,1
9817,2026-04-15,s8,-1.8493,good,2
9818,2026-09-19,s10,3.8451,,1
9819,2026-09-15,s8,-3.5345,,2
9820,1708218183,s23,,ok,1
9821,2026-09-15,s18,-0.4316,BAD,0
9822,1753513414,s40,,good,1
9823,2026-04-15,s22,5.4169,,1
9824,2026-04-18,s7,-2.3479,,2
9825,2026-07-16,s22,4.3354,BAD,1
9826,1744604172,s4,-5.2927,BAD,2
9827,2026-01-14,s1,-0.8189,,0
9828,1775424891,s37,1.655,good,1
9829,1736011941,s34,1.2323,good,0
9830,1703123689,s39,-0.0485,OK,0
9831,2026-05-16,s34,-3.3897,,2
9832,2026-04-13,s26,-0.5381,OK,0
9833,1730774536,s8,-0.7726,good,0
9834,1770145119,s39,-0.4301,,0
9835,1713877344,s34,3.2279,good,1
9836,1760653462,s34,-6.5674,good,2
9837,1737877786,s37,-3.9436,good,2
9838,2026-08-10,s29,-4.8793,good,2
9839,1748134874,s27,2.7632,good,1
9840,2026-09-10,s27,4.3652,BAD,1
9841,2026-05-19,s26,3.5462,,0
9842,2026-08-10,s36,1.7509,OK,0
9843,2026-09-14,s37,8.1491,BAD,1
9844,1781227669,s8,0.0742,OK,0
9845,2026-07-10,s40,1.5572,good,0
9846,1746209170,s22,3.9382,BAD,1
9847,2026-07-17,s30,4.2206,good,1
9848,2026-02-17,s20,3.4691,,1
9849,2026-05-19,s39,2.2895,BAD,1
9850,2026-01-13,s36,-2.8546,ok,0
9851,1772167909,s3,3.6719,good,1
9852,2026-04-10,s35,0.4525,ok,0
9853,1727439931,s33,2.7545,OK,0
9854,2026-09-17,s40,1.7347,ok,0
9855,1701151116,s3,4.6682,good,1
9856,2026-06-14,s28,4.3833,good,0
9857,2026-07-13,s23,4.447,OK,1
9858,1789564194,s14,2.9266,OK,1
9859,2026-05-18,s21,-5.8523,BAD,2
9860,2026-04-15,s33,4.0828,OK,0
9861,1763019809,s4,1.784,BAD,0
9862,1718736742,s7,-1.2635,BAD,2
9863,2026-03-14,s38,8.0119,ok,1
9864,1757208886,s7,-6.6976,good,2
9865,1723590795,s1,4.0051,good,0
9866,1726620323,s4,0.4923,ok,1
9867,1763949356,s35,1.2635,BAD,0
9868,1782444855,s19,-0.2959,ok,0
9869,2026-02-14,s26,-0.8713,ok,0
9870,2026-07-10,s24,3.0775,OK,0
9871,1771997424,s21,-3.7581,OK,0
9872,2026-06-12,s37,5.1411,BAD,1
9873,1778340484,s24,4.5547,OK,1
9874,2026-06-13,s4,1.4668,ok,0
9875,1719973886,s25,-5.129,,2
9876,2026-09-16,s5,-0.3885,BAD,0
9877,1706702761,s11,,BAD,1
9878,1716705471,s38,3.1884,BAD,0
9879,2026-03-19,s39,-4.5002,good,2
9880,2026-01-14,s21,-2.9764,OK,0
9881,1721965094,s29,5.6478,,1
9882,2026-02-17,s4,5.7041,,1
9883,2026-06-10,s26,-1.602,good,2
9884,2026-06-13,s29,3.8925,OK,1
9885,2026-04-18,s40,-0.8168,OK,0
9886,1723884107,s30,-2.693,BAD,2
9887,2026-04-18,s22,3.0621,,0
9888,2026-06-14,s40,1.3652,BAD,0
9889,2026-07-17,s30,7.818,ok,1
9890,1702142901,s19,-2.4109,OK,0
9891,1746822168,s2,-6.5118,OK,2
9892,2026-04-18,s14,-4.3559,ok,2
9893,2026-06-10,s8,2.8189,OK,0
9894,2026-08-10,s2,4.5032,ok,1
9895,1723596811,s3,5.5867,OK,1
9896,1765467097,s19,5.8212,good,1
9897,2026-09-13,s12,2.5656,BAD,1
9898,2026-08-12,s29,0.4706,OK,0
9899,1703166687,s32,-4.6479,OK,2
9900,1701469055,s6,2.9333,,1
9901,2026-02-19,s16,-1.5351,good,2
9902,2026-07-16,s20,0.1957,OK,0
9903,2026-05-15,s6,3.2308,good,0
9904,2026-03-18,s17,-5.2988,BAD,2
9905,2026-07-15,s2,-2.6623,ok,2
9906,1785056051,s1,-3.7626,,0
9907,1720530440,s15,1.334,ok,2
9908,2026-02-11,s5,4.9198,BAD,1
9909,1789175455,s36,7.3194,OK,1
9910,2026-01-15,s26,-1.3643,BAD,2
9911,1771703835,s23,-5.5534,OK,2
9912,1750654991,s11,-0.007,ok,0
9913,1736236151,s19,-4.37,ok,2
9914,2026-01-18,s21,3.3337,BAD,1
9915,2026-08-15,s38,-3.5933,BAD,0
9916,1776161635,s39,2.9877,BAD,1
9917,2026-08-19,s2,4.707,BAD,0
9918,1770238837,s8,-2.4579,ok,0
9919,1731453861,s17,-5.2589,,2
9920,1752828830,s23,3.5487,ok,1
9921,2026-02-16,s14,-0.9337,good,0
9922,1773716433,s1,4.8296,good,1
9923,1774272586,s35,-1.5495,OK,2
9924,2026-09-19,s33,3.0403,good,0
9925,2026-07-13,s28,7.2706,,1
9926,2026-05-10,s39,-6.3866,ok,2
9927,1753418454,s36,,BAD,0
9928,1730680501,s40,-0.6023,,0
9929,2026-06-12,s37,1.8168,BAD,0
9930,2026-05-19,s3,,good,0
9931,1784658613,s40,3.3946,ok,1
9932,2026-09-15,s16,0.0563,good,0
9933,2026-02-15,s35,1.7081,OK,0
9934,1747168043,s40,5.481,OK,1
9935,1750421698,s1,-3.4825,OK,2
9936,2026-04-17,s5,-1.1786,BAD,0
9937,1718943201,s26,-0.4762,good,0
9938,1771010046,s38,2.7661,good,0
9939,1773444734,s13,-2.243,good,2
9940,1720577647,s23,-0.4859,,0
9941,1746192416,s9,3.1398,OK,1
9942,1743663044,s14,-0.471,,0
9943,1743225790,s27,3.2638,ok,1
9944,1745632191,s22,2.4709,ok,1
9945,2026-02-17,s10,-4.8613,,2
9946,1747452946,s23,-0.5256,BAD,2
9947,2026-04-11,s29,6.0027,BAD,1
9948,1788257832,s23,-5.4276,BAD,2
9949,2026-07-15,s24,-1.3226,,2
9950,1783198771,s4,4.0763,OK,1
9951,1702861716,s32,7.1391,,1
9952,1707474604,s36,0.2785,BAD,2
9953,1722967214,s9,-1.4906,OK,0
9954,2026-04-16,s16,-3.2812,good,2
9955,1776824154,s16,-0.4367,good,0
9956,2026-06-17,s15,4.4741,,1
9957,1762141766,s27,3.8827,OK,0
9958,1730705071,s10,7.9363,BAD,1
9959,1735096507,s35,3.9821,ok,1
9960,2026-01-19,s10,2.6612,good,0
9961,2026-09-11,s32,,,2
9962,2026-07-15,s36,4.6155,,1
9963,2026-06-10,s8,2.8389,OK,1
9964,2026-02-17,s17,4.7804,,1
9965,1757723023,s11,0.7632,BAD,0
9966,2026-03-13,s32,7.0896,good,1
9967,1741528004,s10,-4.9198,good,2
9968,2026-06-13,s33,1.0666,OK,0
9969,1741715794,s22,-4.6353,,2
9970,2026-09-11,s37,-2.3701,,2
9971,2026-03-11,s16,-0.2527,ok,0
9972,2026-04-16,s11,1.0758,BAD,0
9973,2026-03-14,s4,-2.3802,OK,2
9974,2026-09-16,s26,7.7263,BAD,1
9975,1751989269,s4,-2.7538,ok,2
9976,1721211191,s17,-0.1191,good,0
9977,2026-07-11,s2,-2.635,ok,2
9978,2026-09-19,s10,4.1254,,1
9979,2026-04-14,s34,-2.3366,BAD,2
9980,1708760487,s27,4.231,good,0
9981,1731213227,s26,2.5425,ok,0
9982,1731859387,s29,-4.1358,,2
9983,2026-08-16,s39,0.1322,,0
9984,2026-03-11,s33,1.3886,ok,1
9985,2026-02-12,s1,-1.9422,good,0
9986,2026-02-18,s6,-6.226,BAD,2
9987,1775645319,s25,-1.7557,BAD,2
9988,2026-02-12,s13,-2.898,BAD,2
9989,2026-06-16,s5,-1.9296,,2
9990,2026-03-17,s32,3.4881,OK,1
9991,1755749096,s31,5.3174,,0
9992,2026-04-11,s27,3.5102,good,1
9993,2026-04-17,s17,-2.6018,,2
9994,2026-08-17,s26,-1.453,ok,2
9995,1731289108,s13,2.1623,good,0
9996,2026-07-13,s29,2.5732,OK,0
9997,2026-05-12,s38,1.8231,OK,0
9998,1789635661,s8,4.6832,ok,1
9999,2026-03-16,s7,-3.8609,ok,2
10000,2026-09-15,s34,5.7397,,1
10001,1706716598,s11,-2.4885,good,2
10002,1784160679,s18,-3.2964,good,2
10003,2026-02-14,s22,4.1928,ok,1
10004,1788788622,s21,,OK,0
10005,2026-06-15,s33,-5.0302,OK,2
10006,2026-03-15,s33,-1.6888,ok,0
10007,1714123216,s35,-4.1134,ok,2
10008,2026-08-12,s33,-1.7163,ok,2
10009,2026-05-12,s7,1.6,,0
10010,1736300260,s23,-3.5557,good,2
10011,1774934966,s29,-3.0099,BAD,2
10012,1780706598,s9,-0.4426,good,0
10013,1764866223,s33,-1.6889,ok,2
10014,2026-04-17,s17,-2.6815,OK,2
10015,1743805184,s5,1.8619,good,0
10016,1709491950,s3,5.1247,OK,1
10017,2026-03-13,s35,6.6816,good,1
10018,1777196729,s2,5.3464,ok,1
10019,2026-03-17,s39,0.3582,,0
10020,1709562794,s38,6.1386,BAD,1
10021,1749433968,s16,-1.1535,ok,0
10022,1720262170,s12,0.0448,,0
10023,2026-03-18,s11,-3.5235,,2
10024,1745204219,s16,-4.3291,good,2
10025,1736765461,s37,7.2392,ok,1
10026,1786660425,s22,3.851,BAD,1
10027,1769067458,s11,0.3023,good,0
10028,1700694197,s33,-0.8814,,2
10029,1781838939,s36,1.553,ok,0
10030,1783088039,s35,-1.3148,,2
10031,2026-04-12,s30,4.5007,OK,1
10032,2026-08-19,s37,4.2456,ok,1
10033,1782595815,s39,0.3257,ok,2
10034,2026-02-16,s39,2.5276,BAD,0
10035,2026-09-18,s28,-5.0214,BAD,2
10036,1702119927,s21,-1.9395,,2
10037,1732695746,s37,-1.9093,BAD,2
10038,2026-05-15,s12,1.4341,ok,0
10039,1727955883,s32,-4.303,OK,2
10040,1740209767,s25,1.63,good,0
10041,2026-05-18,s38,0.0421,ok,0
10042,1765307977,s29,3.917,good,0
10043,1747643304,s6,4.4851,,1
10044,2026-05-12,s5,-1.0413,BAD,2
10045,1734633411,s10,1.1777,ok,0
10046,1771183137,s15,-1.6641,OK,2
10047,1761942016,s29,-2.3105,good,0
10048,1736000983,s2,,good,0
10049,1743499972,s15,,BAD,2
10050,2026-08-14,s26,0.1074,ok,0
10051,2026-09-13,s1,-4.172,BAD,2
10052,2026-02-12,s37,4.2237,,1
10053,1746834051,s27,4.0575,good,0
10054,1754889657,s27,5.1906,,1
10055,1765361167,s40,2.4362,,1
10056,2026-08-11,s18,-2.421,BAD,2
10057,2026-09-15,s13,1.6646,BAD,0
10058,2026-06-10,s27,-4.7754,OK,2
10059,1753929900,s30,-3.9662,good,0
10060,2026-05-19,s7,,OK,0
10061,2026-05-18,s36,1.2683,good,0
10062,2026-09-14,s37,7.2439,ok,1
10063,1700704901,s24,5.5502,good,1
10064,1722636061,s21,1.1,good,0
10065,1787911882,s18,,,1
10066,1754281968,s29,-1.1511,OK,2
10067,2026-01-18,s17,5.3332,BAD,1
10068,1721904967,s25,-6.3326,OK,2
10069,1732282789,s27,-3.8845,,2
10070,1775023119,s12,3.3933,good,1
10071,2026-04-11,s19,-4.3141,ok,2
10072,2026-07-18,s15,2.0929,good,1
10073,1748015643,s34,0.6279,good,0
10074,2026-06-17,s37,-1.1771,good,2
10075,1782377220,s17,-3.3882,,2
10076,2026-03-18,s11,-4.7834,ok,2
10077,1776835226,s6,,OK,1
10078,1741668273,s36,-1.0771,OK,0
10079,1789012228,s32,4.7281,OK,1
10080,1718596934,s9,-1.8838,,0
10081,1771034230,s38,1.554,OK,0
10082,1724113393,s11,-3.2043,,2
10083,1774493238,s33,4.151,OK,1
10084,1762586071,s10,-3.4316,,2
10085,2026-04-10,s21,-0.0533,,0
10086,1777795843,s11,1.3286,OK,0
10087,1715833506,s34,,ok,1
10088,2026-09-12,s14,7.1496,OK,1
10089,1776064118,s14,3.9499,,1
10090,2026-08-14,s17,0.1822,good,0
10091,2026-01-16,s21,-5.5841,good,2
10092,1763643640,s7,0.1608,,0
10093,1741752568,s28,-0.7741,BAD,2
10094,1756084660,s30,-5.5619,good,2
10095,1713756937,s1,3.5272,,0
10096,2026-02-15,s6,-4.157,ok,2
10097,2026-03-11,s7,,OK,2
10098,1717284626,s30,-5.0275,,2
10099,1746491005,s18,4.9444,ok,1
10100,2026-06-18,s23,-3.3616,ok,2
10101,2026-01-15,s27,-2.4697,ok,2
10102,2026-04-16,s8,3.7589,OK,1
10103,1700827450,s34,0.9983,OK,0
10104,2026-01-18,s28,4.8763,OK,1
10105,2026-02-13,s25,0.3559,OK,0
10106,2026-04-15,s13,0.5368,,1
10107,2026-07-10,s20,2.6114,ok,1
10108,2026-04-12,s3,-0.2222,OK,2
10109,2026-07-14,s34,3.7327,OK,1
10110,1730901196,s30,2.0573,BAD,1
10111,2026-02-12,s6,-2.2952,BAD,2
10112,1739466215,s5,-0.1758,,1
10113,2026-08-13,s4,-0.1551,BAD,0
10114,2026-08-18,s32,3.3993,OK,1
10115,1709749246,s34,3.3914,ok,1
10116,1776944749,s10,-4.0015,,2
10117,1762426325,s33,-4.3419,ok,2
10118,2026-07-19,s36,2.8107,,1
10119,1727612470,s11,-0.0334,good,2
10120,1712262484,s40,4.2457,OK,1
10121,2026-08-19,s32,5.1337,OK,1
10122,2026-09-10,s25,7.329,,1
10123,1747422002,s3,-1.106,,2
10124,1737270696,s35,7.5632,BAD,1
10125,2026-09-14,s29,-1.0664,ok,0
10126,1742286682,s21,3.8326,OK,1
10127,2026-03-19,s14,-1.1382,ok,2
10128,1770248162,s19,1.4865,BAD,0
10129,2026-01-11,s37,-4.9123,OK,2
10130,2026-02-18,s2,2.0258,BAD,1
10131,1700988673,s30,-2.7304,good,2
10132,1762388293,s23,-2.0097,BAD,2
10133,2026-09-11,s29,6.3159,ok,1
10134,1743863244,s35,4.697,OK,1
10135,2026-04-14,s29,-1.2292,ok,2
10136,2026-07-18,s34,9.4379,OK,1
10137,2026-05-10,s29,4.4554,BAD,1
10138,2026-05-19,s5,-3.193,,2
10139,2026-07-10,s24,-6.1259,ok,2
10140,2026-07-17,s26,-2.9502,good,2
10141,1732394830,s16,6.9573,good,1
10142,1759008062,s5,-4.5902,BAD,2
10143,1746171798,s35,4.1498,BAD,1
10144,1755854984,s7,-0.559,BAD,0
10145,2026-07-13,s1,4.4719,,1
10146,2026-02-10,s32,4.5926,OK,1
10147,1784200951,s6,-6.7307,BAD,2
10148,1772179773,s9,-0.4215,OK,0
10149,2026-04-11,s12,1.0517,ok,0
10150,1780706490,s32,4.5229,OK,1
10151,2026-01-14,s31,3.2338,OK,1
10152,2026-03-11,s27,-1.6609,OK,2
10153,2026-06-10,s39,-1.3466,,2
10154,2026-01-11,s31,0.2538,good,0
10155,2026-08-12,s6,,BAD,1
10156,2026-07-12,s38,-1.195,BAD,0
10157,2026-09-10,s6,-5.5518,good,2
10158,2026-06-18,s17,2.9578,OK,1
10159,2026-03-16,s21,0.1106,ok,0
10160,2026-06-17,s13,-2.9074,OK,2
10161,1718148128,s7,4.4995,,1
10162,1705159234,s34,-0.1938,good,0
10163,2026-03-19,s2,-2.495,good,2
10164,2026-03-11,s20,4.1781,BAD,1
10165,2026-04-12,s18,9.577,ok,1
10166,2026-02-15,s1,-2.4869,ok,0
10167,1730314119,s16,3.6334,good,1
10168,1775521660,s15,,ok,2
10169,1776239660,s9,4.7928,,1
10170,2026-05-17,s31,-0.0598,OK,0
10171,2026-02-13,s6,-0.2023,good,2
10172,1773297332,s23,2.899,,0
10173,1748098163,s9,,good,1
10174,1738115502,s34,4.7674,good,1
10175,1781594914,s32,2.3441,OK,0
10176,1773893943,s29,4.2538,OK,1
10177,2026-02-17,s16,2.6878,good,1
10178,2026-04-14,s19,2.2189,OK,1
10179,2026-06-15,s6,3.0343,BAD,1
10180,2026-06-15,s4,1.9269,ok,0
10181,1772942038,s2,6.6178,BAD,1
10182,2026-08-13,s16,0.243,ok,0
10183,2026-05-19,s30,4.9925,good,1
10184,1702881151,s14,5.1101,BAD,1
10185,1788492301,s26,4.2024,ok,1
10186,1758962347,s3,2.6361,good,1
10187,1782915957,s19,-2.2777,ok,0
10188,1741991022,s40,4.9955,,1
10189,2026-08-10,s35,-3.5986,ok,2
10190,1766653746,s38,-4.5953,OK,2
10191,2026-05-15,s36,-1.8563,good,0
10192,2026-07-10,s35,1.5555,good,1
10193,1762292802,s37,-2.0093,BAD,2
10194,1744820080,s2,-3.6292,,2
10195,2026-02-15,s38,7.1196,ok,1
10196,2026-08-13,s22,,OK,2
10197,1787615756,s15,7.9715,BAD,1
10198,1713320391,s18,7.9017,OK,1
10199,1772061629,s28,-1.2155,,2
10200,1765531947,s33,-2.4359,ok,2
10201,2026-01-12,s23,-2.8914,good,2
10202,1722041178,s25,0.6762,BAD,0
10203,1737634278,s11,-1.8184,ok,0
10204,1717681158,s9,5.1092,ok,1
10205,2026-08-11,s18,1.0968,good,0
10206,2026-01-18,s23,-5.3131,OK,2
10207,1782252570,s25,0.1813,good,1
10208,2026-08-14,s15,4.9205,,1
10209,2026-05-15,s35,3.9507,ok,1
10210,2026-06-18,s37,-2.9198,good,2
10211,2026-05-16,s31,2.9167,OK,1
10212,2026-08-17,s25,,,0
10213,2026-05-17,s19,-0.6003,good,0
10214,1701813890,s17,-1.5411,good,0
10215,1745716408,s6,-1.7648,OK,0
10216,2026-06-12,s9,-1.949,OK,2
10217,1786176852,s36,5.5819,BAD,1
10218,2026-07-19,s3,4.2776,good,1
10219,2026-09-18,s18,6.6221,OK,1
10220,1708691640,s21,-2.3606,BAD,2
10221,2026-09-14,s18,-0.335,OK,2
10222,2026-08-10,s12,-4.2341,BAD,2
10223,2026-04-16,s2,0.2239,good,0
10224,2026-09-16,s12,4.2902,ok,1
10225,1731305081,s34,-4.9006,OK,2
10226,2026-08-18,s18,2.3955,ok,0
10227,2026-09-16,s8,2.6974,OK,1
10228,2026-08-11,s35,-5.3499,OK,2
10229,2026-09-16,s29,7.0835,ok,1
10230,1722170608,s35,1.2099,OK,0
10231,1753794961,s13,-1.1352,ok,0
10232,2026-06-17,s24,,OK,2
10233,1714697777,s5,-0.0136,ok,0
10234,1742325821,s26,-4.2518,good,2
10235,2026-09-15,s5,-5.0292,BAD,2
10236,2026-01-19,s29,-3.2345,BAD,2
10237,1750196910,s6,4.5327,BAD,1
10238,1720106241,s11,-2.2123,ok,2
10239,1749517961,s22,-2.0858,good,0
10240,2026-07-13,s11,1.6792,BAD,0
10241,1715101239,s37,6.6001,good,1
10242,2026-07-19,s28,-1.489,ok,0
10243,2026-05-19,s12,-0.914,,0
10244,2026-02-12,s6,3.9566,BAD,1
10245,1748057605,s18,-0.8339,BAD,2
10246,1782248746,s6,0.241,ok,0
10247,2026-03-15,s10,0.5538,ok,0
10248,1724826591,s9,-1.7961,good,0
10249,1742365361,s25,-1.1654,,2
10250,1724954243,s39,-0.8244,BAD,0
10251,2026-08-13,s9,-1.4634,BAD,2
10252,1725991931,s4,0.6634,BAD,1
10253,2026-08-17,s18,,ok,0
10254,2026-02-11,s13,-5.2839,,2
10255,2026-03-15,s11,7.0533,good,1
10256,2026-07-13,s2,3.8097,BAD,1
10257,2026-04-18,s21,0.3124,BAD,0
10258,2026-01-12,s18,-5.0446,OK,2
10259,2026-07-11,s32,2.8467,BAD,0
10260,1774289500,s11,3.683,good,1
10261,1706937757,s14,1.7144,ok,0
10262,2026-06-10,s15,1.758,good,0
10263,2026-03-10,s40,4.6699,good,1
10264,1751929507,s12,-1.0079,,0
10265,1774732025,s27,4.7722,BAD,1
10266,2026-06-18,s24,-1.7413,good,0
10267,1721612755,s34,-2.2921,BAD,2
10268,2026-03-16,s39,4.0516,OK,0
10269,1762453082,s27,3.9918,OK,1
10270,1746488690,s18,3.5311,good,1
10271,1714441518,s29,4.399,OK,1
10272,1715662455,s17,5.7596,OK,1
10273,1756106785,s19,0.8923,,0
10274,2026-08-18,s33,-3.5298,OK,2
10275,1721115152,s1,4.1475,OK,0
10276,1761853550,s5,1.5132,BAD,1
10277,1751572420,s40,-2.4586,ok,2
10278,1736571981,s31,5.2473,good,1
10279,2026-08-12,s12,5.4004,OK,1
10280,2026-07-18,s3,-0.6602,,2
10281,2026-04-18,s4,2.1055,BAD,0
10282,1781014809,s4,5.2278,BAD,1
10283,1708168561,s4,4.1305,ok,1
10284,1706896071,s18,0.8419,ok,0
10285,2026-03-13,s2,2.367,ok,0
10286,1785821687,s27,-3.9534,good,2
10287,2026-05-12,s15,3.1191,OK,1
10288,2026-04-10,s38,-5.2852,BAD,2
10289,2026-05-17,s31,1.6534,ok,1
10290,1731343262,s17,2.4943,OK,0
10291,2026-07-17,s2,3.8195,BAD,1
10292,1754264639,s19,2.461,OK,0
10293,2026-08-10,s38,0.7566,OK,2
10294,1718909964,s23,-3.5795,BAD,2
10295,2026-06-11,s24,5.0291,OK,1
10296,2026-06-17,s4,-2.5991,OK,2
10297,1709545504,s6,1.1388,good,0
10298,1716283934,s28,4.6855,BAD,0
10299,2026-09-19,s17,-0.6952,OK,2
10300,2026-02-17,s3,-1.0962,OK,1
10301,2026-07-13,s32,2.0048,OK,0
10302,2026-02-13,s28,-5.2874,good,2
10303,2026-06-16,s16,3.6746,OK,0
10304,2026-04-17,s14,0.7586,ok,0
10305,2026-04-15,s6,4.9152,good,0
10306,1739953334,s18,0.2402,ok,0
10307,2026-04-12,s23,0.6461,,0
10308,2026-08-14,s6,4.7372,ok,1
10309,2026-08-10,s15,-1.6712,good,0
10310,1739621492,s17,-2.9971,,2
10311,1775524207,s2,-3.8433,ok,2
10312,1789507612,s24,7.2408,OK,1
10313,2026-09-15,s9,4.7345,ok,1
10314,1786934278,s1,-3.6952,BAD,2
10315,2026-05-10,s7,-0.0257,BAD,0
10316,1730299481,s18,3.6422,good,0
10317,2026-04-13,s4,6.3456,,1
10318,1713688608,s17,-1.6458,good,2
10319,1772377364,s20,6.1648,ok,1
10320,2026-07-15,s21,-2.5196,ok,0
10321,2026-02-10,s33,6.117,BAD,1
10322,1714637862,s25,1.7652,ok,1
10323,1770102458,s7,2.7384,BAD,1
10324,1781278476,s13,-5.2207,OK,2
10325,2026-08-19,s14,4.7555,OK,0
10326,1720749874,s36,5.1529,,1
10327,2026-05-16,s33,-4.6867,OK,2
10328,1780156435,s4,-4.9969,,2
10329,2026-01-17,s39,-1.7911,,2
10330,1757415678,s15,-4.2005,,2
10331,2026-08-10,s21,3.7014,ok,1
10332,1717716634,s38,,BAD,0
10333,2026-05-14,s8,6.4585,,1
10334,2026-05-15,s13,4.6368,OK,1
10335,1710857588,s18,0.8813,ok,0
10336,1770625314,s38,5.4286,BAD,1
10337,2026-05-15,s23,0.3503,ok,0
10338,1775415071,s16,-2.3892,BAD,2
10339,1764628509,s3,-2.0462,ok,2
10340,2026-01-13,s24,,good,0
10341,2026-08-15,s34,-2.572,OK,2
10342,1730503746,s3,2.8756,ok,1
10343,1766036066,s15,6.3448,OK,1
10344,1721871002,s29,9.0721,OK,1
10345,1729089042,s30,-2.0678,BAD,0
10346,2026-07-16,s21,8.008,,1
10347,1714752058,s7,-0.2492,good,0
10348,2026-02-15,s32,3.0139,good,1
10349,1722023383,s12,2.554,ok,0
10350,2026-04-12,s18,1.7292,good,0
10351,1703524517,s36,4.4289,OK,1
10352,2026-07-11,s20,2.6058,good,0
10353,1755186041,s33,-2.5783,,2
10354,2026-01-10,s35,6.3569,OK,1
10355,2026-08-13,s30,2.1953,ok,0
10356,1774777645,s36,1.3613,ok,0
10357,1763819034,s3,-3.5525,good,2
10358,2026-06-16,s35,2.5903,OK,1
10359,2026-06-10,s20,1.1684,,0
10360,2026-04-12,s4,-3.0207,,2
10361,2026-04-17,s14,-2.4454,OK,2
10362,1789234061,s12,2.0957,OK,1
10363,1730963815,s16,-1.7188,ok,2
10364,2026-02-19,s38,0.8511,BAD,0
10365,2026-09-12,s11,,good,0
10366,1775129012,s22,3.9876,ok,1
10367,1774023494,s34,-4.3738,OK,2
10368,2026-06-10,s7,-2.0351,good,2
10369,1758264299,s36,2.2579,ok,1
10370,2026-05-18,s1,4.4508,,1
10371,1766098294,s28,4.287,OK,1
10372,1756587285,s8,5.6495,OK,1
10373,2026-03-14,s2,0.6791,ok,0
10374,1754582788,s13,3.1509,,1
10375,1727531373,s17,-3.472,BAD,2
10376,1738715589,s3,2.315,good,0
10377,1703495531,s34,4.1962,BAD,1
10378,2026-06-14,s34,-0.4969,OK,0
10379,1701650014,s30,1.3797,OK,1
10380,2026-07-11,s23,-2.8852,,2
10381,2026-04-10,s13,-4.3008,,2
10382,2026-03-18,s7,-2.7587,good,0
10383,1729085082,s40,-5.761,OK,2
10384,2026-05-18,s34,0.7574,OK,0
10385,2026-07-12,s34,-4.6283,good,2
10386,1786621491,s6,6.3305,BAD,1
10387,1755094974,s16,-1.8229,BAD,2
10388,1722465005,s26,3.4198,OK,1
10389,2026-07-14,s20,5.4106,,1
10390,2026-06-16,s31,0.5318,,1
10391,2026-02-17,s28,-2.8988,,2
10392,2026-06-12,s10,,ok,1
10393,2026-03-12,s36,2.1226,ok,1
10394,1787481912,s3,-1.155,,2
10395,2026-05-12,s19,4.9793,ok,1
10396,2026-07-15,s22,5.6555,good,1
10397,2026-01-19,s4,2.2661,,1
10398,1777587390,s37,,BAD,1
10399,1718367019,s5,1.8666,OK,0
10400,2026-09-12,s31,-3.2572,good,2
10401,2026-09-15,s20,-1.8934,,0
10402,2026-07-10,s7,5.3713,,1
10403,1735479718,s35,5.0106,,1
10404,1721471782,s7,4.1714,ok,1
10405,2026-03-10,s19,0.7792,OK,0
10406,2026-02-16,s6,4.7421,good,1
10407,1737236305,s12,-0.2369,good,0
10408,1732722258,s21,-0.8908,OK,0
10409,2026-02-14,s14,1.5716,OK,0
10410,1742122402,s9,,OK,1
10411,1714427893,s15,-5.8002,BAD,2
10412,2026-01-17,s21,-2.6652,OK,0
10413,2026-06-14,s40,5.0757,good,1
10414,1735383477,s39,-1.5017,,2
10415,2026-03-16,s24,,OK,1
10416,2026-08-14,s35,7.919,,1
10417,1707987154,s23,2.6693,BAD,0
10418,2026-09-16,s37,2.0248,BAD,0
10419,1707136151,s19,,good,0
10420,1721530242,s16,,BAD,2
10421,1772217876,s26,-1.6481,ok,0
10422,1712813585,s19,4.2385,good,0
10423,2026-03-18,s12,-0.0748,BAD,0
10424,1752782798,s40,2.7911,ok,1
10425,1788324868,s25,5.2856,OK,1
10426,1759113997,s34,2.5559,,1
10427,2026-07-17,s32,2.2274,,0
10428,1700234388,s34,2.4888,ok,0
10429,2026-09-10,s32,3.2502,,1
10430,1765261921,s31,-3.5671,,2
10431,2026-08-13,s13,-2.0979,good,2
10432,1717898047,s12,4.8517,OK,1
10433,1750272967,s24,-5.2,good,2
10434,2026-03-16,s33,1.3988,good,0
10435,1771867114,s7,3.6676,OK,1
10436,2026-05-11,s30,-2.8931,good,2
10437,2026-07-14,s5,-2.0981,BAD,0
10438,2026-07-16,s9,-1.4209,,0
10439,1733286904,s8,-0.121,,0
10440,2026-01-17,s19,8.1885,good,1
10441,2026-01-15,s31,1.4607,OK,0
10442,2026-04-14,s9,0.4724,good,0
10443,2026-05-14,s4,-0.8197,good,0
10444,2026-03-12,s19,1.5018,good,0
10445,1725987890,s34,-0.5096,ok,0
10446,2026-06-19,s3,-1.7678,OK,2
10447,2026-08-15,s2,1.7645,BAD,0
10448,1720837576,s8,1.7332,OK,0
10449,2026-06-14,s10,-0.8887,ok,0
10450,2026-09-15,s14,-1.6862,,2
10451,1779069015,s16,3.9564,,1
10452,2026-09-16,s35,-4.7467,BAD,2
10453,1769049735,s3,0.6103,,2
10454,2026-05-14,s33,-1.0465,ok,2
10455,2026-02-10,s33,-1.941,BAD,2
10456,2026-02-19,s38,-4.0247,OK,2
10457,2026-05-16,s3,5.282,OK,1
10458,1755110229,s39,-4.3615,good,2
10459,2026-01-14,s35,,ok,0
10460,1718504291,s24,-3.9677,BAD,2
10461,1779491985,s10,0.4113,OK,0
10462,1712544491,s4,1.6,good,0
10463,2026-06-16,s20,-4.2247,BAD,2
10464,1777786505,s10,6.2835,OK,1
10465,1714257850,s29,2.4271,OK,0
10466,2026-03-11,s20,1.5869,OK,0
10467,1738711818,s1,4.3,,1
10468,1769965034,s23,-3.4663,good,2
10469,1724367782,s20,6.5615,good,1
10470,1758571874,s25,7.2961,good,0
10471,1754866889,s37,2.4477,,2
10472,2026-07-15,s32,2.3767,ok,0
10473,1777256729,s19,-0.838,OK,2
10474,2026-07-16,s7,3.9328,ok,0
10475,2026-03-18,s39,-2.8104,ok,2
10476,2026-02-15,s39,-0.9458,BAD,0
10477,1733382611,s20,3.0797,,0
10478,2026-08-16,s15,-2.5542,good,2
10479,2026-09-12,s14,-2.2362,,0
10480,1702663188,s11,4.8665,ok,1
10481,2026-03-18,s17,0.2923,OK,0
10482,2026-06-16,s26,1.4727,ok,0
10483,2026-08-19,s3,-5.0908,OK,2
10484,1724960366,s35,0.8574,,2
10485,2026-03-17,s3,5.7444,good,1
10486,1758027927,s10,,BAD,0
10487,2026-01-15,s20,3.7476,BAD,1
10488,2026-04-10,s28,2.511,BAD,1
10489,2026-08-14,s32,-1.5386,OK,0
10490,1708084471,s23,6.6225,OK,1
10491,2026-03-11,s32,-1.7701,ok,2
10492,1700977985,s25,,good,1
10493,2026-07-14,s34,-2.4427,ok,2
10494,2026-04-10,s3,-2.2424,OK,2
10495,1722145392,s7,2.1704,,0
10496,2026-05-14,s4,-3.988,BAD,2
10497,2026-04-12,s40,1.783,BAD,0
10498,2026-05-15,s32,6.8504,,1
10499,1720595418,s14,6.7102,BAD,1
10500,2026-09-13,s28,-4.3224,ok,2
10501,2026-04-16,s17,5.2966,,1
10502,2026-02-19,s34,-3.033,BAD,2
10503,1770319884,s8,-4.4396,good,0
10504,2026-03-17,s36,6.9211,ok,1
10505,2026-06-18,s9,6.5922,OK,1
10506,1749877841,s18,-3.7371,OK,2
10507,1742672897,s12,0.9152,OK,0
10508,1752622643,s7,4.6301,,1
10509,1759163832,s40,1.4274,OK,1
10510,1766008175,s31,0.6425,BAD,0
10511,1701040188,s21,3.5798,BAD,1
10512,1730320825,s15,1.7381,good,0
10513,1743658221,s32,1.474,,0
10514,2026-05-10,s17,-5.1576,,2
10515,2026-01-15,s36,1.8017,OK,0
10516,2026-08-12,s9,3.5947,,1
10517,1752438997,s6,2.389,ok,0
10518,1724369315,s40,-1.3158,BAD,2
10519,2026-02-14,s7,0.0983,ok,0
10520,1739567220,s36,-1.5032,ok,2
10521,2026-07-14,s34,2.3088,OK,0
10522,2026-05-17,s5,-2.6501,OK,2
10523,2026-04-17,s25,0.8524,ok,0
10524,2026-01-19,s9,4.186,good,0
10525,2026-09-17,s10,-0.7929,OK,0
10526,2026-04-14,s6,3.9312,OK,1
10527,1721517796,s26,2.449,,1
10528,2026-07-18,s38,1.2561,good,0
10529,1739956471,s33,0.7924,BAD,0
10530,1774795006,s18,-2.3551,BAD,2
10531,1788188426,s13,4.1771,,1
10532,2026-09-10,s7,5.0484,OK,1
10533,2026-02-13,s29,-1.8721,good,0
10534,1776705289,s6,-2.0513,,2
10535,2026-04-19,s1,-2.5878,OK,2
10536,1766395516,s18,-2.5193,good,2
10537,1725336821,s15,-2.7444,BAD,2
10538,2026-02-10,s14,4.6106,BAD,0
10539,1747767119,s32,-2.0429,ok,2
10540,2026-08-11,s40,1.9614,OK,0
10541,2026-02-15,s17,1.4882,ok,0
10542,1727893793,s1,1.332,OK,1
10543,2026-01-14,s36,-0.8811,BAD,0
10544,2026-08-10,s23,4.5574,ok,1
10545,2026-06-13,s34,5.7676,ok,1
10546,2026-04-16,s6,2.3248,good,1
10547,2026-07-15,s39,6.8988,BAD,1
10548,1713109050,s10,-2.4847,good,2
10549,1705118734,s7,0.3801,,0
10550,1735302993,s14,2.3632,OK,0
10551,2026-08-18,s23,-0.8882,OK,0
10552,1787774297,s6,-1.4145,OK,0
10553,2026-03-10,s23,-6.3858,BAD,2
10554,2026-06-14,s35,2.2592,ok,1
10555,2026-09-14,s28,-0.1187,BAD,0
10556,2026-05-16,s4,7.6286,OK,1
10557,1785819911,s9,4.7354,,1
10558,1754504411,s27,5.7949,,1
10559,1745138346,s20,2.7112,BAD,0
10560,1731977604,s29,2.6741,BAD,1
10561,2026-09-19,s31,0.3491,good,0
10562,1734748924,s16,0.7983,BAD,0
10563,2026-07-17,s15,-0.1099,ok,0
10564,2026-06-14,s27,-1.5419,,0
10565,1757786933,s27,-5.1461,BAD,2
10566,1764668346,s21,5.2178,OK,1
10567,1760072781,s12,-3.5592,,2
10568,1753866951,s19,,,1
10569,1766966267,s2,1.2354,good,0
10570,1717033756,s19,1.4801,ok,0
10571,2026-08-12,s4,1.8493,BAD,0
10572,2026-03-12,s24,-2.1227,ok,2
10573,1733077796,s6,-2.7757,ok,2
10574,1756665692,s8,0.0601,,2
10575,2026-05-12,s26,4.8443,OK,1
10576,2026-01-10,s8,-5.6049,ok,2
10577,1759097321,s36,-0.7879,,2
10578,2026-03-11,s25,4.92,good,0
10579,1786860578,s32,0.4838,good,0
10580,2026-06-19,s4,-0.4147,BAD,0
10581,1757456465,s26,2.9404,OK,1
10582,1754165839,s30,2.5954,BAD,1
10583,1732310180,s37,-0.8599,OK,0
10584,2026-05-12,s35,5.4126,good,1
10585,2026-08-17,s17,-6.6303,,2
10586,2026-05-12,s25,-1.9084,good,2
10587,1751278050,s37,2.9169,OK,1
10588,1754074136,s15,-5.2746,good,2
10589,2026-03-16,s18,-5.1477,OK,2
10590,2026-09-13,s24,1.6209,good,0
10591,2026-09-12,s31,-3.8033,ok,2
10592,1737367318,s6,2.2652,ok,1
10593,2026-06-12,s22,1.9532,,1
10594,2026-06-13,s17,5.9366,ok,1
10595,1762632528,s23,0.4192,good,0
10596,2026-09-19,s15,4.1436,BAD,1
10597,1701339763,s12,,good,1
10598,2026-08-12,s6,0.2381,OK,0
10599,2026-09-12,s31,0.1641,good,0
10600,1712600369,s18,-0.3348,good,0
10601,1739779994,s23,-3.4547,OK,2
10602,2026-05-12,s27,-5.5538,BAD,2
10603,1704642750,s15,-5.48,OK,2
10604,1774510406,s29,2.6213,good,0
10605,1723340553,s16,6.858,BAD,1
10606,1705997623,s6,8.4329,ok,1
10607,1711167434,s6,-2.2707,ok,2
10608,1753945929,s35,-2.0197,ok,2
10609,2026-03-17,s28,-6.3325,OK,2
10610,1763400545,s9,-1.1347,good,0
10611,1782908592,s37,2.1602,good,0
10612,1732704743,s21,0.9849,ok,0
10613,1721440274,s3,-4.1936,good,2
10614,2026-05-18,s34,2.6587,BAD,1
10615,1723168323,s4,5.1054,ok,1
10616,2026-06-12,s28,1.3464,OK,0
10617,2026-04-12,s40,5.1373,OK,1
10618,2026-09-15,s35,-3.0506,ok,0
10619,1786825015,s11,-4.1447,,2
10620,1780349373,s7,3.1343,,0
10621,2026-09-15,s12,0.5815,,0
10622,1703324571,s5,-2.0775,OK,0
10623,2026-04-16,s26,-5.8826,good,2
10624,1706562276,s29,6.8381,OK,1
10625,2026-09-11,s24,-1.3168,good,0
10626,2026-03-15,s24,3.7518,OK,0
10627,2026-05-15,s34,4.9459,BAD,1
10628,2026-03-15,s26,3.3536,good,0
10629,2026-08-10,s12,6.2067,ok,1
10630,1732270443,s31,4.1337,BAD,0
10631,1742110671,s23,-3.3089,,2
10632,2026-09-18,s35,2.5644,ok,0
10633,2026-06-16,s38,,,2
10634,1703724510,s8,2.7787,OK,1
10635,2026-05-18,s29,5.8423,OK,1
10636,2026-09-19,s23,-2.9369,BAD,2
10637,2026-01-18,s18,2.3928,BAD,1
10638,1700345345,s36,-0.028,BAD,0
10639,1759727718,s12,-3.4176,,2
10640,1789786931,s30,4.3724,ok,1
10641,1740404799,s24,2.5131,good,0
10642,1743389189,s21,,,0
10643,2026-07-18,s34,-4.3091,OK,2
10644,2026-09-10,s5,1.2883,,0
10645,1785130763,s32,1.4974,BAD,0
10646,2026-02-16,s25,7.1674,good,1
10647,1786368466,s4,-5.2218,ok,2
10648,2026-01-11,s32,-3.2376,ok,2
10649,2026-09-17,s10,4.0709,BAD,0
10650,1789856988,s14,,ok,2
10651,2026-02-14,s14,-0.4833,good,0
10652,1704460602,s39,0.5515,BAD,0
10653,1710154222,s11,3.1923,OK,0
10654,2026-02-10,s39,1.5151,BAD,0
10655,2026-04-19,s16,4.8176,ok,1
10656,1734998380,s3,4.8817,OK,1
10657,2026-06-16,s2,1.4091,,0
10658,2026-01-11,s14,4.4739,good,1
10659,2026-05-10,s3,1.2347,,0
10660,1730112812,s9,-0.928,,0
10661,1752707429,s26,6.3097,ok,1
10662,1788025534,s14,-0.9116,ok,0
10663,2026-06-12,s11,0.6086,OK,2
10664,2026-02-16,s35,-3.7959,OK,2
10665,1735311966,s18,1.7496,,0
10666,1759507707,s26,1.8709,ok,0
10667,1753215327,s32,7.5227,good,1
10668,1734704025,s4,0.9799,good,0
10669,2026-09-16,s31,3.7126,,1
10670,1713032698,s8,-3.0118,OK,2
10671,2026-01-17,s2,6.3616,good,1
10672,2026-03-18,s39,-3.3121,,2
10673,1779161798,s10,-0.5903,ok,0
10674,1761288233,s20,1.6119,BAD,0
10675,1727108683,s17,-1.8583,ok,0
10676,1762302617,s29,,,1
10677,2026-05-12,s12,,ok,1
10678,2026-07-13,s32,4.9206,ok,1
10679,2026-07-11,s3,-0.413,,0
10680,1741413351,s17,7.1063,good,1
10681,2026-09-10,s16,-2.3717,OK,2
10682,1779279403,s33,-3.5624,OK,2
10683,1787341164,s28,6.2423,OK,1
10684,1744998423,s37,,BAD,0
10685,2026-08-16,s23,-3.2641,good,0
10686,1784444833,s39,6.4553,good,1
10687,1787877753,s6,-0.8008,ok,2
10688,1743219072,s24,,ok,2
10689,2026-07-15,s12,1.4571,good,0
10690,2026-02-15,s23,-1.2244,BAD,2
10691,1741526387,s17,-3.1352,,2
10692,2026-01-18,s4,3.8983,good,1
10693,1735597162,s17,-4.6514,OK,2
10694,1785779991,s3,0.341,good,2
10695,1752568603,s34,,OK,0
10696,1766923116,s34,-0.9687,,0
10697,1750778888,s3,-0.9014,BAD,2
10698,2026-08-18,s12,4.5942,OK,0
10699,1705292684,s36,1.3942,good,0
10700,1765155955,s19,8.1757,OK,1
10701,2026-04-13,s17,-3.0689,OK,2
10702,2026-05-16,s25,3.2191,,0
10703,1713999002,s5,-1.5491,BAD,2
10704,2026-07-13,s22,-2.5321,OK,0
10705,2026-09-10,s32,3.9865,,1
10706,1712679755,s8,-3.2418,,2
10707,1759822230,s2,4.6149,good,1
10708,1741992438,s4,3.6572,,1
10709,2026-07-18,s30,-3.4403,ok,2
10710,2026-05-17,s34,3.9445,ok,0
10711,1713170475,s23,-1.9756,OK,2
10712,1712788544,s17,-3.2319,BAD,0
10713,2026-07-19,s21,-1.1888,OK,2
10714,1729112192,s12,3.8126,BAD,0
10715,2026-08-13,s15,0.3436,OK,2
10716,1783355349,s13,5.676,OK,1
10717,2026-07-13,s15,-5.9367,OK,2
10718,1742729193,s13,5.7204,OK,1
10719,1737810956,s33,4.3019,ok,0
10720,1778959043,s6,-0.3113,ok,0
10721,1764983635,s19,,good,2
10722,1741905051,s24,4.8018,,1
10723,1712095709,s15,2.6967,good,1
10724,1711345215,s5,3.0373,,1
10725,2026-04-19,s19,-0.7412,BAD,2
10726,2026-05-15,s16,-5.2711,good,2
10727,1702754009,s3,-4.0839,,2
10728,2026-04-10,s3,4.9999,,1
10729,1779844616,s3,3.8019,,1
10730,2026-04-11,s28,-5.6656,good,2
10731,1766070722,s28,4.0534,OK,1
10732,2026-07-12,s15,4.5162,BAD,1
10733,1750787031,s24,-2.6511,good,2
10734,2026-05-16,s23,5.2312,good,1
10735,2026-01-17,s17,-4.458,OK,2
10736,1759064090,s16,-1.9679,ok,0
10737,2026-06-14,s14,5.0072,ok,1
10738,1721470450,s38,,BAD,0
10739,1712237690,s14,6.2447,ok,1
10740,1783325005,s28,4.6186,OK,1
10741,1769673243,s25,-0.9567,ok,2
10742,1754427211,s21,3.0297,ok,0
10743,2026-09-19,s28,1.708,ok,0
10744,1785166499,s21,2.9691,good,0
10745,1789842931,s16,-0.6548,ok,2
10746,2026-04-15,s23,1.4625,BAD,0
10747,1757599673,s32,2.7759,,0
10748,2026-09-10,s21,0.2093,BAD,0
10749,2026-09-12,s21,-3.0551,ok,2
10750,2026-07-13,s17,1.9266,BAD,1
10751,2026-05-10,s30,1.2331,BAD,0
10752,1704358459,s11,3.9087,good,1
10753,2026-04-15,s10,3.5436,,0
10754,1701945182,s40,1.675,ok,0
10755,1747297098,s20,1.1499,ok,0
10756,1729611921,s1,,OK,1
10757,2026-01-11,s20,3.5603,,0
10758,1783901211,s32,3.5447,OK,1
10759,1722155486,s19,2.1571,good,0
10760,1704981397,s39,-3.8986,good,2
10761,2026-07-19,s25,-1.3608,,2
10762,2026-02-11,s34,4.6363,good,0
10763,2026-06-16,s12,-5.2237,OK,2
10764,1738168398,s1,0.3541,,0
10765,2026-09-14,s5,6.308,ok,1
10766,2026-08-13,s1,4.0559,BAD,1
10767,2026-04-13,s14,2.2637,ok,1
10768,2026-07-17,s25,1.0446,OK,0
10769,1741048960,s9,-4.4853,good,2
10770,2026-08-17,s1,5.9125,BAD,1
10771,1750821642,s34,2.6539,good,1
10772,1767269803,s35,3.4664,OK,0
10773,2026-02-11,s14,-2.4818,good,2
10774,2026-02-12,s17,-4.8084,BAD,2
10775,2026-06-18,s24,4.9677,OK,1
10776,1733853303,s38,2.4711,ok,0
10777,2026-01-17,s31,7.2763,ok,1
10778,2026-06-13,s26,3.9163,ok,1
10779,1784303888,s36,3.3307,ok,0
10780,1784539109,s14,-0.8603,ok,2
10781,2026-09-10,s21,-1.5345,BAD,0
10782,1712357706,s1,-3.8818,ok,2
10783,2026-07-16,s20,4.541,,1
10784,1727673188,s2,-3.6215,ok,2
10785,2026-09-19,s16,-4.7659,,2
10786,1772056343,s12,3.5634,BAD,1
10787,2026-05-11,s36,8.1945,BAD,1
10788,2026-07-18,s11,-0.1821,ok,2
10789,1701423915,s4,5.2956,BAD,1
10790,1779359801,s26,1.2239,,0
10791,2026-01-16,s5,,BAD,2
10792,1705920135,s29,4.4313,,1
10793,1744211451,s33,0.1934,good,0
10794,2026-03-10,s12,-1.8038,good,2
10795,1769841251,s24,0.4106,OK,0
10796,2026-08-14,s35,-5.2847,OK,2
10797,2026-03-13,s32,-2.1242,ok,2
10798,1767118919,s13,-2.4294,good,2
10799,1781929865,s23,2.6316,ok,1
10800,2026-07-14,s25,5.3833,good,0
10801,1739101773,s8,-2.1433,OK,0
10802,2026-04-16,s16,-2.2072,ok,0
10803,2026-06-15,s14,-0.2372,ok,2
10804,1738494943,s10,1.4396,BAD,0
10805,1722013575,s9,-5.4579,,2
10806,1786413976,s29,3.5587,good,0
10807,2026-03-15,s21,2.4386,ok,0
10808,2026-06-12,s13,0.1198,BAD,0
10809,2026-02-12,s34,-0.4514,BAD,0
10810,1711853989,s23,1.7579,OK,0
10811,2026-07-12,s4,1.4468,ok,0
10812,2026-06-10,s13,1.1582,OK,0
10813,1774561598,s12,,,0
10814,2026-02-10,s1,4.0148,BAD,1
10815,1766442440,s5,5.2218,,1
10816,1754475239,s14,-1.6547,good,0
10817,2026-02-14,s26,4.4556,good,1
10818,2026-03-10,s10,-1.0671,OK,2
10819,1754465099,s27,-0.0092,,0
10820,2026-01-16,s19,6.1806,ok,1
10821,2026-07-11,s35,2.3459,OK,1
10822,1771687847,s8,3.9894,,1
10823,2026-01-10,s36,-4.1168,good,2
10824,2026-02-11,s5,-0.3554,BAD,0
10825,1724671704,s17,,good,1
10826,2026-02-19,s5,0.1741,OK,0
10827,1717760567,s34,1.5067,OK,0
10828,2026-09-15,s15,-0.46,BAD,0
10829,2026-01-17,s27,-3.3372,BAD,2
10830,1761665629,s24,0.8928,good,0
10831,1785416361,s12,0.384,,0
10832,2026-03-16,s40,0.1038,ok,0
10833,1717532093,s4,5.1577,good,0
10834,1721747396,s7,-2.0309,good,2
10835,2026-05-11,s3,0.9376,ok,0
10836,2026-02-19,s34,2.7775,,1
10837,1753241914,s38,-1.0349,ok,0
10838,1705270754,s33,4.4028,ok,1
10839,2026-07-11,s9,,OK,0
10840,2026-06-12,s17,8.9361,ok,1
10841,2026-09-10,s28,3.9811,OK,0
10842,1775249823,s25,6.2109,BAD,1
10843,2026-09-19,s28,3.7129,OK,1
10844,2026-08-13,s34,5.0755,BAD,1
10845,1773871577,s27,2.3604,good,1
10846,1767338925,s8,1.3237,,0
10847,1740830437,s38,1.0512,good,0
10848,2026-05-19,s5,-1.1065,OK,2
10849,1728632498,s3,1.2702,good,0
10850,1743284680,s1,-1.4891,,2
10851,1783644894,s9,-1.2799,,2
10852,1750913503,s12,2.5631,OK,0
10853,1749950497,s7,-0.1639,BAD,0
10854,2026-04-16,s10,-4.2112,BAD,2
10855,1782957459,s22,2.5788,ok,1
10856,2026-05-15,s12,3.1424,,0
10857,1739867648,s9,,BAD,0
10858,1733571904,s11,3.9768,,1
10859,2026-04-13,s28,2.0819,OK,0
10860,2026-06-18,s12,-0.1358,good,0
10861,2026-01-12,s27,,OK,2
10862,1717893365,s30,0.2405,,0
10863,2026-09-11,s17,-3.1918,ok,2
10864,1763053084,s16,5.522,,1
10865,2026-06-10,s12,2.4057,OK,0
10866,2026-09-16,s23,1.3642,OK,0
10867,2026-02-16,s37,7.6324,OK,1
10868,1745132783,s7,0.5604,,0
10869,1782855479,s4,5.721,BAD,1
10870,2026-04-18,s2,3.9834,good,1
10871,1774156849,s32,6.4729,OK,1
10872,2026-02-10,s24,2.0677,BAD,1
10873,1745983471,s24,-0.5528,good,2
10874,2026-03-10,s16,,OK,1
10875,1757951221,s29,7.1809,OK,1
10876,2026-06-17,s7,4.9919,BAD,1
10877,1774105116,s3,3.4102,BAD,0
10878,1710605164,s8,3.919,OK,1
10879,2026-06-13,s4,0.1516,,0
10880,2026-04-17,s8,-2.9584,good,2
10881,1761989285,s6,3.1504,ok,1
10882,1719518487,s35,-3.6823,good,2
10883,2026-09-14,s16,3.4255,BAD,1
10884,2026-05-14,s22,4.158,OK,1
10885,2026-02-15,s40,5.9253,ok,1
10886,2026-02-13,s30,6.1992,ok,1
10887,1730329616,s30,1.968,BAD,0
10888,2026-02-19,s32,1.9565,OK,0
10889,2026-02-13,s27,1.6173,BAD,0
10890,2026-09-18,s18,-3.0167,good,2
10891,1732590801,s3,-0.8867,,0
10892,2026-09-16,s1,4.376,ok,1
10893,1735191451,s33,3.2343,,1
10894,1759201093,s31,3.1421,OK,1
10895,2026-01-15,s32,-0.8322,BAD,2
10896,1738607591,s26,-0.9993,ok,2
10897,2026-06-19,s31,-3.5299,good,2
10898,2026-06-11,s40,4.1153,good,0
10899,1789033230,s10,1.2951,ok,0
10900,1757318364,s39,5.5024,ok,1
10901,1710856693,s32,0.7052,,0
10902,1719919861,s17,-2.0574,OK,0
10903,2026-01-10,s4,7.7541,ok,1
10904,1733494238,s11,-1.6744,OK,2
10905,1742773351,s29,-2.0445,ok,2
10906,2026-03-19,s11,4.8033,BAD,1
10907,2026-09-16,s5,,OK,0
10908,2026-07-19,s16,3.2373,BAD,1
10909,2026-02-16,s24,4.7694,OK,0
10910,2026-08-15,s29,-4.1608,,2
10911,2026-06-14,s24,4.6076,OK,1
10912,2026-04-15,s20,1.2422,OK,0
10913,1713907572,s30,3.6074,good,1
10914,1739154112,s2,-5.2944,BAD,2
10915,1752934417,s14,-0.0283,OK,0
10916,1761919791,s2,4.3146,BAD,1
10917,2026-06-10,s4,2.0035,OK,1
10918,2026-08-13,s33,6.0771,ok,1
10919,1700602733,s29,-1.4722,,0
10920,2026-01-18,s4,-2.0698,BAD,2
10921,2026-07-17,s25,1.2922,ok,0
10922,2026-02-11,s27,2.3976,BAD,1
10923,1744960340,s1,6.9147,BAD,1
10924,1701838730,s22,-2.006,OK,2
10925,1786030868,s40,5.824,BAD,1
10926,2026-07-12,s31,3.0687,good,0
10927,1704795020,s14,-0.3836,ok,2
10928,1740791884,s24,3.548,good,1
10929,1746135584,s40,-6.4871,,2
10930,1789976458,s28,6.1249,good,1
10931,2026-06-10,s19,1.2431,OK,0
10932,2026-03-15,s1,2.3711,BAD,0
10933,1731939463,s31,3.8067,good,1
10934,1772945277,s4,-0.9794,OK,2
10935,1756036759,s37,6.5653,,1
10936,1717658638,s5,0.1301,ok,0
10937,1709627649,s32,-0.7497,OK,2
10938,2026-07-10,s21,1.3377,good,2
10939,1722016600,s36,4.6787,ok,1
10940,1724672023,s34,-3.2666,,2
10941,1764829157,s8,-1.3146,ok,2
10942,2026-01-19,s31,-0.8558,,0
10943,2026-06-15,s39,-4.2549,good,2
10944,1700589213,s16,9.3771,,1
10945,1708215503,s26,4.4032,BAD,1
10946,1754707251,s14,3.9415,,0
10947,1769854558,s2,-2.4758,BAD,2
10948,1701857752,s17,5.4007,good,1
10949,2026-04-12,s14,4.5881,ok,1
10950,1724682149,s29,2.7414,good,1
10951,2026-07-15,s22,3.7396,OK,1
10952,2026-07-18,s1,5.609,BAD,1
10953,2026-09-17,s28,-1.8776,,2
10954,1700639706,s37,2.8331,good,1
10955,2026-05-14,s10,1.1472,,0
10956,1735389565,s26,0.6442,ok,0
10957,1722244462,s31,-1.9013,ok,2
10958,1787519367,s3,,,2
10959,1747429442,s4,5.0024,OK,1
10960,1787320985,s18,4.797,BAD,1
10961,2026-08-15,s7,3.8625,,1
10962,2026-08-16,s8,1.27,OK,0
10963,2026-04-14,s8,6.6777,BAD,1
10964,2026-09-16,s34,4.0517,good,0
10965,1778541948,s6,-1.3707,good,0
10966,2026-06-13,s14,4.9727,,1
10967,2026-05-18,s29,6.916,,1
10968,1740082870,s11,3.1156,BAD,1
10969,1786848657,s1,2.9486,ok,1
10970,2026-02-17,s9,1.0126,BAD,0
10971,1769400207,s28,0.5251,good,0
10972,2026-01-18,s33,,good,0
10973,1777232946,s11,5.1936,OK,1
10974,2026-03-15,s32,2.6702,ok,1
10975,1756422898,s27,-0.4883,good,2
10976,1710081143,s16,2.2819,OK,0
10977,1781004538,s14,6.2372,,1
10978,2026-03-10,s15,6.0212,BAD,1
10979,1761066359,s31,1.3219,OK,0
10980,2026-05-10,s31,5.3158,BAD,1
10981,1726256539,s21,4.2415,ok,1
10982,2026-03-15,s17,4.8786,ok,1
10983,1767432740,s19,2.1756,,1
10984,2026-05-18,s25,3.9344,BAD,1
10985,2026-01-19,s26,-5.5287,OK,2
10986,1743270473,s22,5.3211,ok,1
10987,1734940115,s15,0.7842,OK,0
10988,2026-08-19,s40,-3.694,OK,2
10989,2026-04-15,s7,5.3696,ok,1
10990,2026-07-10,s21,-0.4948,,0
10991,1717095002,s35,4.2184,OK,0
10992,2026-08-11,s32,-0.7206,ok,2
10993,1729270065,s22,-1.5803,good,2
10994,1787568374,s30,-3.8051,ok,2
10995,2026-09-16,s9,5.8758,good,1
10996,2026-03-15,s10,5.6388,good,1
10997,1758791903,s13,5.7822,BAD,1
10998,2026-09-16,s10,1.2714,BAD,0
10999,1765225926,s34,4.7716,,1
11000,1710526989,s9,0.9151,good,0
11001,1767431076,s17,-1.5793,,0
11002,1730355663,s29,1.9062,OK,0
11003,2026-02-13,s11,3.6024,,0
11004,2026-02-19,s29,6.8377,BAD,1
11005,2026-02-16,s34,-0.7305,good,0
11006,1741782614,s33,-2.5011,OK,2
11007,1701346285,s17,4.5771,OK,1
11008,1720586736,s7,0.0402,good,0
11009,2026-06-14,s7,2.7644,ok,0
11010,2026-03-17,s20,3.2906,OK,0
11011,2026-08-11,s28,-2.4736,BAD,2
11012,1750987601,s13,0.199,ok,0
11013,1789278050,s22,-3.5778,OK,2
11014,1772843174,s14,-4.5535,good,2
11015,2026-05-11,s24,5.1943,ok,1
11016,2026-03-18,s18,-3.9583,BAD,2
11017,1739118496,s8,-3.1406,,2
11018,2026-09-10,s35,1.0438,BAD,0
11019,1775628301,s9,5.9005,ok,1
11020,2026-03-16,s40,-1.4937,good,2
11021,2026-06-16,s16,4.1136,,1
11022,1777292324,s16,-0.9121,OK,0
11023,1708903703,s12,4.5162,BAD,1
11024,2026-03-13,s20,1.7021,ok,1
11025,1773908153,s14,-4.5718,,2
11026,2026-09-19,s12,-1.9935,BAD,2
11027,1785362245,s25,2.3791,good,0
11028,2026-02-15,s29,0.158,OK,0
11029,2026-06-19,s26,2.9164,BAD,1
11030,2026-08-13,s18,2.2521,ok,0
11031,1741640528,s26,-2.9928,BAD,2
11032,2026-09-16,s31,2.9293,,1
11033,2026-01-19,s40,-3.336,good,2
11034,1734193349,s40,3.4909,good,1
11035,1730887444,s18,4.7299,good,1
11036,2026-03-14,s5,2.2416,ok,1
11037,1768404759,s17,,OK,1
11038,1700671399,s30,6.4821,good,1
11039,1773772848,s32,-1.3202,good,0
11040,1785849138,s17,-1.2594,,2
11041,1780313776,s6,,,2
11042,1700513287,s40,2.2689,BAD,1
11043,1729339255,s21,-0.7414,ok,0
11044,2026-04-16,s31,4.4708,BAD,0
11045,2026-02-19,s4,1.8446,,0
11046,2026-04-15,s9,-1.8893,BAD,2
11047,2026-04-10,s13,-3.527,ok,0
11048,2026-02-18,s30,-1.5373,OK,2
11049,2026-02-15,s3,-1.1187,good,2
11050,1738202674,s25,2.9571,BAD,0
11051,1725421508,s19,1.1063,ok,0
11052,2026-06-15,s40,-1.0392,good,2
11053,1766139226,s22,0.4311,ok,0
11054,2026-05-14,s5,2.3336,BAD,1
11055,1702486712,s38,0.4274,OK,0
11056,2026-04-18,s8,3.052,ok,1
11057,1708496757,s33,4.9107,,1
11058,2026-02-13,s10,-3.8552,ok,2
11059,2026-04-11,s20,-0.3537,OK,0
11060,1727611749,s3,3.3204,good,0
11061,1765437661,s9,4.9526,good,1
11062,1786338612,s38,2.3417,BAD,0
11063,2026-05-10,s25,-3.3676,good,0
11064,1727667720,s20,4.0872,,1
11065,2026-07-16,s31,-2.1506,good,0
11066,2026-04-17,s13,5.8955,OK,1
11067,2026-06-18,s17,5.2284,,1
11068,2026-04-11,s26,3.4276,good,1
11069,2026-08-12,s12,-0.6331,,2
11070,2026-07-10,s15,4.5018,good,1
11071,1759728759,s36,-1.3357,,2
11072,2026-07-15,s12,0.0346,,0
11073,2026-05-11,s11,2.2035,BAD,0
11074,1726028164,s31,-5.7184,OK,2
11075,1787918382,s23,1.3355,OK,0
11076,1769685561,s3,-3.9754,OK,2
11077,2026-01-16,s14,2.8816,OK,0
11078,2026-06-15,s15,4.0706,,1
11079,1786448797,s32,4.7149,OK,1
11080,2026-06-12,s30,-3.3525,,2
11081,1702150037,s30,5.8694,,1
11082,2026-06-16,s39,2.897,good,0
11083,2026-01-10,s37,3.0898,OK,1
11084,2026-02-17,s1,-6.2461,OK,2
11085,1707877802,s9,0.0432,ok,1
11086,1728194286,s36,-0.9236,BAD,0
11087,2026-08-12,s10,,ok,1
11088,1708624746,s27,4.3387,OK,1
11089,2026-04-13,s39,3.6291,good,1
11090,2026-02-18,s37,-2.8936,good,2
11091,2026-07-17,s15,-3.2168,OK,2
11092,2026-07-10,s33,1.7453,,0
11093,2026-09-15,s6,-1.5422,,2
11094,1735776647,s21,2.5741,ok,0
11095,2026-09-19,s15,5.3877,good,1
11096,2026-07-14,s40,4.4028,OK,1
11097,2026-02-16,s20,2.7123,OK,1
11098,2026-02-14,s3,4.0699,OK,1
11099,2026-07-10,s15,-4.5505,good,2
11100,2026-03-11,s20,-2.7502,BAD,2
11101,1766876701,s1,3.939,ok,1
11102,2026-03-17,s34,0.8703,good,0
11103,1786999242,s28,3.2826,OK,1
11104,2026-01-18,s8,3.3909,ok,0
11105,2026-04-18,s9,0.5198,BAD,0
11106,1782440006,s16,-1.5854,BAD,0
11107,1755597656,s32,-2.9457,,2
11108,1733478965,s33,6.4593,good,1
11109,1722692694,s32,0.3525,BAD,0
11110,2026-07-13,s5,4.8269,BAD,1
11111,1756805265,s11,4.4465,ok,1
11112,1707447857,s36,1.8546,ok,1
11113,1751883686,s6,-2.3583,OK,2
11114,1717471843,s21,2.4714,,0
11115,1742037646,s15,-4.9498,,2
11116,1763280893,s5,1.0359,ok,0
11117,1767460300,s5,-0.3842,,0
11118,1778621337,s16,6.0462,,1
11119,2026-01-14,s14,1.2382,OK,0
11120,1743673446,s21,1.8562,,0
11121,2026-05-10,s5,2.4388,ok,0
11122,2026-02-18,s35,3.4705,OK,1
11123,1707186365,s40,6.0538,ok,1
11124,2026-08-14,s26,1.3533,,0
11125,1733012912,s12,0.1638,,0
11126,1761033674,s11,3.7449,good,1
11127,2026-02-10,s19,0.1527,,0
11128,1714489789,s29,-2.4164,BAD,2
11129,2026-04-10,s10,-0.7344,OK,2
11130,1733140438,s29,0.5359,OK,0
11131,2026-09-15,s10,-5.6147,good,2
11132,1718174170,s12,-0.0975,ok,0
11133,1766306487,s23,0.0335,ok,1
11134,2026-03-12,s37,3.7426,good,1
11135,1735873950,s32,-1.8076,good,2
11136,2026-05-18,s10,0.3008,,0
11137,1731115068,s25,-4.3457,ok,2
11138,1756599861,s14,-0.9319,BAD,0
11139,2026-06-14,s20,-0.1973,ok,0
11140,2026-06-17,s38,6.4528,,1
11141,2026-02-17,s24,,good,2
11142,1759599908,s27,1.4728,ok,1
11143,2026-02-12,s2,10.902,good,1
11144,1700853780,s29,-2.2728,,2
11145,2026-06-18,s21,-3.815,,2
11146,2026-02-15,s39,3.9539,BAD,0
11147,2026-07-18,s14,8.8181,ok,1
11148,1753155154,s3,4.9239,BAD,1
11149,2026-03-17,s36,-0.3283,good,0
11150,1714763950,s24,2.1289,ok,1
11151,2026-01-19,s26,-2.9614,ok,2
11152,1723073581,s34,-3.4326,BAD,2
11153,1768986064,s36,5.8059,BAD,1
11154,2026-02-12,s21,2.7973,BAD,1
11155,2026-08-13,s31,-5.2152,OK,2
11156,2026-05-15,s18,,BAD,1
11157,1762255867,s30,-2.6801,,2
11158,1765364170,s37,5.1848,ok,1
11159,2026-08-14,s9,-2.0186,BAD,2
11160,1783440882,s2,-1.2084,good,2
11161,2026-05-17,s11,-2.7951,,2
11162,2026-06-14,s21,4.8622,ok,1
11163,2026-04-10,s28,4.878,ok,1
11164,2026-02-17,s23,-2.6284,BAD,2
11165,1740958747,s18,4.1423,,0
11166,1741525903,s28,-4.1448,,2
11167,2026-07-10,s3,-0.4372,good,0
11168,1717358708,s17,-2.7209,BAD,2
11169,2026-02-12,s7,4.8282,good,1
11170,1761314330,s7,2.6635,OK,0
11171,2026-09-16,s27,-0.6648,ok,0
11172,1708983185,s17,6.8484,,1
11173,2026-05-19,s32,3.0189,BAD,1
11174,2026-05-13,s39,5.2381,ok,1
11175,2026-09-10,s23,-2.5784,ok,2
11176,2026-07-10,s8,2.0153,,0
11177,2026-07-10,s39,-5.8534,ok,2
11178,1778901764,s3,-5.969,BAD,2
11179,1770241530,s4,7.1347,BAD,1
11180,1720792866,s9,,,1
11181,2026-07-10,s29,4.8133,good,1
11182,1783967889,s37,4.8131,,1
11183,1707857474,s20,-3.6189,,2
11184,1761280561,s9,0.9214,ok,0
11185,2026-05-19,s23,0.7733,OK,0
11186,1701433215,s5,-5.4981,,2
11187,2026-04-19,s35,-6.5662,,2
11188,1779683988,s14,-1.4302,good,0
11189,2026-09-18,s16,0.4437,good,1
11190,1768667560,s31,5.3035,,1
11191,1741701352,s11,-2.8044,good,2
11192,2026-02-12,s8,2.752,OK,1
11193,1729599456,s17,1.1378,ok,1
11194,1776612324,s1,1.6074,BAD,0
11195,1745309193,s30,-3.6834,good,2
11196,2026-02-14,s1,4.7483,good,1
11197,2026-08-14,s3,5.6016,,1
11198,2026-07-13,s14,,good,0
11199,2026-08-12,s28,1.8303,ok,0
11200,1738640473,s3,6.2281,good,1
11201,2026-03-13,s22,-1.0058,ok,0
11202,1707293357,s7,1.2328,ok,0
11203,2026-01-16,s36,6.4426,OK,1
11204,1767017630,s27,2.6948,BAD,1
11205,1776128283,s28,-3.9484,BAD,2
11206,1706906338,s30,6.0481,good,1
11207,2026-04-14,s19,,OK,0
11208,2026-03-12,s16,-0.2109,OK,0
11209,1735214907,s1,0.7973,BAD,0
11210,2026-01-12,s24,3.0845,BAD,1
11211,1714178113,s13,0.1908,ok,0
11212,1733175897,s23,8.1459,good,1
11213,1739173778,s26,-0.2304,,0
11214,2026-02-13,s28,0.5818,OK,0
11215,2026-02-19,s1,-3.0449,BAD,0
11216,1777511279,s2,-5.5228,good,2
11217,1774335668,s20,7.2336,ok,0
11218,2026-05-11,s32,,ok,0
11219,2026-02-15,s7,0.1592,good,0
11220,1760904437,s40,6.7136,BAD,1
11221,1749303952,s21,-4.6362,BAD,2
11222,1727758188,s28,4.7633,BAD,1
11223,1772406301,s35,4.6426,,1
11224,2026-04-13,s20,-3.7796,BAD,2
11225,2026-07-14,s35,4.4292,,1
11226,2026-03-16,s27,-3.0149,,2
11227,2026-01-15,s40,,ok,0
11228,2026-08-13,s28,5.4469,OK,1
11229,2026-08-18,s24,-6.3731,,2
11230,2026-04-14,s15,-1.9949,,2
11231,1775608275,s15,2.3411,good,0
11232,1760316966,s11,4.9763,ok,1
11233,1757693292,s19,0.6038,ok,0
11234,2026-03-17,s4,0.6823,BAD,0
11235,2026-05-15,s10,-0.3175,BAD,0
11236,2026-03-19,s31,1.0183,,0
11237,1710705129,s32,-5.0491,,2
11238,1774124940,s5,7.3436,OK,1
11239,2026-02-19,s27,-5.7678,ok,2
11240,2026-02-17,s32,4.1298,good,0
11241,1701523303,s32,3.5549,ok,1
11242,2026-02-17,s32,-0.1262,BAD,0
11243,2026-06-12,s3,0.2186,,0
11244,1753082734,s27,2.0513,,0
11245,2026-09-16,s27,1.2813,,0
11246,1721356670,s9,0.1059,ok,0
11247,2026-02-14,s37,-3.7506,good,2
11248,2026-02-12,s11,-4.0518,BAD,2
11249,1773069662,s38,5.1596,,1
11250,1740477308,s9,3.9994,good,1
11251,1704669492,s18,-2.3941,,0
11252,1773291742,s13,4.1687,OK,0
11253,1786240151,s39,,ok,2
11254,1736824060,s31,2.4322,good,1
11255,2026-03-14,s24,5.2247,ok,1
11256,2026-06-10,s26,3.956,OK,0
11257,2026-09-15,s29,-0.5814,BAD,0
11258,2026-08-14,s36,2.8301,OK,0
11259,1713134757,s27,-2.8127,BAD,2
11260,1716807566,s9,2.5102,,1
11261,2026-04-18,s12,5.6137,,1
11262,1726888449,s13,4.8757,ok,1
11263,2026-04-18,s32,-2.1341,OK,2
11264,2026-08-19,s38,-2.7243,OK,2
11265,1769928881,s26,,,2
11266,2026-09-17,s7,2.0155,ok,0
11267,2026-02-15,s5,1.5503,ok,1
11268,2026-05-14,s15,5.6129,BAD,1
11269,1772709797,s12,-0.3559,,0
11270,1722055815,s8,-4.7067,BAD,2
11271,2026-06-18,s12,5.3172,good,1
11272,1775224255,s23,-0.6614,,2
11273,1748301317,s6,6.2476,,1
11274,2026-08-10,s25,1.8861,ok,0
11275,2026-06-10,s22,2.2076,good,0
11276,1726355168,s36,4.5864,,1
11277,2026-04-13,s8,0.497,ok,2
11278,2026-06-15,s31,-2.4798,ok,2
11279,2026-01-11,s30,-0.7489,good,2
11280,1753474168,s22,-2.168,,2
11281,1763408221,s25,-2.7691,,0
11282,1782992558,s27,,OK,2
11283,1766814543,s27,-0.9229,,0
11284,2026-03-14,s12,3.948,BAD,1
11285,1745476616,s32,3.6496,OK,0
11286,1742293033,s24,-0.9675,ok,0
11287,1771180719,s31,0.0224,ok,2
11288,2026-09-15,s23,-1.2298,,2
11289,1721515537,s20,4.891,ok,0
11290,2026-04-19,s25,1.5115,,0
11291,2026-07-10,s32,6.1908,OK,1
11292,2026-01-19,s34,-2.8394,good,2
11293,2026-02-16,s38,2.4265,OK,0
11294,1788828910,s9,-2.5344,ok,2
11295,1765788620,s5,3.3462,good,1
11296,1730462667,s28,3.4254,ok,0
11297,1734219401,s18,4.178,BAD,1
11298,1707737642,s18,-5.6745,,2
11299,2026-04-13,s38,-0.4784,,2
11300,1710519432,s17,2.2582,ok,0
11301,2026-02-13,s10,1.0056,OK,0
11302,1772966767,s26,-2.1772,BAD,2
11303,1721997944,s14,-0.3766,OK,0
11304,2026-05-13,s19,5.5343,ok,1
11305,2026-07-14,s5,3.5245,OK,1
11306,1747295577,s2,5.5947,BAD,1
11307,1733762858,s1,-3.2218,good,2
11308,2026-08-19,s16,3.2092,BAD,0
11309,2026-09-19,s31,-3.2574,BAD,2
11310,1712731502,s7,3.9193,,1
11311,2026-09-12,s18,0.2822,ok,0
11312,1748403663,s17,3.8488,ok,1
11313,2026-01-10,s7,0.9145,,0
11314,2026-04-15,s5,-1.2348,BAD,0
11315,2026-06-10,s36,-3.3511,ok,2
11316,2026-09-16,s37,-5.206,OK,2
11317,2026-03-14,s2,5.0205,OK,0
11318,1716289811,s13,0.6419,,1
11319,2026-08-17,s17,7.3559,good,1
11320,1737425747,s5,2.724,BAD,0
11321,1718121852,s28,5.4897,BAD,1
11322,2026-01-10,s18,-4.1896,ok,2
11323,1724541883,s31,-3.3933,ok,2
11324,1745388949,s2,-2.768,,2
11325,1718409732,s34,-4.0951,OK,2
11326,2026-03-17,s31,-4.5748,OK,2
11327,1734036532,s32,5.2269,,1
11328,1735281776,s27,0.2301,BAD,0
11329,2026-09-14,s20,2.4436,ok,1
11330,2026-06-12,s21,-6.0782,good,2
11331,2026-08-17,s32,-2.7625,good,2
11332,1775664559,s5,4.3208,BAD,1
11333,2026-02-15,s19,-3.066,OK,2
11334,1772124768,s27,-1.4361,OK,0
11335,2026-02-10,s34,0.9544,ok,0
11336,1755235873,s16,0.4485,good,0
11337,1774224578,s9,-4.7244,good,2
11338,2026-07-18,s27,-5.2306,ok,2
11339,1776928313,s13,-2.4061,BAD,0
11340,1736447557,s35,2.4007,ok,0
11341,1730140680,s31,1.9038,good,1
11342,1733417918,s20,-1.155,,2
11343,1716722343,s3,0.5741,good,0
11344,1705489002,s14,-5.3781,good,2
11345,2026-01-14,s2,2.7258,BAD,1
11346,2026-06-19,s30,5.4816,BAD,1
11347,2026-04-17,s7,0.3439,,0
11348,2026-04-15,s8,4.7692,,1
11349,2026-09-10,s17,,ok,0
11350,1738870512,s13,4.9284,OK,1
11351,1785333257,s40,4.2109,,1
11352,2026-03-15,s24,-2.3835,ok,2
11353,1764892317,s17,0.2997,good,0
11354,1744091837,s31,0.0518,good,0
11355,2026-03-13,s16,2.647,BAD,1
11356,1712176429,s37,-4.105,good,2
11357,1779048999,s7,2.6267,BAD,0
11358,1735640966,s12,4.4884,ok,1
11359,1728625847,s12,-1.7914,good,2
11360,1705282902,s40,-0.0899,,0
11361,1743008333,s18,-4.9422,OK,2
11362,1759964129,s27,-3.2972,good,2
11363,1739226564,s38,-4.3117,OK,2
11364,1741395714,s11,-2.628,,2
11365,2026-01-15,s21,-1.5749,BAD,1
11366,2026-03-14,s24,0.7379,,0
11367,1755100868,s31,-0.2513,OK,0
11368,1772676633,s36,-3.4815,BAD,2
11369,1720658518,s27,1.7209,,1
11370,1746061274,s11,6.8806,good,1
11371,2026-08-12,s1,9.4673,ok,1
11372,1714823954,s18,0.117,good,0
11373,2026-04-18,s39,-3.2555,,2
11374,1751869771,s34,-2.672,ok,2
11375,1781065870,s5,-5.0946,OK,2
11376,2026-05-16,s7,3.8947,,0
11377,2026-07-18,s18,2.2333,,0
11378,2026-04-19,s20,1.5103,good,1
11379,2026-02-13,s19,1.2279,good,1
11380,2026-09-10,s22,5.975,good,1
11381,1713633562,s7,0.5992,,2
11382,1735555562,s13,-0.356,ok,2
11383,2026-05-16,s7,6.4575,,1
11384,1718859850,s11,-3.8027,OK,2
11385,2026-05-11,s40,-2.101,BAD,2
11386,1745286179,s7,3.0837,OK,1
11387,1721197304,s39,-0.977,,0
11388,2026-05-13,s10,0.6161,BAD,0
11389,2026-06-19,s1,-1.6417,,2
11390,1741513126,s4,2.0132,BAD,0
11391,1768803910,s2,-0.7728,good,0
11392,1784292204,s31,4.6262,OK,1
11393,1731036206,s3,-5.1943,good,2
11394,1732609019,s5,-1.2678,,2
11395,1786419560,s38,6.9798,good,1
11396,1712133840,s32,0.2191,,0
11397,1764652085,s30,0.5785,,0
11398,2026-03-16,s27,-3.9705,good,2
11399,1783146357,s22,2.021,ok,1
11400,2026-03-16,s35,5.2884,,0
11401,1772817659,s40,-3.4236,ok,2
11402,2026-01-18,s17,5.699,ok,1
11403,2026-03-17,s40,1.4554,good,0
11404,1719208689,s10,1.7982,OK,0
11405,1781065863,s32,-1.8328,BAD,2
11406,2026-07-19,s37,-3.3599,OK,2
11407,1777551628,s28,0.0095,good,0
11408,1705037158,s4,-1.8923,ok,1
11409,1731125859,s11,4.5365,,0
11410,1716431135,s16,-0.8863,,0
11411,1782275817,s4,1.8399,BAD,1
11412,1787735485,s18,-0.3227,good,0
11413,1712368473,s1,-2.4791,good,2
11414,2026-07-19,s9,0.2379,OK,0
11415,2026-03-11,s40,5.029,BAD,1
11416,1780199039,s26,3.9429,ok,0
11417,2026-05-19,s22,-0.3887,OK,0
11418,1761273171,s32,1.4415,OK,0
11419,1759847162,s32,2.946,OK,1
11420,2026-06-15,s32,3.4659,ok,1
11421,1786018489,s28,7.6364,ok,1
11422,2026-06-13,s33,5.0646,OK,1
11423,1774464041,s3,-2.6859,ok,2
11424,2026-08-17,s24,-5.9504,OK,2
11425,1761239744,s11,-3.0188,OK,2
11426,2026-01-13,s22,2.0612,good,1
11427,2026-09-17,s8,3.7101,,1
11428,1789132912,s7,-2.3657,OK,2
11429,1788778631,s2,4.271,OK,1
11430,1745412891,s19,-0.1697,BAD,0
11431,1736511951,s9,-1.3092,good,2
11432,2026-03-16,s13,7.6316,ok,1
11433,1774242553,s3,,ok,0
11434,2026-05-17,s17,-2.7222,BAD,2
11435,1731498826,s2,3.4474,ok,1
11436,2026-07-18,s36,5.3936,OK,1
11437,2026-09-11,s25,-2.5539,ok,0
11438,1784598600,s38,6.1435,BAD,1
11439,1743255375,s2,-0.3813,ok,0
11440,2026-06-19,s18,5.7727,BAD,1
11441,1741330619,s34,4.6817,,1
11442,1786622054,s7,5.6593,,1
11443,1726230585,s17,-1.5277,good,2
11444,1767487476,s26,1.534,BAD,0
11445,2026-08-18,s30,-3.5027,,2
11446,1700937500,s39,-0.5288,good,0
11447,2026-02-10,s5,0.0883,OK,0
11448,2026-07-14,s28,-4.3804,,2
11449,2026-07-18,s8,-4.1204,ok,2
11450,2026-01-17,s14,0.2983,,0
11451,1741067891,s10,7.6063,BAD,1
11452,2026-09-19,s30,,OK,1
11453,2026-02-11,s7,1.5284,,0
11454,2026-05-15,s22,,BAD,0
11455,1757156344,s7,-0.8394,ok,2
11456,2026-01-17,s39,-4.067,,2
11457,2026-05-17,s6,1.1885,,1
11458,2026-07-19,s7,2.9249,ok,1
11459,2026-05-12,s40,4.4555,ok,1
11460,2026-07-15,s31,2.3138,,1
11461,2026-03-11,s31,2.7674,BAD,0
11462,1784381939,s39,-3.5407,OK,2
11463,1744558916,s22,1.3348,,0
11464,1708195001,s21,-2.9727,good,2
11465,2026-02-12,s14,6.5231,,1
11466,2026-04-17,s2,-5.2065,,2
11467,2026-05-15,s35,-2.3025,BAD,2
11468,1773271949,s8,-2.6372,ok,2
11469,2026-06-18,s4,6.0451,,1
11470,1739926002,s5,-1.0523,ok,2
11471,2026-08-16,s13,-4.4243,,2
11472,1714685121,s10,2.0683,BAD,0
11473,1755109026,s31,0.2746,BAD,2
11474,2026-07-15,s21,-4.4917,,2
11475,2026-08-15,s33,0.8748,,0
11476,1761845571,s8,-2.9039,ok,2
11477,2026-07-13,s24,-1.2851,OK,2
11478,1730733962,s25,5.1852,OK,1
11479,1767731820,s38,6.3757,ok,1
11480,2026-03-17,s20,6.8832,OK,1
11481,1766477230,s40,-3.9928,BAD,2
11482,2026-03-15,s11,-1.9799,OK,2
11483,1755074769,s1,1.1813,BAD,0
11484,1768733042,s35,-3.7806,OK,2
11485,1773838978,s4,5.8361,,1
11486,1765691337,s25,-2.3132,,0
11487,1765180789,s17,2.86,ok,1
11488,2026-04-18,s17,8.9349,BAD,1
11489,2026-03-11,s15,-5.1464,OK,2
11490,2026-03-12,s16,,,2
11491,2026-03-14,s33,0.8745,,0
11492,1734184437,s3,-2.3063,BAD,2
11493,1786821362,s3,-0.4575,good,0
11494,1714550898,s4,-1.3606,,2
11495,2026-09-19,s2,3.4865,good,1
11496,2026-06-15,s9,0.0084,ok,0
11497,2026-05-18,s8,-1.9683,,2
11498,1754711070,s38,-3.7862,OK,2
11499,1707713271,s31,6.8386,good,0
11500,1755734662,s14,4.3266,,1
11501,2026-08-18,s28,1.4407,ok,0
11502,2026-06-18,s18,0.0899,,0
11503,1739556860,s9,2.6757,,0
11504,1756049605,s15,1.5906,BAD,0
11505,2026-05-17,s8,5.6242,ok,1
11506,1741994789,s12,-1.4532,BAD,2
11507,1709630436,s11,3.4843,good,1
11508,1785198790,s4,-1.368,ok,2
11509,2026-03-16,s15,-1.9984,,2
11510,2026-06-15,s34,3.4276,OK,1
11511,1742495756,s33,3.8017,good,1
11512,2026-06-14,s10,2.1624,good,0
11513,2026-03-12,s1,6.1307,BAD,1
11514,2026-06-16,s21,-1.6809,OK,2
11515,2026-05-15,s34,3.7289,ok,0
11516,2026-09-15,s23,1.544,good,0
11517,1708405932,s37,1.4039,ok,0
11518,1735663404,s22,-0.7785,BAD,0
11519,2026-03-18,s20,1.3588,ok,0
11520,1759335499,s24,-0.7026,good,0
11521,2026-08-10,s23,1.6175,good,0
11522,2026-01-12,s27,2.6613,,0
11523,1755386073,s7,3.6908,good,1
11524,1767505260,s10,1.4967,BAD,0
11525,1730794043,s9,-4.9682,,2
11526,1726428585,s22,-0.7252,BAD,0
11527,1724888222,s7,0.6978,ok,2
11528,2026-05-15,s29,,,0
11529,2026-03-16,s34,5.2811,OK,1
11530,1744789321,s8,-0.2749,BAD,0
11531,1747003603,s34,-3.486,OK,2
11532,2026-09-10,s5,2.5002,,0
11533,2026-04-13,s9,0.6373,OK,0
11534,2026-07-18,s35,1.9865,BAD,1
11535,1722712096,s7,-0.4357,OK,2
11536,2026-03-11,s34,4.5588,,1
11537,2026-03-10,s5,1.3368,good,0
11538,2026-09-18,s9,5.7961,,0
11539,1738418758,s3,-5.9196,OK,2
11540,1768197435,s1,-0.5213,OK,0
11541,2026-05-10,s14,-1.2238,OK,2
11542,1752300658,s15,1.0645,good,0
11543,2026-09-17,s39,-1.2557,,0
11544,1736724395,s10,6.6644,ok,1
11545,2026-03-16,s18,3.7154,,1
11546,2026-09-12,s1,-3.4543,,2
11547,2026-08-14,s31,3.1789,,0
11548,1759612129,s1,2.4072,,0
11549,2026-02-19,s2,1.534,BAD,0
11550,1712592727,s3,3.739,BAD,1
11551,2026-01-17,s27,-1.662,ok,2
11552,2026-02-12,s38,4.4015,OK,1
11553,2026-08-16,s30,-4.7015,OK,2
11554,2026-01-13,s6,2.1955,ok,0
11555,1710604655,s36,-4.0431,BAD,2
11556,2026-06-15,s16,8.5894,BAD,1
11557,2026-03-13,s25,-0.4069,ok,0
11558,2026-07-12,s27,-3.7417,good,2
11559,1763512716,s5,-4.14,OK,2
11560,2026-07-12,s31,-2.7053,good,2
11561,2026-06-11,s29,-7.1755,,2
11562,1700244270,s29,-1.2077,,2
11563,1788311926,s6,3.0469,good,0
11564,2026-03-15,s4,-4.8218,,2
11565,1719871563,s24,-3.4939,ok,2
11566,1711170306,s21,4.9441,ok,1
11567,1765592972,s13,0.1998,OK,0
11568,2026-06-15,s17,-0.884,ok,0
11569,1700445648,s23,5.2157,,1
11570,2026-02-14,s39,0.7411,BAD,0
11571,1708325638,s12,1.5528,BAD,0
11572,1712786811,s1,4.9388,good,1
11573,1734359861,s18,-3.6335,OK,2
11574,1744282846,s14,-2.2541,OK,0
11575,1754678368,s3,2.0752,BAD,0
11576,1703435941,s1,-0.6104,OK,0
11577,1785137369,s18,1.209,,1
11578,1757449406,s27,,,2
11579,1725398426,s32,1.8504,OK,1
11580,2026-04-19,s15,3.3464,ok,1
11581,1789933462,s5,1.9584,ok,0
11582,2026-07-10,s16,4.3017,ok,1
11583,1710991411,s6,-2.5506,good,2
11584,1751235546,s3,,OK,0
11585,2026-05-12,s2,0.4726,,0
11586,2026-07-10,s21,-2.4361,good,2
11587,2026-03-19,s37,-0.7064,BAD,0
11588,2026-06-13,s19,1.5922,OK,0
11589,1754089330,s19,-4.149,good,2
11590,2026-01-13,s1,0.3157,ok,0
11591,2026-05-13,s15,1.797,good,0
11592,2026-02-12,s19,4.115,OK,1
11593,1747842667,s12,-1.3529,OK,2
11594,1788502365,s35,5.7458,ok,1
11595,2026-01-13,s28,-2.6205,BAD,2
11596,1771887197,s25,-0.8351,OK,2
11597,1754175417,s7,-4.613,BAD,2
11598,1749655042,s7,9.2827,good,1
11599,2026-09-19,s39,1.7401,ok,0
11600,1768447395,s38,0.8431,ok,0
11601,1739440987,s15,0.3087,,0
11602,1772718100,s30,-0.7019,,0
11603,1726844868,s29,-3.8396,BAD,2
11604,2026-04-19,s33,2.5171,,0
11605,2026-07-15,s27,-2.7216,good,2
11606,2026-08-15,s24,3.6386,ok,1
11607,2026-04-13,s38,1.143,OK,0
11608,2026-03-12,s23,0.354,OK,0
11609,2026-04-10,s39,-0.2442,OK,0
11610,1787833341,s35,-1.2088,,2
11611,2026-07-12,s9,3.4446,BAD,1
11612,2026-05-12,s14,0.4696,OK,0
11613,1774122452,s27,0.6337,good,1
11614,1744361260,s40,2.2387,ok,0
11615,2026-08-14,s19,4.2957,good,1
11616,1724356911,s32,4.4933,good,0
11617,2026-01-16,s36,-4.6317,,2
11618,2026-03-16,s19,-4.8389,good,2
11619,2026-07-11,s24,-0.7557,ok,0
11620,1732815653,s26,-0.2093,ok,2
11621,2026-08-12,s16,-2.301,OK,2
11622,2026-02-16,s37,3.0555,ok,0
11623,1754765105,s22,-0.768,ok,0
11624,2026-02-16,s26,-0.4647,good,0
11625,2026-06-12,s21,-2.6423,OK,2
11626,1773916278,s6,1.5163,ok,0
11627,2026-05-16,s32,1.7907,,0
11628,2026-03-13,s2,4.5204,BAD,1
11629,1774452902,s40,6.0664,good,1
11630,2026-03-13,s38,-4.8516,,2
11631,2026-04-15,s1,0.2506,good,0
11632,2026-02-18,s6,0.1238,BAD,1
11633,1789116783,s40,-2.8267,OK,2
11634,2026-02-10,s19,3.3069,OK,0
11635,2026-05-10,s26,-3.9566,ok,2
11636,1751324237,s26,-1.2359,,2
11637,2026-04-14,s11,6.3478,BAD,1
11638,2026-07-11,s4,-4.5479,BAD,2
11639,2026-03-15,s9,,OK,2
11640,2026-02-16,s8,0.9936,ok,2
11641,1742653490,s36,-3.1461,BAD,2
11642,1737149712,s23,5.6754,OK,1
11643,1787955272,s15,1.7291,OK,2
11644,1736878450,s38,5.8344,BAD,1
11645,1742265451,s35,1.0473,good,0
11646,1744727394,s19,-1.5534,ok,0
11647,2026-05-16,s35,0.1807,ok,0
11648,2026-09-18,s4,-2.148,good,0
11649,1765183413,s18,0.5412,BAD,0
11650,1711763782,s21,2.3816,,0
11651,2026-01-11,s31,1.4928,,0
11652,1737156473,s28,-3.1843,BAD,2
11653,1732529507,s4,0.0204,OK,0
11654,1700298082,s31,-1.0068,good,0
11655,2026-05-13,s11,0.4924,,0
11656,1756685966,s20,4.4215,BAD,0
11657,1710370311,s33,5.6095,OK,1
11658,2026-01-10,s35,-0.5622,good,2
11659,2026-01-12,s5,-3.2209,,2
11660,2026-05-10,s12,-4.1191,ok,2
11661,1703319246,s10,3.9854,BAD,1
11662,2026-02-13,s13,-2.549,BAD,2
11663,1775090864,s20,2.9684,,0
11664,2026-08-19,s30,3.0652,ok,0
11665,1713937172,s29,3.4416,BAD,1
11666,2026-04-14,s33,-0.8369,good,0
11667,1784954273,s38,5.2925,OK,1
11668,2026-07-13,s30,2.737,ok,0
11669,2026-05-14,s24,5.7341,,1
11670,1719684136,s6,0.2611,good,0
11671,2026-08-14,s10,-2.1445,OK,2
11672,2026-07-17,s31,4.2632,good,1
11673,1729829072,s4,0.4844,BAD,0
11674,2026-06-10,s27,-0.1786,ok,0
11675,2026-08-14,s12,3.0854,,1
11676,1785782076,s2,-2.0617,OK,2
11677,1740245568,s16,-1.488,OK,2
11678,1760190246,s24,-4.0736,good,2
11679,1769554844,s17,-5.1948,ok,2
11680,2026-06-11,s20,5.1312,BAD,1
11681,1715253428,s5,-3.2547,OK,2
11682,1731824831,s17,6.2047,good,1
11683,2026-02-13,s29,-3.542,,2
11684,2026-05-16,s20,0.3031,,1
11685,1711422265,s4,0.7803,BAD,1
11686,1763472056,s19,-2.9249,ok,2
11687,1785788640,s6,6.5281,OK,1
11688,2026-09-15,s22,-4.61,ok,2
11689,1720378105,s9,,BAD,2
11690,2026-01-16,s13,1.0786,,1
11691,1706334515,s10,-4.4159,,2
11692,2026-05-10,s3,5.7042,,1
11693,2026-03-14,s36,,OK,0
11694,2026-02-15,s40,0.9345,good,0
11695,2026-05-14,s20,4.2855,good,1
11696,1730184472,s15,2.9932,ok,1
11697,1756699501,s24,2.8317,,1
11698,2026-09-11,s10,6.1605,OK,1
11699,2026-06-14,s17,2.9018,good,1
11700,2026-03-15,s38,8.5274,,1
11701,2026-03-16,s33,1.1052,BAD,0
11702,1730778624,s20,0.5935,BAD,2
11703,2026-01-14,s13,4.2999,good,1
11704,1722069547,s6,-2.7618,,2
11705,1734190718,s39,4.1941,BAD,1
11706,1768806139,s26,-5.1053,ok,2
11707,1734700946,s30,3.5524,,0
11708,1778914288,s19,-5.2797,good,2
11709,1768831878,s4,-4.2721,BAD,2
11710,2026-08-11,s22,-1.5436,,2
11711,1724787643,s10,6.9181,,1
11712,2026-04-14,s28,8.1258,good,1
11713,2026-01-15,s6,-0.4428,OK,0
11714,1724907665,s22,3.8872,OK,0
11715,1768727569,s22,,,2
11716,2026-07-15,s27,,ok,1
11717,2026-07-10,s4,-1.3426,good,2
11718,1714469675,s7,-3.7265,BAD,2
11719,1778899442,s18,3.7597,BAD,1
11720,1704031115,s15,1.4942,BAD,0
11721,2026-02-10,s32,6.569,OK,1
11722,2026-09-19,s23,-1.7484,,2
11723,1787878757,s20,2.1082,,1
11724,1785124875,s21,0.8326,BAD,0
11725,1767756300,s40,1.1871,,0
11726,2026-08-13,s17,-0.0998,OK,2
11727,1739201174,s15,3.6834,OK,1
11728,1776119359,s39,-2.3934,BAD,2
11729,2026-09-11,s25,1.0215,,0
11730,2026-07-15,s30,4.387,ok,1
11731,2026-08-10,s2,2.6693,good,0
11732,2026-06-14,s10,2.72,,1
11733,2026-01-18,s35,-1.5227,OK,0
11734,2026-07-17,s24,,ok,0
11735,1753844679,s19,5.5988,good,1
11736,2026-03-17,s34,0.1679,OK,0
11737,2026-06-12,s30,-3.9915,,2
11738,1753609256,s21,0.1857,good,0
11739,2026-08-13,s17,2.1304,ok,0
11740,1777353595,s39,,,2
11741,2026-09-16,s14,2.4539,,0
11742,2026-08-18,s27,-8.2467,,2
11743,2026-02-15,s3,,good,2
11744,2026-02-17,s6,4.4952,OK,1
11745,2026-08-14,s24,5.519,,1
11746,2026-09-12,s24,-4.45,,2
11747,1706527204,s22,-2.5975,ok,2
11748,1757849018,s1,-4.3588,good,2
11749,2026-01-16,s10,-1.3694,OK,0
11750,1744291705,s3,7.2188,,1
11751,1706433046,s6,0.6834,ok,1
11752,1787512958,s40,-2.487,BAD,2
11753,1739368078,s2,0.8861,good,0
11754,2026-02-13,s17,2.5282,BAD,1
11755,2026-04-11,s30,-2.4539,OK,2
11756,2026-03-13,s15,-1.0359,,2
11757,2026-09-19,s34,3.3181,good,1
11758,1711040523,s1,4.5177,,0
11759,2026-08-15,s5,-2.3248,ok,2
11760,2026-08-15,s27,,ok,1
11761,1784482473,s13,3.7558,good,1
11762,2026-03-14,s31,-2.5608,,2
11763,2026-08-18,s36,2.722,good,1
11764,1772995459,s26,,ok,0
11765,2026-08-13,s19,-2.1915,good,2
11766,2026-03-14,s14,4.6902,OK,1
11767,2026-06-15,s27,1.7806,BAD,0
11768,2026-01-18,s4,-2.8527,good,2
11769,2026-01-14,s5,1.7488,,0
11770,1732684139,s1,,,1
11771,1762207324,s22,2.2528,good,0
11772,1751583690,s16,-1.5729,,2
11773,1776124954,s3,4.9361,good,1
11774,2026-05-10,s26,4.3598,OK,1
11775,1780195666,s16,0.2201,good,2
11776,1726094857,s2,-0.0649,BAD,0
11777,1788965610,s37,-6.8981,good,2
11778,2026-09-15,s21,1.8651,BAD,1
11779,1789481228,s12,3.4908,ok,1
11780,2026-02-19,s27,-5.2106,,2
11781,1754198399,s8,-4.3508,ok,2
11782,2026-05-12,s24,-0.4671,,2
11783,2026-09-10,s16,6.0303,,0
11784,2026-04-15,s23,-4.2496,BAD,2
11785,1756300119,s26,-3.1632,ok,2
11786,2026-06-11,s4,-0.0424,ok,2
11787,1729877605,s31,-0.8756,BAD,0
11788,2026-06-19,s28,2.6467,,0
11789,2026-01-11,s23,-3.7305,OK,2
11790,2026-02-10,s37,6.7477,OK,1
11791,2026-01-12,s4,5.7817,ok,1
11792,2026-09-18,s31,-3.6708,BAD,2
11793,1757322750,s23,-2.0066,,2
11794,1777534892,s9,,BAD,1
11795,1701828854,s21,,BAD,0
11796,1722902820,s22,-4.1387,,2
11797,2026-07-17,s24,2.1763,OK,0
11798,1781360534,s1,-5.5976,good,2
11799,2026-07-11,s1,5.0212,good,1
11800,2026-03-10,s19,3.2352,OK,1
11801,1783218047,s40,5.39,BAD,1
11802,1714527369,s7,-3.3807,good,2
11803,1703398892,s40,1.5079,ok,0
11804,2026-03-16,s16,-5.5612,,2
11805,2026-04-13,s7,1.6594,BAD,0
11806,2026-07-15,s35,-4.5119,,2
11807,1705556764,s26,-1.1633,good,2
11808,1728402945,s14,-2.9836,ok,2
11809,2026-04-13,s22,0.9554,,0
11810,1738016918,s24,-4.8509,good,2
11811,1761951563,s39,-2.2547,BAD,2
11812,2026-07-16,s35,4.5809,ok,1
11813,1701230825,s14,-3.4568,good,2
11814,2026-07-16,s32,1.9865,BAD,1
11815,1757885244,s33,,OK,0
11816,1723894507,s8,-5.1258,BAD,2
11817,1768661858,s5,0.6975,ok,0
11818,2026-01-12,s8,-3.4291,OK,2
11819,2026-06-11,s17,8.4585,,1
11820,1772375840,s2,-2.2939,good,0
11821,1722088416,s32,3.5561,,0
11822,2026-02-12,s1,-0.6902,good,0
11823,2026-01-12,s9,5.8485,good,1
11824,2026-06-17,s18,3.9009,good,0
11825,2026-08-19,s32,7.7221,good,1
11826,2026-07-11,s13,-1.3566,ok,2
11827,2026-02-10,s14,3.1109,BAD,0
11828,2026-07-15,s4,-5.4391,BAD,2
11829,2026-03-12,s39,,BAD,2
11830,1764336704,s24,-1.3926,BAD,0
11831,1769935593,s28,1.5506,OK,2
11832,1752666496,s35,3.896,BAD,1
11833,1722991969,s25,-0.7753,,0
11834,1744943633,s28,-1.8839,,0
11835,1784328394,s38,-2.9307,good,2
11836,2026-03-17,s18,5.8532,,1
11837,2026-06-12,s4,0.2311,good,0
11838,1705104962,s34,-0.5091,BAD,0
11839,1706059512,s9,8.0595,,1
11840,2026-09-18,s39,2.9867,good,0
11841,2026-07-16,s14,-3.8811,OK,2
11842,2026-08-13,s14,3.7279,BAD,1
11843,2026-08-13,s24,0.8274,BAD,0
11844,2026-03-16,s35,2.8832,BAD,1
11845,2026-04-11,s10,-3.0139,BAD,2
11846,2026-05-15,s8,-2.0335,,2
11847,1714071640,s22,-2.5531,BAD,2
11848,1755144038,s9,-0.1749,ok,0
11849,1786822310,s25,-0.2807,ok,0
11850,2026-08-14,s21,3.1276,,0
11851,2026-09-17,s29,-2.5241,ok,0
11852,1744897580,s3,-0.4113,ok,0
11853,2026-09-19,s38,,BAD,1
11854,1767879616,s28,0.4841,,0
11855,2026-07-18,s24,3.7803,ok,1
11856,1719501160,s11,-0.047,ok,0
11857,1732827498,s1,3.8043,,0
11858,2026-08-12,s7,-0.2214,OK,0
11859,1758279186,s7,0.393,good,0
11860,2026-02-11,s15,0.8988,OK,0
11861,2026-08-15,s13,-0.8336,BAD,0
11862,2026-08-16,s30,-3.7014,OK,2
11863,2026-03-12,s10,1.9165,,0
11864,2026-02-15,s38,-1.9282,good,0
11865,1767225778,s16,0.577,good,1
11866,1745480099,s20,-2.6658,ok,2
11867,1725100984,s19,1.4873,ok,0
11868,2026-03-13,s39,4.8284,ok,1
11869,2026-01-19,s29,-1.6628,BAD,2
11870,1766149488,s4,1.7483,good,0
11871,1788163736,s33,1.8951,BAD,0
11872,1752504941,s40,-1.1959,,2
11873,2026-04-12,s30,-3.5463,OK,2
11874,2026-06-13,s14,-2.0601,BAD,0
11875,1785451448,s6,5.0342,BAD,1
11876,1756370639,s33,5.9868,OK,1
11877,1736517808,s33,,,1
11878,2026-03-13,s26,1.9129,,0
11879,1770727183,s25,5.47,good,1
11880,1769940564,s27,2.347,good,0
11881,1715147312,s1,-0.9806,good,2
11882,1734634004,s15,0.2832,ok,0
11883,2026-08-11,s34,0.0808,,0
11884,1713379161,s38,2.0905,,0
11885,1736612745,s14,-4.6883,BAD,2
11886,1784565505,s10,5.9141,good,1
11887,1756328213,s26,0.7254,BAD,0
11888,1706425462,s22,4.3308,,0
11889,2026-02-14,s15,-1.1025,OK,0
11890,2026-08-17,s5,2.649,BAD,0
11891,2026-01-17,s32,3.8395,ok,1
11892,1778726251,s39,0.1165,good,0
11893,1757847437,s25,-1.8007,ok,2
11894,2026-09-17,s12,0.8695,OK,0
11895,2026-08-17,s31,-4.3156,ok,2
11896,1751755879,s17,-1.6835,OK,2
11897,1721457316,s38,-4.1253,OK,2
11898,1769788406,s14,-2.3573,ok,2
11899,2026-07-15,s20,-3.9446,BAD,2
11900,2026-04-14,s38,-0.639,good,0
11901,1703183096,s18,2.9451,good,0
11902,2026-09-10,s18,-4.7571,BAD,2
11903,2026-06-16,s17,-5.2517,,2
11904,1703825414,s5,-2.1471,good,2
11905,2026-01-11,s32,2.1992,ok,0
11906,2026-06-14,s32,4.6601,ok,1
11907,2026-09-15,s2,4.6939,ok,1
11908,1740446634,s30,-0.0791,good,0
11909,2026-08-19,s6,3.2097,ok,0
11910,2026-01-11,s40,8.3877,OK,1
11911,1757478187,s29,2.4559,ok,0
11912,1756475145,s34,6.2783,OK,1
11913,2026-01-18,s21,4.0319,BAD,1
11914,2026-08-16,s16,4.8345,OK,1
11915,2026-03-10,s28,1.0545,good,0
11916,2026-02-15,s33,6.6858,good,1
11917,1785562424,s22,,ok,1
11918,1750445443,s38,,BAD,0
11919,2026-04-18,s1,3.4668,good,0
11920,1752223374,s15,-1.7651,ok,2
11921,1766238218,s10,-4.6608,,2
11922,2026-06-13,s28,-4.0771,,2
11923,1774316308,s8,,OK,1
11924,1707362714,s33,4.8744,BAD,1
11925,1718764549,s26,5.3016,OK,0
11926,2026-03-18,s15,1.3951,good,0
11927,1718548925,s17,8.5178,ok,1
11928,2026-09-14,s28,-6.2524,BAD,2
11929,1770082000,s39,-1.63,,0
11930,1724529953,s22,2.025,good,0
11931,1726558250,s7,0.9165,good,0
11932,1759210026,s18,-5.7725,,2
11933,2026-02-17,s17,0.5244,ok,0
11934,1707000575,s15,3.8606,good,1
11935,1744519514,s33,3.0969,OK,0
11936,1710045042,s10,3.0643,good,0
11937,1771289888,s8,6.9915,ok,1
11938,1747358194,s10,1.1686,BAD,0
11939,2026-07-19,s26,1.1988,,0
11940,2026-09-17,s36,3.8978,OK,1
11941,2026-01-19,s39,-0.5266,good,2
11942,2026-02-14,s37,5.8442,ok,1
11943,2026-08-19,s12,-3.4294,good,2
11944,1719621544,s38,4.3213,BAD,1
11945,1761749819,s7,2.9601,BAD,1
11946,1772029607,s30,-0.9008,,2
11947,1760125074,s25,2.5095,ok,0
11948,2026-01-16,s9,0.2145,ok,0
11949,1713312716,s26,3.4399,OK,1
11950,2026-08-16,s20,1.9613,ok,1
11951,2026-01-13,s34,3.9235,ok,1
11952,1706709139,s4,2.3444,ok,0
11953,1751413516,s39,0.9389,ok,0
11954,2026-07-16,s19,4.8629,BAD,0
11955,2026-01-11,s37,-0.0973,OK,0
11956,1742600232,s10,1.2219,,0
11957,1754144966,s34,-1.516,,0
11958,1788368202,s2,3.783,BAD,0
11959,1772002350,s18,4.6524,good,1
11960,2026-06-12,s27,0.6821,BAD,0
11961,2026-06-18,s1,-3.4255,,0
11962,1720688896,s6,3.3183,,1
11963,1777196494,s27,-2.322,good,2
11964,1722385597,s17,-1.8559,ok,2
11965,2026-02-16,s32,1.0995,OK,0
11966,2026-06-17,s9,3.7473,OK,1
11967,2026-03-19,s23,4.135,OK,1
11968,2026-08-17,s33,-6.1688,OK,2
11969,1787190314,s9,4.3712,BAD,1
11970,2026-06-12,s24,-1.8458,OK,2
11971,1787979639,s39,0.0451,OK,0
11972,1748507290,s11,-0.2666,OK,2
11973,1786849293,s24,0.5947,BAD,2
11974,1762064010,s16,5.1984,OK,1
11975,1759704542,s14,2.212,OK,0
11976,2026-06-17,s7,-1.1309,BAD,0
11977,1757763742,s2,4.475,,1
11978,1703474596,s38,0.5032,BAD,0
11979,1727315799,s12,-2.1948,OK,2
11980,2026-05-17,s2,3.6228,BAD,1
11981,1728529904,s40,-4.8596,good,2
11982,2026-05-12,s38,,BAD,1
11983,1730035504,s12,-0.9809,ok,0
11984,1758086783,s28,0.5686,OK,0
11985,1788015260,s3,,BAD,0
11986,2026-09-19,s40,3.9665,,1
11987,1702244210,s22,6.2742,OK,1
11988,2026-02-15,s13,-0.1212,OK,0
11989,2026-05-11,s7,1.4573,OK,0
11990,1707301057,s36,0.504,BAD,0
11991,2026-01-16,s12,-3.9964,,2
11992,2026-02-12,s6,3.7924,OK,1
11993,2026-02-11,s4,3.022,BAD,0
11994,1752469081,s34,4.7568,,1
11995,1739406974,s18,-5.1256,BAD,2
11996,2026-03-18,s15,-2.9517,BAD,2
11997,2026-08-10,s18,4.7743,,1
11998,1768737331,s13,1.5095,ok,0
11999,1747377605,s10,-0.4214,,2
12000,2026-02-13,s14,4.1832,OK,1
12001,1776884248,s26,3.3877,BAD,1
12002,1722274434,s26,5.0583,good,1
12003,1787874597,s38,,OK,0
12004,2026-03-18,s6,,ok,1
12005,2026-01-12,s27,1.3648,good,1
12006,1701882436,s26,-4.2032,BAD,2
12007,1765954515,s27,-1.612,OK,2
12008,2026-09-10,s35,-0.6473,BAD,0
12009,2026-03-17,s5,3.0715,,0
12010,1730379458,s39,4.5951,OK,1
12011,1769163965,s4,4.8164,OK,1
12012,2026-03-18,s35,3.3511,ok,0
12013,1746637415,s29,3.1062,good,0
12014,1780783459,s7,0.0499,ok,2
12015,2026-08-15,s11,1.5954,BAD,0
12016,2026-08-13,s4,4.4394,ok,1
12017,1787840235,s3,-1.4037,good,0
12018,1771450981,s20,-3.8044,good,2
12019,2026-04-17,s10,3.0513,good,0
12020,2026-09-14,s18,-5.6302,good,2
12021,2026-04-19,s15,5.2303,good,1
12022,1778205967,s11,-2.2452,ok,0
12023,1722693357,s27,-0.1518,ok,2
12024,2026-03-17,s18,5.735,BAD,1
12025,2026-06-11,s32,2.0834,BAD,0
12026,2026-09-15,s14,-4.0505,good,2
12027,1766638676,s21,-2.1986,,2
12028,2026-05-16,s25,-4.0363,good,2
12029,1770132682,s9,-3.992,ok,2
12030,2026-06-13,s9,-3.5063,,2
12031,2026-01-14,s26,4.8236,OK,1
12032,2026-06-19,s31,6.493,,0
12033,2026-09-12,s19,3.3948,BAD,1
12034,2026-07-19,s8,3.775,ok,1
12035,2026-03-11,s27,-2.8805,BAD,2
12036,1784541174,s12,8.3787,good,1
12037,2026-02-13,s14,-3.779,OK,2
12038,2026-07-15,s2,-0.5909,OK,0
12039,1783858483,s12,,,1
12040,2026-05-18,s33,-1.799,good,2
12041,1717149850,s27,-2.737,OK,2
12042,2026-03-10,s25,5.2305,ok,1
12043,1754932853,s34,5.9964,good,1
12044,2026-03-15,s12,-4.4881,ok,2
12045,2026-02-19,s11,1.143,BAD,0
12046,1759900383,s22,3.4501,ok,1
12047,1760479187,s31,2.2846,good,1
12048,2026-07-19,s17,4.9118,good,1
12049,1781734691,s34,-4.262,BAD,0
12050,1726760033,s16,9.1185,BAD,1
12051,2026-01-17,s13,3.218,,1
12052,1788267777,s40,-2.5386,BAD,2
12053,2026-04-17,s38,-2.6493,,2
12054,2026-04-11,s36,-1.0135,OK,0
12055,1702002592,s35,-1.3578,OK,0
12056,2026-03-17,s36,-6.6922,,2
12057,2026-07-19,s21,-2.6351,good,2
12058,2026-04-13,s14,-2.4467,good,2
12059,1762631677,s36,4.2271,good,1
12060,2026-07-16,s15,-4.681,OK,2
12061,1747076670,s16,1.2099,good,0
12062,1724980438,s18,3.3583,ok,1
12063,2026-06-15,s2,2.0876,ok,1
12064,2026-06-13,s5,-3.2762,,2
12065,1770803989,s16,,ok,0
12066,1776589563,s25,,good,1
12067,1774679121,s19,1.2465,,0
12068,1755881504,s28,6.7309,ok,1
12069,1738864344,s27,1.5427,OK,2
12070,1734220412,s35,1.3071,OK,0
12071,2026-02-15,s19,2.4335,,0
12072,1726596729,s38,2.5129,OK,1
12073,1722119634,s20,5.6369,ok,1
12074,2026-04-16,s10,2.2143,good,1
12075,1717147843,s20,-0.2518,good,0
12076,2026-07-19,s38,3.8858,OK,0
12077,2026-09-19,s18,2.2394,good,1
12078,2026-03-19,s20,6.0646,OK,1
12079,1711424009,s33,-1.1393,ok,2
12080,1732921139,s30,0.0715,,2
12081,2026-06-17,s5,1.1883,good,0
12082,2026-07-15,s36,1.3406,BAD,0
12083,1731752622,s37,7.9324,,1
12084,1771411261,s29,-2.061,OK,2
12085,1756263528,s31,-4.6307,BAD,2
12086,2026-05-11,s33,1.1974,OK,0
12087,2026-02-15,s3,-2.6035,OK,2
12088,1787366632,s12,2.243,OK,0
12089,2026-05-11,s28,2.8321,ok,1
12090,2026-02-11,s3,-6.0151,,2
12091,1762797749,s13,-2.1028,OK,0
12092,2026-06-15,s8,0.3217,OK,0
12093,2026-04-15,s4,6.8603,BAD,1
12094,2026-05-18,s11,3.7463,BAD,0
12095,1702787547,s31,2.8099,ok,1
12096,1720507583,s14,-0.6509,,2
12097,1769265235,s20,4.2027,BAD,1
12098,1715754080,s38,0.1044,ok,2
12099,1767164968,s20,7.2668,OK,1
12100,2026-05-13,s31,-2.5569,OK,2
12101,1723997469,s10,1.8696,ok,1
12102,2026-04-14,s6,-1.1531,ok,2
12103,1709078091,s1,0.8247,,0
12104,2026-05-15,s24,4.0217,good,1
12105,1726787892,s12,-6.3861,good,2
12106,1778987867,s3,-5.9579,ok,2
12107,2026-01-10,s8,-3.9836,BAD,2
12108,1734323856,s5,2.9183,good,1
12109,2026-09-18,s21,4.6434,OK,1
12110,2026-03-10,s26,-1.5427,OK,2
12111,1751140681,s38,-3.525,BAD,2
12112,1785929732,s6,4.5938,OK,1
12113,2026-06-11,s7,-0.4719,BAD,2
12114,1709275953,s6,0.2586,,0
12115,2026-06-12,s26,2.2722,,1
12116,1726369332,s19,-3.6273,,2
12117,2026-03-14,s39,6.7674,OK,1
12118,1771382630,s25,-1.0839,OK,0
12119,2026-08-14,s16,-2.9747,OK,0
12120,2026-08-11,s17,-2.1421,ok,2
12121,1789508924,s2,2.5417,,0
12122,2026-09-16,s27,8.3174,good,1
12123,2026-05-17,s34,4.4346,,1
12124,1784497014,s37,1.7326,ok,0
12125,2026-07-17,s8,0.1264,,0
12126,1786099879,s30,-3.373,ok,2
12127,2026-09-10,s36,3.27,OK,0
12128,2026-03-14,s32,4.1921,ok,1
12129,1756700663,s36,7.722,,1
12130,2026-05-12,s13,3.3573,good,1
12131,1750627055,s22,2.5584,OK,0
12132,1764707853,s16,-2.0436,BAD,0
12133,2026-06-19,s38,3.3943,,1
12134,1748929631,s24,-0.7636,ok,0
12135,1722704387,s4,-0.2641,,2
12136,2026-07-10,s29,-2.5153,OK,2
12137,2026-04-17,s26,3.3177,BAD,0
12138,1784577130,s17,3.9999,OK,0
12139,1774757108,s11,5.9325,good,1
12140,1720403832,s5,-6.7163,OK,2
12141,1731478869,s19,4.172,BAD,1
12142,2026-08-14,s30,2.6847,OK,0
12143,2026-06-17,s15,3.8723,OK,0
12144,1708706036,s14,-3.593,OK,2
12145,1751580047,s6,5.1874,BAD,1
12146,1760014884,s30,3.3972,good,1
12147,2026-05-12,s18,1.7887,ok,0
12148,1716489500,s31,0.3638,ok,0
12149,2026-03-12,s18,3.4229,ok,1
12150,1747089399,s8,3.9394,ok,1
12151,2026-07-10,s9,0.6021,BAD,0
12152,1779115832,s18,-4.6168,good,2
12153,1708007018,s27,5.5058,ok,1
12154,2026-06-13,s13,-3.113,BAD,0
12155,1775703331,s16,5.302,good,1
12156,1700205841,s5,6.5587,ok,1
12157,2026-06-12,s24,2.1401,OK,0
12158,1735886904,s37,-1.967,,2
12159,1754718644,s34,-3.1936,BAD,2
12160,2026-04-18,s33,,ok,0
12161,2026-05-19,s20,,ok,2
12162,1759707954,s38,5.1323,,1
12163,1762158024,s24,1.2297,,1
12164,1768760412,s30,-3.1386,ok,2
12165,2026-07-12,s10,3.592,good,1
12166,1769464323,s23,0.4503,good,0
12167,2026-05-14,s31,5.0193,OK,1
12168,2026-07-10,s31,2.7362,OK,1
12169,2026-09-11,s36,-0.1493,BAD,0
12170,2026-03-19,s10,1.3896,,0
12171,2026-07-10,s10,1.32,ok,0
12172,2026-02-14,s37,3.4643,good,1
12173,2026-08-18,s12,4.5992,,1
12174,2026-07-10,s33,-0.5094,good,2
12175,2026-04-10,s21,7.3281,BAD,1
12176,1725022646,s29,-2.4512,OK,2
12177,1732812817,s36,-1.2175,BAD,0
12178,2026-03-12,s13,-3.4223,BAD,2
12179,2026-08-17,s7,4.527,OK,0
12180,2026-03-12,s7,-2.4324,,2
12181,2026-02-18,s4,-3.7137,BAD,2
12182,2026-06-11,s32,1.1299,ok,1
12183,1754886147,s11,4.3067,ok,1
12184,1766680785,s37,-3.7879,ok,2
12185,1787668661,s6,5.4201,OK,1
12186,1785520017,s22,-1.5905,,2
12187,2026-02-11,s12,-3.4326,OK,2
12188,2026-09-17,s15,-3.9657,BAD,2
12189,2026-06-10,s38,4.5835,good,1
12190,1732886577,s15,2.7366,BAD,1
12191,2026-04-17,s30,4.0378,ok,1
12192,1780156777,s9,-2.2463,ok,2
12193,1754578354,s30,-4.7951,good,2
12194,2026-07-11,s24,-2.8911,good,2
12195,2026-01-18,s32,-3.7429,good,2
12196,1702176074,s31,0.988,ok,0
12197,2026-04-11,s3,6.2803,good,1
12198,1759355021,s38,3.2459,ok,1
12199,1743405005,s5,5.7014,OK,1
12200,1763743582,s20,-0.6716,OK,2
12201,2026-09-15,s29,,,1
12202,1771759109,s26,5.0209,,1
12203,2026-09-16,s9,-3.6725,ok,2
12204,1779957337,s38,4.6639,good,1
12205,1724306290,s30,-5.5627,good,2
12206,2026-01-13,s5,-3.4697,OK,2
12207,1778195006,s40,-5.1303,good,2
12208,2026-04-11,s23,3.0167,good,1
12209,1735908826,s10,-1.1987,OK,0
12210,1738196839,s33,-5.2641,good,2
12211,1703605026,s21,-5.6115,,2
12212,1729089037,s37,4.7589,BAD,1
12213,2026-02-13,s36,6.3768,ok,1
12214,1731639533,s10,0.7834,,0
12215,2026-05-13,s34,-1.6509,BAD,2
12216,1702241612,s23,4.8639,good,1
12217,1766584805,s15,6.2186,OK,1
12218,1779012152,s38,3.8815,,1
12219,2026-03-13,s13,5.5884,BAD,1
12220,2026-02-18,s23,1.7247,,0
12221,2026-06-18,s19,-4.5708,,2
12222,2026-09-17,s24,-2.7963,,2
12223,2026-01-13,s8,-0.0553,,2
12224,1700172432,s24,-1.8643,OK,0
12225,2026-09-13,s23,-0.0555,,0
12226,1786514314,s25,-2.9063,ok,2
12227,1739456581,s2,-0.568,,2
12228,1721876141,s20,1.2484,good,0
12229,1742857948,s24,-0.1498,OK,0
12230,2026-07-14,s32,-2.1532,ok,2
12231,2026-02-15,s24,-3.0612,OK,2
12232,1770437708,s23,0.3939,ok,0
12233,1728082363,s21,5.6362,BAD,0
12234,2026-01-13,s29,-2.6797,good,2
12235,2026-03-10,s13,-3.2007,ok,2
12236,2026-05-14,s11,5.3007,BAD,1
12237,2026-03-10,s5,4.4599,BAD,1
12238,2026-02-18,s7,6.7834,good,1
12239,2026-01-12,s35,3.9419,good,1
12240,2026-07-15,s10,3.2356,OK,0
12241,2026-05-15,s6,-0.4784,BAD,0
12242,2026-01-19,s39,3.172,ok,1
12243,2026-01-13,s16,1.9396,OK,0
12244,1788630529,s26,4.8036,ok,1
12245,2026-06-15,s29,0.9324,good,0
12246,2026-09-15,s34,3.2195,ok,0
12247,2026-07-15,s2,2.042,OK,0
12248,1753155545,s39,2.8382,BAD,1
12249,1770699399,s8,-2.5627,,2
12250,1766353503,s19,-4.4432,OK,2
12251,2026-01-19,s20,-1.4407,OK,2
12252,1732805677,s12,6.1275,,1
12253,2026-04-17,s40,3.2469,good,0
12254,2026-04-11,s28,-1.3236,ok,0
12255,1701270034,s17,8.3428,good,1
12256,1713915150,s15,-4.8901,BAD,2
12257,1742970087,s25,-2.0593,BAD,2
12258,1748277738,s24,-2.8496,BAD,2
12259,2026-09-15,s9,1.904,,1
12260,1781572783,s1,1.5234,BAD,0
12261,2026-05-14,s31,-0.4339,good,0
12262,2026-02-10,s37,-1.0654,OK,0
12263,1755449161,s32,-5.4036,good,2
12264,1766729222,s36,8.6219,ok,1
12265,2026-07-13,s25,7.1389,good,1
12266,2026-02-19,s4,2.6143,,1
12267,2026-02-17,s1,-2.1445,BAD,0
12268,2026-02-10,s17,-4.2082,BAD,2
12269,2026-07-14,s27,-3.6817,good,2
12270,1718119376,s26,1.7595,,0
12271,2026-05-12,s3,-5.2264,OK,2
12272,2026-03-16,s12,-0.3047,OK,2
12273,1768197451,s20,2.1455,OK,1
12274,2026-05-16,s24,-5.4203,OK,2
12275,2026-02-10,s23,0.9941,,0
12276,1700974937,s8,0.6006,good,0
12277,1757262458,s14,4.5147,,0
12278,1755813210,s20,2.3273,OK,0
12279,1736806671,s9,-2.5951,BAD,2
12280,1788781694,s7,-2.5016,,2
12281,1787964240,s38,2.1597,ok,1
12282,2026-04-19,s1,,,2
12283,1778671416,s2,-2.4241,good,2
12284,2026-02-15,s36,3.699,,1
12285,2026-07-12,s31,0.6358,BAD,0
12286,1703269593,s19,-3.0768,BAD,2
12287,2026-07-17,s20,1.8747,,0
12288,2026-02-10,s32,-2.1877,BAD,2
12289,2026-08-10,s17,0.0573,OK,0
12290,1755488418,s13,-3.6036,BAD,2
12291,2026-05-13,s11,-2.9041,,2
12292,1786628131,s2,4.3125,ok,1
12293,2026-06-12,s36,1.9687,good,1
12294,1761933120,s33,-4.8399,OK,2
12295,1772046571,s4,1.1687,ok,0
12296,1744477852,s30,3.1375,ok,0
12297,2026-07-15,s24,-2.0463,ok,2
12298,2026-01-18,s4,2.5956,good,1
12299,1717957032,s28,0.4027,,0
12300,1713888571,s5,-0.1789,good,2
12301,2026-05-15,s5,-1.5195,OK,2
12302,2026-06-16,s9,-2.0773,ok,2
12303,1749379309,s3,-1.3499,good,0
12304,2026-07-15,s22,2.933,OK,1
12305,2026-08-14,s21,,BAD,2
12306,1785533289,s18,-3.7188,BAD,2
12307,2026-06-12,s8,0.1283,good,0
12308,1740693044,s36,3.5625,good,1
12309,1705073694,s4,6.5407,,1
12310,2026-01-13,s13,0.6619,ok,0
12311,2026-08-14,s8,1.889,BAD,0
12312,1768737435,s34,5.7562,good,1
12313,2026-05-18,s19,2.4014,ok,0
12314,1737570796,s20,-4.2083,OK,2
12315,1720847051,s23,-3.0247,ok,2
12316,1759371202,s26,-1.2477,good,0
12317,2026-09-13,s27,-3.5433,ok,0
12318,1759976491,s7,-1.1825,BAD,0
12319,2026-07-15,s30,2.3605,BAD,0
12320,1736857609,s2,-2.5425,ok,2
12321,2026-02-12,s26,7.0109,ok,1
12322,1708409914,s11,3.5636,good,1
12323,2026-06-16,s24,-1.2189,OK,0
12324,1701175769,s4,-2.1744,ok,2
12325,2026-02-17,s5,5.1558,ok,1
12326,2026-08-16,s4,1.2929,BAD,1
12327,2026-09-14,s22,-4.3159,,2
12328,1749817642,s37,-0.6526,good,0
12329,1756889961,s32,-2.0638,OK,2
12330,1779558784,s13,-6.842,,2
12331,2026-01-15,s20,-5.529,OK,2
12332,1787043967,s27,1.2264,good,0
12333,1722468292,s18,-3.8395,ok,2
12334,2026-02-15,s26,3.4293,ok,0
12335,2026-04-13,s36,4.1472,OK,0
12336,1783134540,s25,5.8835,good,1
12337,2026-04-16,s11,5.5911,good,1
12338,2026-03-13,s35,1.152,good,1
12339,2026-01-17,s30,-2.1692,BAD,0
12340,1769099408,s11,-4.5139,OK,2
12341,2026-08-12,s8,3.6584,OK,1
12342,2026-02-10,s38,2.0728,good,0
12343,1752309496,s17,-1.952,ok,2
12344,2026-04-15,s38,0.1223,BAD,0
12345,2026-06-18,s38,-1.5771,ok,0
12346,2026-05-17,s10,0.0833,,0
12347,1711054024,s19,1.6385,ok,0
12348,2026-05-17,s1,-1.0173,OK,2
12349,1723042478,s25,1.7627,BAD,0
12350,2026-04-19,s37,0.1272,good,0
12351,1757662336,s31,2.5147,,0
12352,1776933352,s36,4.1188,OK,1
12353,2026-04-18,s7,-0.0295,,0
12354,1785366180,s32,,,1
12355,2026-02-11,s22,5.9632,BAD,1
12356,2026-01-17,s28,-4.5196,good,2
12357,2026-01-10,s40,-1.8779,,2
12358,2026-06-18,s34,3.9108,good,0
12359,1777692408,s5,-4.3102,BAD,2
12360,2026-01-16,s21,7.1791,BAD,1
12361,1750255812,s35,,good,1
12362,2026-01-18,s13,-0.7096,,2
12363,1701114354,s29,5.9229,OK,1
12364,2026-08-18,s37,3.0782,ok,0
12365,1776123811,s6,-3.1787,,2
12366,2026-03-19,s27,3.1748,,1
12367,1706554248,s4,-3.0621,good,2
12368,1728136901,s31,3.3756,,1
12369,1702801917,s30,4.3253,OK,1
12370,1715924451,s3,5.4268,ok,1
12371,2026-06-19,s4,3.9684,BAD,1
12372,2026-04-11,s39,2.9767,OK,1
12373,1760666128,s8,5.5014,good,1
12374,1746600330,s39,0.344,ok,0
12375,1776787029,s19,3.8757,,1
12376,2026-03-14,s3,7.9731,ok,1
12377,1720228951,s30,2.6235,BAD,0
12378,1723734764,s19,5.8185,,1
12379,1772265601,s40,2.7055,ok,0
12380,1724470577,s11,3.4656,BAD,1
12381,2026-08-15,s4,-1.6112,BAD,2
12382,1745712554,s40,2.3026,good,0
12383,1759530365,s16,3.2232,BAD,1
12384,2026-06-17,s33,6.0879,OK,1
12385,2026-02-12,s37,6.2,good,1
12386,2026-01-10,s10,0.9274,,0
12387,2026-08-14,s21,0.8005,OK,0
12388,1784844737,s23,-5.6881,BAD,2
12389,2026-02-17,s33,1.5628,,0
12390,2026-08-17,s32,4.3191,good,1
12391,1722002246,s23,7.215,ok,1
12392,2026-02-12,s26,-4.5265,ok,2
12393,2026-06-11,s34,3.1598,OK,0
12394,2026-04-15,s39,0.825,BAD,0
12395,1731692226,s27,0.2854,ok,1
12396,2026-08-19,s29,4.0465,OK,1
12397,2026-02-10,s39,5.7918,ok,1
12398,1725786787,s29,2.8521,,1
12399,2026-04-10,s16,0.8319,,0
12400,1755486524,s1,-1.8228,good,2
12401,1776122947,s36,-2.9529,,2
12402,1776939708,s36,7.7471,good,1
12403,2026-07-17,s26,5.6301,good,1
12404,2026-07-15,s5,4.6517,ok,1
12405,2026-06-19,s24,-2.7709,BAD,2
12406,2026-07-16,s20,-5.7761,BAD,2
12407,2026-09-14,s35,-2.3307,good,2
12408,1724218886,s10,1.2692,ok,0
12409,2026-02-11,s16,-0.6983,BAD,0
12410,2026-08-14,s6,8.2181,BAD,1
12411,1770366215,s35,-4.3927,ok,2
12412,2026-06-11,s13,-4.2341,BAD,2
12413,1742036934,s21,0.1866,BAD,0
12414,2026-03-19,s3,2.1983,OK,0
12415,1772859227,s12,-3.9643,good,2
12416,1768429424,s8,5.2441,ok,1
12417,2026-03-11,s14,4.4941,ok,1
12418,2026-07-18,s24,0.6324,good,0
12419,1759803297,s23,2.4831,BAD,0
12420,2026-07-14,s32,-3.4784,ok,2
12421,2026-02-16,s34,0.6428,good,0
12422,1767638526,s7,3.2475,ok,1
12423,1747511154,s34,2.2408,,0
12424,2026-01-15,s27,5.2062,ok,1
12425,1765148261,s26,2.7958,OK,0
12426,1713389587,s26,-0.2745,BAD,2
12427,2026-08-19,s39,3.6576,,1
12428,2026-05-15,s6,2.6315,BAD,0
12429,2026-07-16,s39,-4.9131,BAD,2
12430,1759549804,s26,0.7244,,0
12431,1716839761,s9,4.2457,,1
12432,2026-06-12,s13,1.3266,,0
12433,1746576304,s40,-2.5536,OK,2
12434,2026-06-14,s8,4.7415,OK,0
12435,1768264865,s30,7.4605,,1
12436,1760508869,s1,-4.563,BAD,2
12437,2026-07-16,s8,1.7499,OK,0
12438,1778733509,s20,1.6401,,0
12439,1785745265,s1,1.6991,,1
12440,1767847504,s20,0.4307,good,0
12441,1736593198,s14,1.4608,BAD,1
12442,2026-01-16,s26,4.8824,good,1
12443,2026-07-14,s28,2.3835,BAD,0
12444,1704215800,s27,,ok,2
12445,1784188331,s5,-3.1261,OK,2
12446,2026-08-16,s20,-1.8508,,2
12447,1728795089,s5,1.1411,BAD,0
12448,1759349186,s36,1.8383,BAD,0
12449,1735204490,s9,4.5074,,1
12450,2026-04-14,s15,5.9929,BAD,1
12451,2026-08-19,s4,,good,1
12452,1779739623,s16,-5.55,good,2
12453,1742834770,s31,3.1596,good,1
12454,2026-07-18,s15,-2.55,OK,0
12455,2026-08-19,s20,-2.3268,,2
12456,1705547106,s23,4.8609,good,1
12457,2026-07-17,s12,5.6793,,1
12458,2026-09-19,s29,1.761,,1
12459,2026-03-11,s30,-0.4198,ok,0
12460,1708304046,s12,0.7566,,0
12461,2026-06-13,s28,2.582,good,0
12462,2026-04-14,s29,-0.6699,ok,2
12463,2026-07-13,s25,3.7123,good,1
12464,1718785821,s25,7.0623,good,1
12465,1720261911,s27,0.6825,good,0
12466,2026-06-19,s22,5.3733,,1
12467,2026-07-18,s27,-3.8019,BAD,2
12468,2026-08-13,s3,-4.3362,,2
12469,1715959879,s5,-1.5189,OK,0
12470,1718370819,s13,-1.1915,ok,0
12471,1711837969,s29,4.0237,BAD,1
12472,2026-07-15,s37,5.1959,good,1
12473,2026-08-13,s31,2.4493,,0
12474,1784818474,s13,1.8205,good,0
12475,2026-04-18,s9,-2.8053,OK,2
12476,1759252865,s32,0.718,ok,0
12477,1785852526,s17,-0.9502,ok,2
12478,1764292086,s5,-3.2918,good,2
12479,2026-06-19,s40,-3.9714,ok,2
12480,2026-03-17,s36,4.6956,ok,1
12481,1767657526,s32,4.1175,,1
12482,1703097512,s36,3.9335,,1
12483,1719823133,s38,-2.9061,OK,2
12484,1750372984,s36,-0.531,good,0
12485,1726890226,s31,3.6434,,1
12486,1728188814,s23,4.7502,good,1
12487,2026-06-17,s5,1.5258,OK,0
12488,1738439318,s22,,,0
12489,2026-08-13,s18,6.3218,ok,1
12490,2026-08-17,s20,-2.8065,ok,0
12491,1738125674,s14,2.4124,ok,0
12492,1706274124,s4,-3.3244,good,2
12493,1708774497,s6,-4.8737,BAD,2
12494,1771253561,s7,2.287,ok,1
12495,2026-09-10,s15,-1.9651,OK,2
12496,1746121341,s16,-5.3296,,2
12497,2026-04-14,s3,-5.1651,good,2
12498,2026-07-18,s20,4.4298,OK,1
12499,2026-09-15,s29,2.753,ok,1
12500,1700052588,s1,-4.2359,,2
12501,1747639092,s19,6.0599,good,1
12502,2026-08-11,s33,-0.2503,,0
12503,1709930139,s34,2.9256,ok,1
12504,2026-04-12,s24,-5.4643,BAD,2
12505,2026-02-14,s21,-3.2401,ok,2
12506,1717332242,s28,1.6839,,0
12507,1779613839,s10,-0.7162,ok,2
12508,2026-09-18,s6,1.2876,BAD,1
12509,1746169656,s6,-1.0417,good,2
12510,1756230420,s38,-2.2318,BAD,2
12511,2026-05-11,s7,-6.0637,BAD,2
12512,1787878804,s39,4.4955,,1
12513,1733522500,s26,-2.5719,BAD,2
12514,2026-02-11,s33,-1.4269,ok,2
12515,1789461534,s7,0.5502,OK,0
12516,1750685076,s31,-3.1208,OK,2
12517,1737796192,s11,-2.6844,,2
12518,2026-08-15,s6,4.8007,,1
12519,1733078840,s8,,ok,1
12520,1763669831,s33,-0.5407,BAD,2
12521,1783644953,s29,-3.5161,BAD,2
12522,2026-07-19,s25,1.3982,BAD,0
12523,1769142304,s20,6.5717,ok,1
12524,1782875289,s24,4.3711,OK,1
12525,2026-07-11,s27,-1.5064,OK,2
12526,2026-08-14,s9,2.317,,1
12527,2026-07-19,s13,-2.8936,good,2
12528,1768293860,s10,0.0946,,0
12529,1754828778,s19,6.9442,ok,1
12530,2026-05-14,s22,6.5795,OK,1
12531,1719404277,s37,-0.7784,BAD,2
12532,1741157414,s27,-3.1269,ok,2
12533,2026-08-10,s9,4.5899,good,0
12534,2026-02-12,s8,-2.6737,BAD,2
12535,2026-05-11,s36,2.258,BAD,1
12536,1773595705,s1,2.6623,BAD,0
12537,2026-04-19,s24,-1.4241,BAD,0
12538,2026-06-12,s30,-3.8192,good,2
12539,1731832748,s13,5.5727,,1
12540,2026-03-12,s10,-0.7734,good,0
12541,1789727591,s32,1.5354,OK,1
12542,2026-07-10,s13,3.5514,ok,1
12543,1707307611,s13,5.0604,ok,1
12544,2026-08-19,s39,2.8796,BAD,1
12545,2026-04-16,s2,-3.5176,good,2
12546,2026-08-17,s9,6.0641,OK,1
12547,1773346781,s17,-2.5673,ok,0
12548,2026-02-13,s17,,,0
12549,1739772392,s7,0.8875,good,0
12550,2026-07-11,s34,-3.5636,ok,2
12551,2026-07-12,s27,,good,1
12552,1744517811,s13,-0.7902,ok,2
12553,1765164903,s23,-5.186,OK,2
12554,2026-03-17,s15,-2.883,OK,2
12555,1782409792,s35,-0.4691,good,0
12556,2026-08-19,s26,3.9718,ok,1
12557,2026-03-13,s18,0.9837,,0
12558,1720761921,s31,0.726,,0
12559,1775708782,s22,-0.6107,ok,2
12560,2026-06-15,s15,-2.2369,OK,2
12561,2026-01-11,s16,-6.4981,BAD,2
12562,1701871767,s27,-2.1501,BAD,0
12563,2026-06-16,s26,3.3067,,1
12564,2026-03-12,s22,-4.5131,ok,2
12565,1718220544,s16,,ok,0
12566,1706403744,s9,,good,1
12567,1743981819,s1,-5.3563,,2
12568,1711427508,s4,-2.7251,good,2
12569,2026-03-15,s28,-1.585,,2
12570,1703537050,s38,-4.1704,ok,2
12571,1736478900,s7,-2.1178,,2
12572,1733384165,s31,-2.1665,BAD,2
12573,2026-05-14,s9,5.2049,good,1
12574,2026-07-11,s37,-1.5676,good,2
12575,2026-07-13,s8,3.3329,OK,1
12576,2026-01-17,s1,-1.457,BAD,2
12577,2026-08-15,s24,6.1009,ok,1
12578,1705994889,s31,-0.1868,,0
12579,2026-02-14,s3,-0.3384,OK,0
12580,2026-09-17,s3,-6.2876,,2
12581,2026-04-11,s33,-3.1814,ok,2
12582,2026-07-17,s21,-0.2919,good,0
12583,2026-07-12,s13,3.3414,OK,1
12584,2026-04-17,s18,1.0453,OK,0
12585,2026-01-12,s16,7.7148,ok,1
12586,1743675379,s5,,ok,0
12587,2026-05-18,s33,-5.3135,good,2
12588,2026-05-15,s38,-6.0496,ok,2
12589,2026-02-15,s37,0.0094,good,2
12590,1779696339,s24,4.1405,OK,1
12591,1769321854,s4,-3.5766,BAD,2
12592,2026-07-11,s12,-0.9052,BAD,2
12593,1711871082,s1,2.3495,ok,1
12594,2026-03-15,s7,-4.6178,good,2
12595,1768437155,s1,1.6322,ok,0
12596,1736824602,s17,2.7477,good,1
12597,2026-07-17,s19,-0.997,ok,0
12598,2026-07-12,s8,-1.9492,BAD,2
12599,2026-04-19,s9,-4.8084,good,2
12600,1778515933,s13,-2.8844,,2
12601,2026-01-12,s7,-3.4824,BAD,2
12602,2026-03-10,s31,0.9042,OK,0
12603,1784590524,s13,-2.9976,,2
12604,1713420660,s4,0.7119,,0
12605,2026-08-14,s22,1.5896,BAD,0
12606,1760894214,s19,4.4296,BAD,1
12607,1753139495,s35,-2.0813,good,2
12608,2026-07-14,s33,3.1959,BAD,1
12609,1787780854,s38,4.6308,OK,1
12610,2026-07-16,s16,-3.9821,good,2
12611,1770596887,s22,-1.886,OK,2
12612,2026-02-18,s20,-0.3655,BAD,0
12613,2026-07-10,s9,4.4575,OK,1
12614,1734432624,s10,2.4872,,1
12615,2026-02-19,s39,5.4354,OK,1
12616,1766527223,s15,2.0362,good,0
12617,2026-05-10,s24,6.4246,OK,1
12618,1746510514,s40,4.9712,,1
12619,2026-01-14,s39,0.8762,,0
12620,2026-03-10,s10,2.2549,ok,0
12621,1755021783,s22,-4.328,ok,2
12622,2026-01-17,s17,4.7947,,1
12623,1759158256,s18,-2.5487,BAD,2
12624,2026-01-19,s5,4.5405,good,1
12625,1723805900,s7,7.033,OK,1
12626,2026-01-12,s7,0.5017,ok,0
12627,2026-02-19,s3,-2.6746,BAD,2
12628,2026-03-12,s1,-3.5681,OK,2
12629,2026-01-10,s10,-0.948,BAD,2
12630,2026-07-15,s12,3.8071,,1
12631,2026-07-11,s13,-0.6531,BAD,0
12632,2026-09-18,s21,-0.4939,OK,0
12633,1768209152,s11,1.0602,,0
12634,1726359079,s30,,good,2
12635,2026-02-10,s17,-5.928,ok,2
12636,1735281269,s28,5.9305,BAD,1
12637,1730176004,s11,1.0686,,0
12638,1789079040,s36,5.8456,good,1
12639,2026-09-16,s20,,OK,0
12640,2026-09-16,s18,-3.3279,good,2
12641,2026-09-16,s14,2.2028,good,0
12642,1759098332,s27,3.204,good,1
12643,1757164626,s17,0.7905,ok,0
12644,1731634596,s31,6.6695,ok,1
12645,2026-05-12,s2,-4.1904,,2
12646,2026-07-13,s4,4.0281,good,1
12647,1772884297,s39,3.0761,good,1
12648,1710340008,s39,3.0832,good,0
12649,2026-09-14,s1,6.809,,1
12650,2026-09-11,s12,3.482,BAD,1
12651,1786061457,s5,-1.3075,OK,2
12652,2026-06-11,s10,2.6883,good,0
12653,1728725195,s32,3.1671,OK,1
12654,1748135302,s27,3.3511,OK,0
12655,1725848210,s12,0.2717,ok,0
12656,2026-05-12,s32,1.8048,OK,1
12657,1732416180,s17,,OK,0
12658,1746860884,s28,-3.1309,BAD,2
12659,1730343156,s17,1.265,ok,0
12660,1770405614,s19,4.6428,ok,1
12661,2026-06-12,s37,-0.5035,,0
12662,2026-06-19,s33,-2.8387,OK,0
12663,2026-01-19,s26,-0.7509,good,2
12664,1733966315,s38,-2.6458,BAD,2
12665,1717345292,s38,2.7091,,0
12666,1787925779,s24,6.405,OK,1
12667,1775573725,s1,-5.3581,good,2
12668,1762889776,s35,-1.6391,good,0
12669,2026-01-12,s14,-2.6599,good,2
12670,2026-08-16,s26,2.3155,ok,0
12671,1706555428,s13,2.7025,BAD,0
12672,2026-08-14,s11,-3.416,,2
12673,2026-07-14,s15,0.9287,BAD,1
12674,1767601469,s24,4.9994,BAD,1
12675,1779419426,s23,-5.8074,BAD,2
12676,1755046553,s33,4.6402,,1
12677,1702632954,s19,-2.8395,BAD,2
12678,2026-03-17,s8,0.984,OK,0
12679,1743858497,s1,-4.1296,,2
12680,2026-05-12,s14,-2.4989,BAD,2
12681,1723926725,s2,-0.5837,BAD,2
12682,2026-05-13,s9,-3.7187,,2
12683,2026-09-19,s35,1.5563,BAD,0
12684,2026-07-13,s33,-3.4423,ok,2
12685,2026-01-12,s18,2.9316,ok,2
12686,1747993785,s16,-3.8619,OK,2
12687,1712023612,s16,2.1006,OK,1
12688,2026-06-12,s33,1.9159,good,0
12689,2026-03-10,s20,1.7381,,0
12690,1727876690,s27,2.7129,good,1
12691,2026-07-16,s32,2.858,,0
12692,2026-01-18,s7,-3.6138,,2
12693,1700888622,s18,2.7397,good,1
12694,1758980002,s4,3.9309,BAD,1
12695,2026-03-16,s2,3.3591,,1
12696,2026-09-15,s26,-5.2212,OK,2
12697,2026-06-19,s16,,good,1
12698,1731503314,s22,1.6702,OK,0
12699,2026-01-10,s14,1.6098,OK,0
12700,2026-01-12,s26,3.7826,ok,1
12701,2026-03-18,s18,-5.5902,ok,2
12702,2026-07-10,s17,1.2385,ok,0
12703,2026-02-11,s15,8.9373,BAD,1
12704,1786950560,s40,-4.4271,BAD,2
12705,2026-09-18,s15,-4.0385,,2
12706,1744630113,s29,-6.2686,,2
12707,2026-01-14,s24,4.0252,,1
12708,1715103216,s16,7.4166,good,1
12709,1764572930,s6,2.4143,BAD,0
12710,2026-08-19,s7,1.9594,ok,1
12711,2026-09-17,s18,6.7452,BAD,1
12712,1714778034,s1,-3.9796,good,2
12713,2026-06-18,s20,-5.1634,BAD,2
12714,1761141951,s35,4.9488,OK,1
12715,2026-09-10,s9,-1.4017,BAD,2
12716,1786329283,s27,-5.146,ok,2
12717,2026-03-12,s21,7.6907,BAD,1
12718,2026-03-14,s13,-0.4498,BAD,0
12719,2026-07-18,s33,-2.8672,OK,2
12720,1734258155,s12,-1.431,BAD,0
12721,1705697146,s6,3.2331,,1
12722,2026-05-16,s26,-5.035,OK,2
12723,2026-07-10,s18,,,2
12724,1772061565,s35,0.0172,good,2
12725,2026-05-17,s34,-3.6707,BAD,2
12726,2026-08-11,s14,3.2009,OK,1
12727,1755446022,s9,0.2668,,2
12728,1701820132,s20,-0.0565,ok,1
12729,1787581200,s37,0.9785,OK,0
12730,1722106414,s19,5.4691,BAD,1
12731,2026-06-19,s27,-3.3085,,2
12732,1742583356,s3,-0.1665,BAD,0
12733,2026-08-11,s7,0.1898,OK,2
12734,2026-06-18,s4,-1.3951,good,2
12735,2026-03-19,s37,3.1367,BAD,1
12736,1780046272,s2,1.6292,BAD,0
12737,1736985150,s23,-2.9645,OK,2
12738,1773955332,s19,2.4705,OK,0
12739,2026-09-14,s6,3.9662,good,0
12740,2026-04-10,s39,,BAD,1
12741,2026-07-11,s34,-1.7456,good,0
12742,1777848496,s38,-1.9776,good,2
12743,1724374330,s34,7.8041,OK,1
12744,1740592245,s28,1.2853,OK,0
12745,1766803727,s10,7.708,ok,1
12746,1756016048,s5,7.9317,OK,1
12747,1747361763,s18,1.4502,ok,0
12748,1725127574,s35,1.0872,good,0
12749,1765036239,s4,-1.3656,,2
12750,1786012466,s31,-1.0058,OK,0
12751,2026-07-10,s26,1.8903,OK,1
12752,1767502888,s20,-0.8388,BAD,0
12753,1720629178,s40,-3.2001,good,0
12754,2026-03-12,s33,2.0925,OK,0
12755,1708619681,s26,6.8684,OK,1
12756,2026-03-12,s38,7.1745,,1
12757,2026-04-18,s6,-4.7767,BAD,2
12758,2026-01-14,s12,-1.0695,,2
12759,2026-03-16,s39,5.9515,BAD,1
12760,1740448505,s37,-0.9155,OK,0
12761,2026-03-12,s29,1.7906,OK,1
12762,1701601343,s11,1.2232,good,0
12763,2026-07-11,s3,-1.2134,ok,0
12764,1717392944,s11,0.4664,BAD,0
12765,1739667885,s26,-1.4434,ok,2
12766,2026-04-13,s26,-2.5007,BAD,2
12767,1705093309,s40,-5.4379,BAD,2
12768,2026-04-14,s6,-3.4506,,2
12769,1774398689,s11,3.7999,ok,0
12770,1723693793,s10,-3.5682,,2
12771,1736410435,s27,1.4058,ok,0
12772,2026-03-12,s5,-4.1155,good,2
12773,2026-08-11,s21,3.5039,BAD,1
12774,1732808818,s34,-0.8127,ok,0
12775,2026-08-15,s15,9.4199,good,1
12776,1775976093,s34,-0.1808,BAD,0
12777,1703955999,s19,2.2945,ok,0
12778,1748276573,s32,3.5328,BAD,1
12779,2026-03-18,s29,-0.0034,OK,0
12780,1765229454,s35,0.7211,,0
12781,1760370296,s30,0.87,,0
12782,1710410699,s29,2.2012,,1
12783,1716521906,s31,-4.5119,ok,2
12784,2026-01-10,s18,1.0598,good,1
12785,1749762459,s18,1.6794,,1
12786,1756501570,s36,0.7335,,0
12787,1714575249,s5,1.631,,0
12788,2026-03-18,s34,3.295,,1
12789,2026-05-10,s24,-6.3981,ok,2
12790,2026-05-16,s2,2.7489,good,1
12791,2026-08-10,s2,-3.1595,ok,2
12792,2026-05-15,s23,0.0386,,0
12793,2026-05-18,s8,-4.8151,BAD,2
12794,2026-09-18,s1,0.7955,good,0
12795,1700909811,s7,-2.1119,BAD,2
12796,2026-02-16,s36,-0.7797,BAD,2
12797,2026-07-12,s5,5.252,good,1
12798,1774860803,s37,3.9698,ok,1
12799,2026-03-10,s16,-2.3147,,2
12800,1702961346,s21,-4.269,ok,2
12801,1744319962,s10,0.9767,,0
12802,2026-08-15,s5,4.1144,BAD,1
12803,1738472126,s30,1.36,good,1
12804,1713579871,s11,-0.1286,ok,0
12805,2026-06-18,s6,2.0653,good,1
12806,2026-09-15,s32,1.8283,ok,1
12807,1713893529,s29,7.6829,BAD,1
12808,1746316553,s39,5.2439,ok,1
12809,2026-07-14,s15,0.3807,OK,0
12810,2026-06-18,s9,-1.1614,BAD,2
12811,1786467146,s33,-3.0559,good,2
12812,2026-07-13,s32,-1.8399,OK,0
12813,2026-05-18,s30,5.8363,,1
12814,1743178934,s6,-2.9609,BAD,0
12815,1705652731,s12,-6.2505,ok,2
12816,1747340447,s20,-0.4559,,0
12817,1709397245,s26,1.4666,BAD,0
12818,2026-09-16,s8,4.0272,,1
12819,1732088096,s26,-5.9727,OK,2
12820,1724608942,s33,2.3515,good,1
12821,2026-05-19,s22,-2.307,ok,2
12822,2026-08-19,s37,0.9539,good,0
12823,1716360093,s33,-1.5872,BAD,2
12824,2026-03-16,s15,3.2697,,0
12825,1700957135,s40,2.7489,,0
12826,2026-02-10,s25,7.2974,,1
12827,1758947613,s12,2.2337,BAD,1
12828,1752480684,s16,-0.3741,BAD,0
12829,1742479698,s39,-4.0935,BAD,2
12830,1741865460,s19,5.528,good,1
12831,2026-05-18,s20,1.3073,OK,0
12832,1779458158,s38,5.0961,BAD,1
12833,1787163196,s5,-0.1003,good,0
12834,1766383565,s10,0.9004,,0
12835,1746140439,s4,3.0492,good,0
12836,1731156189,s18,3.0752,,0
12837,2026-09-10,s37,-1.7276,ok,0
12838,1775591050,s11,1.2961,,0
12839,2026-02-13,s21,-5.2384,,2
12840,2026-08-17,s3,-0.548,ok,0
12841,2026-07-17,s4,1.9736,BAD,1
12842,2026-06-19,s30,-1.42,BAD,0
12843,2026-07-15,s30,-1.9864,good,2
12844,1704084464,s13,-4.1429,good,2
12845,1777594736,s23,,good,2
12846,2026-04-13,s9,1.9048,BAD,0
12847,1709851065,s13,-4.0024,good,2
12848,2026-02-17,s7,2.1277,,1
12849,2026-05-12,s28,1.0262,good,0
12850,1762279926,s20,1.4618,BAD,0
12851,1744227274,s39,4.8497,OK,1
12852,1733367883,s21,-2.7732,OK,2
12853,1710396371,s36,-1.7476,ok,2
12854,1733669287,s15,-2.0567,,2
12855,1717193541,s5,,BAD,0
12856,1714972359,s14,3.0788,OK,0
12857,2026-07-10,s29,-3.7356,OK,2
12858,2026-04-12,s30,0.229,,2
12859,1764361157,s21,0.0393,ok,0
12860,2026-07-15,s24,6.6637,,1
12861,1787947658,s20,4.5886,ok,1
12862,2026-03-12,s2,1.7231,,0
12863,1707871957,s29,-1.6978,BAD,2
12864,1756572721,s10,2.2664,OK,1
12865,1710888447,s7,4.5722,BAD,1
12866,1771185518,s40,5.4684,,1
12867,1738301935,s20,2.2393,OK,0
12868,2026-05-15,s40,4.0784,BAD,1
12869,1721216428,s33,-3.7275,good,2
12870,2026-08-12,s2,2.0087,BAD,1
12871,2026-07-19,s40,2.4546,good,0
12872,2026-08-19,s37,2.1389,OK,0
12873,2026-02-18,s8,1.2302,good,2
12874,1779240644,s38,1.8351,ok,0
12875,2026-04-13,s18,-3.6772,BAD,2
12876,2026-01-12,s28,6.3324,BAD,1
12877,1737787221,s2,1.851,,1
12878,2026-04-17,s1,6.6137,,1
12879,2026-04-19,s39,-3.8228,BAD,2
12880,1726912538,s10,-1.2918,BAD,2
12881,2026-06-15,s15,-4.2957,ok,2
12882,2026-06-15,s38,1.9657,BAD,1
12883,2026-05-10,s34,-3.8471,good,2
12884,1780810420,s38,-2.1207,ok,2
12885,2026-04-18,s37,-2.1018,ok,2
12886,1720504771,s7,2.2538,good,0
12887,1789625338,s4,-0.8306,,0
12888,2026-04-12,s9,-0.6668,good,0
12889,2026-07-17,s5,,OK,2
12890,2026-03-18,s40,-1.7196,good,2
12891,2026-08-14,s13,1.8137,ok,0
12892,1700510393,s26,-5.4501,ok,2
12893,2026-06-16,s1,3.4399,,0
12894,2026-06-18,s6,4.1807,,1
12895,2026-07-14,s21,0.5488,BAD,0
12896,2026-06-15,s39,-4.5143,good,2
12897,1718209822,s25,-3.4018,good,2
12898,1750279295,s38,-6.2571,ok,2
12899,1748564255,s40,3.1132,OK,0
12900,1719390786,s3,-6.0259,ok,2
12901,2026-01-19,s23,2.9964,,1
12902,1749071475,s24,1.5,good,0
12903,2026-05-15,s27,-1.5768,good,2
12904,1753294101,s16,3.213,BAD,0
12905,2026-07-12,s16,-0.9425,BAD,2
12906,1785618810,s35,-2.1968,good,2
12907,1742545938,s17,-0.0821,,2
12908,1749352264,s35,-4.4431,good,2
12909,1710544755,s30,5.0879,,1
12910,1713914379,s9,3.0888,ok,0
12911,2026-03-14,s32,3.0489,,1
12912,2026-04-19,s22,5.1243,ok,1
12913,1738315070,s27,-0.803,BAD,2
12914,2026-03-19,s38,2.6242,BAD,1
12915,1764299290,s32,-0.9683,ok,2
12916,2026-09-13,s26,0.8228,BAD,0
12917,1701455832,s2,-3.5097,,2
12918,2026-04-17,s26,2.1632,BAD,0
12919,1749396203,s11,0.383,good,0
12920,2026-03-12,s9,-1.782,good,0
12921,1788987836,s31,3.113,OK,1
12922,1724137920,s11,-1.6927,BAD,2
12923,2026-02-14,s7,-4.453,good,2
12924,1779598397,s31,3.5237,,0
12925,2026-01-19,s38,4.1408,good,1
12926,1782501647,s40,-3.64,,2
12927,1705912588,s30,-5.1632,OK,2
12928,1701259352,s18,4.738,,1
12929,1729405953,s3,-3.0508,BAD,2
12930,2026-04-18,s5,6.6525,ok,1
12931,1746835880,s18,-3.3052,BAD,2
12932,2026-08-14,s32,-5.8174,,2
12933,2026-08-15,s1,-0.7763,ok,2
12934,1730282850,s39,3.9471,,1
12935,2026-01-15,s25,1.6606,good,0
12936,2026-08-12,s24,2.3611,OK,1
12937,1722080091,s38,0.6697,BAD,2
12938,1772797114,s18,-1.4229,good,2
12939,2026-03-18,s37,-1.0739,OK,2
12940,2026-06-11,s33,-2.9079,BAD,2
12941,1762879728,s34,-1.3317,ok,0
12942,1778864701,s11,-1.3255,ok,0
12943,1773454634,s20,4.9347,OK,1
12944,2026-04-11,s36,-4.9748,good,2
12945,2026-09-17,s5,2.7746,,1
12946,2026-01-19,s4,3.4007,,1
12947,2026-04-17,s29,3.61,OK,0
12948,1783782864,s25,-0.5169,ok,0
12949,2026-06-13,s31,-0.6586,OK,0
12950,2026-04-13,s11,0.602,good,1
12951,1700237876,s30,0.7149,,0
12952,2026-02-10,s19,2.2152,OK,0
12953,2026-06-16,s32,-4.5478,ok,2
12954,2026-04-14,s23,-1.5576,good,0
12955,1768542800,s19,3.4126,good,0
12956,2026-08-12,s15,-4.0885,good,2
12957,1742563599,s29,-1.2105,,0
12958,1744115981,s22,4.717,good,1
12959,2026-01-13,s19,0.2343,,0
12960,2026-05-12,s31,4.9811,good,0
12961,2026-04-12,s6,0.6088,ok,0
12962,2026-06-11,s29,1.9499,ok,0
12963,2026-07-10,s27,-3.8594,OK,2
12964,1752015554,s24,-4.534,BAD,2
12965,2026-01-16,s40,1.8901,BAD,0
12966,2026-04-14,s9,8.5727,BAD,1
12967,2026-09-11,s4,7.7395,ok,1
12968,2026-07-12,s17,-5.1579,,2
12969,2026-08-10,s25,6.9747,ok,1
12970,2026-08-13,s25,3.3514,good,0
12971,1730677503,s9,2.95,,0
12972,1765584512,s20,1.8129,BAD,1
12973,2026-02-13,s18,2.622,good,1
12974,2026-02-15,s29,5.7916,ok,1
12975,2026-09-13,s29,1.8731,OK,0
12976,1727840205,s15,2.4476,good,0
12977,2026-03-11,s23,4.0354,,1
12978,2026-09-10,s30,-0.9884,ok,0
12979,2026-04-16,s15,-0.8483,,2
12980,1778767295,s18,5.9086,,1
12981,2026-09-17,s17,1.1537,OK,0
12982,2026-06-13,s32,-0.6491,ok,2
12983,2026-06-16,s20,-4.6812,BAD,2
12984,1781863988,s16,-4.4416,ok,2
12985,2026-02-19,s28,5.2149,OK,0
12986,2026-01-10,s26,1.4109,BAD,1
12987,1755612614,s5,-1.2853,ok,0
12988,1782490028,s29,,BAD,0
12989,2026-08-13,s34,4.8268,BAD,1
12990,1756623853,s34,2.0623,BAD,1
12991,2026-05-16,s11,-0.2038,BAD,0
12992,2026-06-16,s1,1.4548,BAD,0
12993,1709206150,s26,-4.8844,OK,2
12994,2026-08-15,s21,,good,0
12995,2026-03-18,s10,3.5434,OK,1
12996,1721075492,s23,0.978,OK,0
12997,2026-05-16,s27,-5.3316,,2
12998,1713631777,s3,,BAD,0
12999,1786971443,s7,0.3418,good,0
13000,1781280775,s10,-0.7416,BAD,0
13001,2026-09-12,s10,6.2393,ok,1
13002,1713080495,s9,0.1462,ok,0
13003,2026-07-16,s31,-0.1495,ok,0
13004,2026-07-13,s30,-2.75,OK,2
13005,1767620070,s3,1.9953,OK,1
13006,2026-03-10,s1,3.1057,BAD,0
13007,1716479102,s23,7.4614,ok,1
13008,2026-04-13,s9,-0.6124,BAD,0
13009,2026-09-19,s23,0.5269,,0
13010,1731991754,s13,-3.1984,good,2
13011,1762952485,s14,2.6003,good,0
13012,1712236899,s24,-4.5705,OK,2
13013,2026-08-13,s31,-4.2527,ok,2
13014,1707970637,s35,-1.3438,OK,2
13015,1783923174,s19,-4.3194,good,2
13016,1763460167,s8,4.6839,BAD,1
13017,2026-04-13,s11,1.2209,OK,0
13018,2026-08-15,s15,6.0956,OK,1
13019,1770277926,s30,1.3494,,0
13020,2026-09-19,s36,7.2448,ok,1
13021,2026-09-13,s29,0.0263,BAD,0
13022,2026-06-10,s2,0.6162,BAD,1
13023,2026-08-11,s23,1.6191,ok,0
13024,1723801994,s3,4.3047,good,1
13025,1752351570,s32,-5.8913,OK,2
13026,1739035541,s23,4.7859,BAD,0
13027,2026-04-16,s6,2.1059,good,1
13028,1783323553,s17,-4.7954,,2
13029,2026-03-12,s9,3.3538,BAD,1
13030,1787889856,s27,6.0345,good,1
13031,1769139185,s29,-3.4216,ok,2
13032,2026-09-14,s3,2.2954,BAD,0
13033,1738087851,s12,3.8465,BAD,1
13034,2026-02-11,s24,-0.4565,ok,0
13035,2026-02-14,s9,5.8427,ok,1
13036,1721841044,s11,1.5198,good,1
13037,2026-03-11,s23,4.2005,ok,1
13038,1738098450,s32,0.8613,OK,0
13039,2026-04-15,s38,0.4167,BAD,0
13040,1772515599,s28,-2.4498,,0
13041,1707210822,s31,7.8652,BAD,1
13042,1710594224,s26,4.4011,OK,1
13043,1757712432,s9,0.1039,BAD,0
13044,1786986504,s7,1.0405,BAD,0
13045,2026-02-13,s7,-0.3656,,0
13046,1741873505,s4,-4.1734,good,2
13047,1709238992,s12,-1.2624,,2
13048,2026-07-12,s12,2.5647,BAD,1
13049,1788569511,s3,7.4801,OK,1
13050,2026-03-14,s16,0.4185,OK,0
13051,2026-01-16,s35,6.9051,ok,1
13052,2026-07-13,s31,5.1571,OK,1
13053,2026-08-10,s21,2.9986,good,0
13054,2026-02-16,s21,-4.0815,OK,2
13055,2026-06-12,s35,,OK,2
13056,1789638930,s16,2.351,,1
13057,2026-06-18,s15,7.4322,BAD,1
13058,1765586768,s21,3.7698,BAD,1
13059,1721767615,s18,0.9368,,0
13060,2026-07-16,s32,2.5443,good,1
13061,2026-02-19,s29,2.3909,BAD,0
13062,1761965741,s26,0.7421,good,0
13063,2026-04-16,s35,-2.1344,good,2
13064,1715123408,s28,-6.9546,,2
13065,1753292585,s3,4.8524,BAD,1
13066,2026-09-17,s13,8.3986,BAD,1
13067,1732995298,s17,-0.0738,good,0
13068,1730856746,s25,1.6133,ok,2
13069,2026-05-18,s26,-0.7425,BAD,0
13070,1701419589,s35,-1.2191,ok,0
13071,1741372207,s6,2.8284,ok,0
13072,1784442291,s34,-3.6745,OK,2
13073,1715218721,s8,6.1471,BAD,1
13074,1779884043,s14,-4.189,ok,2
13075,1750955869,s17,-1.7416,BAD,2
13076,1771341034,s40,1.178,BAD,0
13077,1774482782,s10,-3.6004,ok,2
13078,2026-01-16,s7,4.0997,OK,1
13079,2026-08-11,s3,-1.0777,,0
13080,1762938697,s39,-1.1625,BAD,0
13081,2026-08-15,s14,-5.0542,,2
13082,1704062715,s27,2.0811,good,0
13083,2026-04-13,s26,0.5188,good,0
13084,2026-06-13,s36,4.9257,BAD,1
13085,2026-06-16,s28,3.3863,good,1
13086,2026-09-10,s12,-1.7961,OK,2
13087,2026-04-14,s18,1.5057,OK,0
13088,1711576797,s16,-1.8813,BAD,2
13089,1731828877,s4,4.2222,ok,1
13090,2026-03-14,s28,0.6749,good,0
13091,1764967427,s14,0.3785,,0
13092,2026-02-16,s7,0.6519,good,0
13093,2026-08-14,s35,1.1416,good,0
13094,2026-04-15,s8,1.4515,good,0
13095,1750848497,s17,1.1061,,0
13096,1773516510,s37,-3.3728,ok,2
13097,2026-01-19,s1,-4.1338,,2
13098,1771084258,s11,7.8603,ok,1
13099,1766215453,s12,1.4934,,0
13100,1733062436,s21,-1.0586,good,2
13101,2026-07-18,s9,-2.9875,ok,2
13102,2026-01-14,s23,5.751,ok,1
13103,1710941983,s37,,good,0
13104,1765710486,s5,-3.6988,good,2
13105,2026-09-19,s20,0.828,good,0
13106,2026-01-11,s17,3.2252,OK,1
13107,1723641156,s9,0.852,OK,0
13108,1788166793,s39,-2.0546,good,2
13109,1773127574,s15,2.0226,OK,0
13110,1714167227,s21,3.6848,good,1
13111,2026-03-15,s4,-1.8844,,0
13112,2026-09-19,s20,-0.4559,ok,0
13113,1759981450,s26,4.6398,BAD,1
13114,1763024572,s34,5.6829,BAD,1
13115,1735760574,s27,-1.6533,ok,2
13116,1721962705,s21,-2.6584,BAD,2
13117,2026-09-12,s33,0.9777,BAD,0
13118,2026-02-10,s22,3.4158,,0
13119,2026-02-18,s40,-2.5998,OK,2
13120,1774573888,s22,6.9783,BAD,1
13121,1758160991,s39,4.7737,,1
13122,2026-07-13,s34,-2.1333,,0
13123,1784500801,s9,-3.7131,OK,2
13124,2026-04-15,s31,2.7503,BAD,1
13125,2026-01-11,s33,-2.0025,,2
13126,1710847156,s10,-2.4654,,0
13127,1701080986,s31,6.5129,BAD,1
13128,1781097040,s38,,,1
13129,2026-05-19,s29,-2.1932,ok,0
13130,2026-05-12,s39,2.4193,ok,1
13131,1763448635,s4,-0.9678,good,2
13132,2026-06-12,s14,1.4066,ok,1
13133,1782716574,s30,0.2953,ok,0
13134,1765640683,s19,-4.8645,good,2
13135,1742423153,s29,1.4595,ok,0
13136,1778506104,s10,-2.1797,ok,2
13137,1785834338,s14,1.1286,ok,0
13138,1717111282,s7,3.238,,0
13139,2026-07-17,s28,1.6813,ok,0
13140,2026-09-15,s11,0.9997,ok,0
13141,2026-02-15,s30,-5.6251,ok,2
13142,1701431104,s25,5.9557,BAD,1
13143,1779492100,s15,-1.4417,,2
13144,1710202170,s37,-0.823,BAD,0
13145,2026-06-17,s39,3.5624,good,1
13146,2026-03-13,s8,0.1479,good,0
13147,1756335537,s15,1.1777,ok,0
13148,1763601027,s16,5.3018,OK,0
13149,1725345733,s6,3.0122,OK,1
13150,2026-04-18,s20,3.0119,OK,1
13151,1775759142,s8,7.5496,ok,1
13152,1752608985,s33,-1.0992,ok,2
13153,1735005653,s18,7.4901,BAD,1
13154,1713617866,s13,-0.5831,BAD,0
13155,2026-05-17,s39,-6.0623,,2
13156,2026-03-19,s7,-2.7931,ok,2
13157,2026-03-16,s8,4.3133,ok,0
13158,2026-09-17,s14,-1.8859,ok,2
13159,1706001584,s26,0.5056,BAD,2
13160,2026-07-13,s2,-2.706,BAD,2
13161,1762682788,s34,-6.4536,,2
13162,1760259632,s22,1.3182,ok,0
13163,1734706793,s10,1.3101,,0
13164,2026-09-14,s33,-0.6715,ok,0
13165,2026-05-10,s30,-2.4361,ok,2
13166,1703947618,s27,0.2371,OK,2
13167,2026-01-13,s32,2.0494,ok,0
13168,2026-06-11,s11,-3.2683,OK,2
13169,2026-01-18,s19,0.601,BAD,0
13170,2026-07-10,s23,-4.1859,,2
13171,2026-01-12,s20,7.1006,BAD,1
13172,1740647206,s34,,good,0
13173,2026-03-14,s35,-5.0366,,2
13174,2026-09-16,s12,-4.3964,,2
13175,2026-06-15,s17,4.4818,good,1
13176,1787977172,s25,6.0357,OK,1
13177,1751449048,s5,3.4864,OK,1
13178,2026-09-14,s20,-4.308,BAD,2
13179,2026-05-10,s18,4.1365,OK,0
13180,2026-05-14,s36,-3.6631,,2
13181,1769951666,s26,-5.2175,,2
13182,2026-07-11,s14,-2.3167,good,2
13183,1723139967,s2,-0.8413,ok,0
13184,1775846084,s26,4.979,OK,1
13185,2026-07-10,s15,-3.2563,BAD,2
13186,2026-02-17,s30,-3.9164,good,2
13187,1761232093,s21,-2.5969,OK,2
13188,2026-07-11,s32,1.0504,OK,0
13189,1722220719,s5,3.6065,OK,1
13190,2026-04-10,s39,6.8573,ok,1
13191,1789587319,s13,4.6431,BAD,1
13192,1788990690,s30,3.21,,0
13193,1785686378,s25,4.1243,,1
13194,2026-02-13,s4,0.7919,BAD,0
13195,1722796569,s28,0.718,good,0
13196,2026-02-17,s13,-3.4061,BAD,2
13197,2026-04-14,s39,2.3354,good,0
13198,1787377970,s29,5.5878,good,1
13199,1758448504,s25,-5.5797,OK,2
13200,2026-05-13,s7,4.2227,OK,1
13201,1783510989,s9,6.4666,,1
13202,1748457674,s37,0.1058,OK,0
13203,1765596831,s21,0.9433,good,2
13204,1783319934,s19,-2.5425,good,0
13205,1746556195,s20,-3.1538,OK,2
13206,2026-09-13,s24,6.6058,ok,1
13207,2026-03-19,s13,7.0652,ok,1
13208,2026-03-11,s34,5.1778,ok,1
13209,1714539060,s2,-4.2131,ok,2
13210,1700687894,s30,-3.4189,ok,2
13211,1752172326,s1,4.9881,ok,1
13212,1769433421,s26,-2.6276,BAD,2
13213,1749099666,s14,2.907,,1
13214,2026-06-12,s6,-1.895,OK,0
13215,1733278639,s29,-1.3093,BAD,0
13216,2026-08-17,s2,2.0589,ok,0
13217,2026-06-18,s4,-1.6112,OK,2
13218,1753639156,s37,-4.0765,,2
13219,1773896587,s40,-4.8391,BAD,2
13220,2026-03-19,s14,2.7828,good,0
13221,2026-05-19,s11,5.8591,BAD,1
13222,2026-03-16,s1,-0.6815,OK,2
13223,1745053156,s35,3.6565,OK,1
13224,1776882479,s4,0.8418,,0
13225,2026-02-15,s7,1.7163,ok,1
13226,2026-04-16,s10,3.9419,good,1
13227,1741004381,s13,-2.0948,ok,0
13228,2026-03-17,s17,,OK,2
13229,1773566923,s18,4.2859,good,0
13230,2026-06-12,s19,5.4424,OK,1
13231,2026-08-19,s24,-0.823,,0
13232,1742272245,s7,-5.4684,BAD,2
13233,2026-07-13,s30,8.5786,BAD,1
13234,1709046133,s31,-2.9658,good,2
13235,1776021758,s22,-0.5638,BAD,0
13236,2026-05-13,s4,,,1
13237,2026-02-13,s28,-2.9112,good,2
13238,1731163072,s35,,good,2
13239,2026-04-14,s22,1.3078,BAD,0
13240,1735336816,s23,2.34,OK,1
13241,1765002599,s25,-1.1731,BAD,0
13242,1782033700,s30,-2.3829,,2
13243,2026-08-17,s33,2.0429,good,0
13244,1731668929,s7,3.7958,BAD,1
13245,1758675521,s13,5.0495,good,0
13246,1759181266,s35,0.942,BAD,2
13247,2026-01-12,s2,0.5273,BAD,0
13248,2026-03-19,s39,2.5276,ok,0
13249,2026-03-10,s6,5.1282,,1
13250,2026-04-11,s12,2.0332,ok,0
13251,1772827453,s18,0.9196,BAD,0
13252,2026-04-12,s7,-5.1759,BAD,2
13253,2026-04-14,s38,4.825,BAD,1
13254,1755384700,s20,-5.6299,ok,2
13255,1742594007,s7,5.287,OK,1
13256,1780037359,s3,-2.8992,ok,2
13257,1766445988,s20,-4.5148,ok,2
13258,1746169555,s40,5.2996,OK,1
13259,1778460802,s34,-2.8666,OK,2
13260,2026-01-13,s20,0.1478,ok,2
13261,2026-08-14,s20,3.6906,OK,1
13262,2026-08-18,s2,-3.805,,2
13263,1708463901,s13,-5.9093,OK,2
13264,1750355126,s37,2.2211,BAD,0
13265,2026-09-11,s17,0.5427,OK,0
13266,1701682402,s35,5.719,ok,1
13267,2026-04-18,s38,0.3617,,0
13268,1734058494,s9,5.6698,,1
13269,1775586272,s33,-1.4945,ok,2
13270,2026-07-16,s30,-3.5722,ok,2
13271,2026-04-14,s31,1.1012,BAD,0
13272,1789613212,s2,5.9228,,1
13273,2026-02-14,s20,1.7412,good,2
13274,1775187690,s1,3.3339,ok,1
13275,1753178519,s20,-4.7718,,2
13276,1723861846,s5,-1.962,,2
13277,1759129885,s5,4.9253,good,1
13278,2026-04-18,s10,6.6492,OK,1
13279,1745677166,s18,5.0817,good,1
13280,2026-03-14,s1,7.3183,good,1
13281,1718352892,s23,-4.2708,BAD,2
13282,2026-03-15,s5,1.1853,OK,0
13283,1770487614,s4,-4.8196,OK,2
13284,1747963235,s16,3.227,good,0
13285,1768293306,s37,,BAD,0
13286,2026-03-17,s29,6.631,,1
13287,1702927568,s27,1.9185,OK,0
13288,2026-05-17,s7,-2.9931,ok,2
13289,1713772861,s22,4.8483,,1
13290,2026-04-17,s30,0.6229,BAD,0
13291,1733553467,s26,3.7046,good,1
13292,1727981685,s7,-0.7935,,0
13293,2026-01-18,s14,-4.3228,good,2
13294,2026-08-19,s34,6.0748,OK,1
13295,2026-01-15,s21,-5.1864,ok,2
13296,2026-09-17,s20,-2.6049,good,2
13297,2026-06-13,s40,-2.4997,ok,2
13298,1743174258,s38,0.6795,ok,0
13299,1754855877,s20,-3.2927,,2
13300,1719240240,s10,-1.528,ok,2
13301,1718012041,s15,,ok,1
13302,1740397893,s1,-1.5149,,0
13303,1781701105,s9,5.2239,BAD,1
13304,1782378194,s26,0.835,ok,0
13305,1710214482,s19,-3.9721,good,2
13306,2026-01-11,s18,7.5671,OK,1
13307,2026-03-12,s14,2.599,OK,1
13308,2026-06-14,s29,2.8188,OK,0
13309,1704081765,s20,3.7309,ok,1
13310,2026-03-18,s3,-3.7678,ok,2
13311,2026-05-15,s37,-1.9983,BAD,2
13312,1789582727,s20,1.7343,ok,0
13313,2026-05-13,s7,3.796,,1
13314,2026-06-18,s28,5.9721,ok,1
13315,1727344000,s9,-0.4259,good,2
13316,1788739607,s17,1.209,ok,0
13317,1788370830,s23,4.2819,BAD,1
13318,1738292680,s12,-3.9054,BAD,2
13319,1714482354,s9,-3.3698,good,2
13320,1742279900,s23,6.7123,,1
13321,1721629808,s25,4.9824,ok,0
13322,2026-05-16,s31,0.2515,,0
13323,2026-02-14,s23,-2.9075,good,2
13324,2026-06-17,s18,-2.9304,BAD,2
13325,2026-01-13,s18,1.2451,ok,0
13326,1720779689,s28,-1.0398,ok,2
13327,2026-09-12,s13,-1.4463,,0
13328,2026-06-16,s22,0.6113,good,2
13329,1730927367,s7,-4.558,good,2
13330,1778577555,s37,-2.0387,good,2
13331,1782130589,s8,0.8152,OK,0
13332,1755257754,s9,3.8564,good,1
13333,1761480812,s38,-3.2825,ok,2
13334,1785605560,s11,0.9727,BAD,0
13335,1773548038,s9,,good,0
13336,2026-02-12,s34,2.1363,BAD,1
13337,1747120255,s29,-6.6869,,2
13338,1754943886,s19,-0.5625,BAD,1
13339,2026-01-14,s35,,ok,0
13340,2026-01-16,s24,-2.5484,good,2
13341,1735610183,s10,-4.1036,,2
13342,2026-05-15,s21,6.8687,ok,1
13343,1711195108,s18,3.124,BAD,0
13344,2026-04-10,s24,4.7488,good,1
13345,2026-08-19,s34,2.2716,OK,0
13346,1763606202,s24,4.7528,OK,1
13347,1773130380,s30,-0.6642,good,0
13348,2026-02-12,s2,4.9512,OK,1
13349,2026-03-18,s36,4.3454,good,1
13350,2026-03-11,s27,-1.8044,OK,2
13351,1774164101,s12,-2.369,ok,2
13352,2026-03-18,s22,-3.8862,,2
13353,2026-07-15,s17,6.4901,good,1
13354,2026-04-19,s19,-0.4715,OK,0
13355,2026-01-13,s28,3.4413,good,1
13356,2026-09-10,s6,0.3221,good,0
13357,2026-06-12,s8,-6.0063,,2
13358,1748584136,s5,5.6315,BAD,1
13359,2026-03-10,s33,-7.7401,,2
13360,1719460043,s33,-3.5347,BAD,2
13361,2026-06-18,s40,-2.8722,OK,2
13362,2026-06-19,s25,4.0588,,1
13363,2026-02-13,s38,0.5331,good,0
13364,1742126181,s25,3.7099,BAD,1
13365,2026-02-15,s25,-1.9197,good,2
13366,1722439525,s10,-4.5443,ok,2
13367,1774471724,s31,-0.7857,good,0
13368,1770346299,s2,-0.3551,OK,0
13369,1747847652,s21,6.5824,ok,1
13370,1775655693,s32,3.2126,OK,0
13371,2026-02-16,s27,4.8056,ok,1
13372,1734945708,s24,1.7768,good,1
13373,1715866423,s40,2.86,BAD,0
13374,2026-03-16,s20,-5.5069,BAD,2
13375,1746949911,s18,0.7864,ok,0
13376,1736154678,s7,5.4882,good,1
13377,1752591324,s32,2.0899,BAD,0
13378,2026-03-12,s23,-4.2684,good,2
13379,1716695926,s29,5.347,BAD,1
13380,2026-03-10,s23,2.0689,good,1
13381,1701694162,s14,-3.3478,,2
13382,2026-05-13,s25,2.4388,BAD,0
13383,2026-03-14,s36,4.3827,BAD,1
13384,1727481807,s35,7.9319,ok,1
13385,2026-09-14,s2,1.1511,,0
13386,1743725125,s2,-2.1893,good,2
13387,2026-08-14,s25,0.4501,ok,2
13388,2026-08-15,s4,0.797,OK,0
13389,2026-06-15,s2,1.918,,0
13390,1714500178,s30,1.5592,good,0
13391,2026-06-10,s40,7.6145,OK,1
13392,1752052236,s6,-1.3103,BAD,2
13393,1785662654,s34,-5.761,,2
13394,1740836144,s6,-1.5285,ok,2
13395,1729012320,s36,2.853,,1
13396,1750131776,s18,1.0719,good,0
13397,1752858598,s22,1.9908,good,0
13398,2026-09-15,s9,6.9106,ok,1
13399,2026-03-12,s9,1.7477,BAD,0
13400,1783211349,s25,-0.2362,ok,0
13401,2026-04-19,s3,-1.1354,ok,2
13402,2026-02-11,s12,6.0355,OK,1
13403,2026-01-17,s19,0.6934,,0
13404,2026-07-10,s27,2.0983,ok,0
13405,1789440271,s37,1.5537,BAD,1
13406,2026-07-13,s19,-3.6244,good,0
13407,1763505020,s30,1.636,good,0
13408,2026-07-18,s37,0.3705,BAD,0
13409,1737946659,s31,1.1459,good,0
13410,1768125009,s6,7.0245,good,1
13411,1775439410,s15,2.932,ok,1
13412,1727078797,s11,-0.3452,ok,0
13413,2026-09-19,s14,0.2127,ok,0
13414,2026-06-13,s36,6.5168,ok,1
13415,1765190423,s38,-0.8781,good,0
13416,2026-06-14,s21,-2.5634,ok,2
13417,1778435135,s6,1.5408,OK,0
13418,1774564759,s3,0.3683,OK,0
13419,2026-05-15,s28,,ok,2
13420,1726539172,s12,4.0742,,1
13421,2026-06-14,s2,-6.1663,ok,2
13422,1751603264,s32,2.0434,ok,0
13423,1727602154,s16,-1.324,ok,2
13424,1768829821,s20,5.1243,OK,1
13425,2026-03-12,s29,4.007,ok,0
13426,2026-04-11,s20,-0.7682,BAD,2
13427,1789439724,s32,,BAD,0
13428,2026-07-10,s35,1.5373,,0
13429,1782411336,s24,1.6627,OK,0
13430,1726732563,s29,-0.3818,OK,2
13431,2026-06-19,s22,0.1089,,0
13432,1781786091,s14,-1.7987,ok,2
13433,1731201399,s39,3.9109,BAD,1
13434,1713724741,s32,1.5605,OK,0
13435,2026-09-19,s4,3.4869,good,1
13436,1710317115,s22,-1.5624,good,0
13437,2026-08-11,s26,6.1413,,1
13438,1720355589,s18,2.3452,,1
13439,1761742142,s14,-1.2854,OK,0
13440,1776679911,s21,1.6383,BAD,0
13441,2026-09-11,s12,3.3073,ok,1
13442,1753317459,s21,-0.9641,BAD,0
13443,1776291552,s40,-1.0777,OK,0
13444,1776738325,s33,4.4131,BAD,1
13445,2026-05-14,s33,6.7999,BAD,1
13446,2026-02-13,s25,3.364,BAD,0
13447,2026-03-18,s39,-4.0191,ok,2
13448,2026-06-15,s4,-3.0836,OK,2
13449,1726048052,s4,6.0658,OK,1
13450,2026-04-19,s12,3.7874,good,1
13451,1777098775,s34,3.7305,,1
13452,2026-09-11,s5,3.2915,ok,1
13453,1786567601,s37,1.9978,ok,0
13454,1779603065,s17,3.4751,good,0
13455,1752355632,s24,-3.8091,OK,2
13456,1766245117,s5,0.5666,good,0
13457,2026-04-15,s39,0.3917,OK,0
13458,1747457679,s25,,BAD,0
13459,2026-04-15,s28,3.5587,ok,1
13460,2026-04-18,s38,-5.2473,OK,2
13461,1718498920,s40,-1.4233,good,2
13462,2026-02-10,s13,4.0254,BAD,1
13463,1771750435,s2,-1.483,good,2
13464,2026-07-13,s17,-2.591,good,2
13465,1727114655,s5,-2.8102,,2
13466,1743224847,s32,7.1491,good,1
13467,1784972677,s13,-1.7054,BAD,0
13468,1776044714,s6,-3.7388,,2
13469,2026-02-13,s22,-3.4485,ok,2
13470,1775753724,s18,-1.8674,,0
13471,1713772277,s35,4.7434,,1
13472,2026-01-11,s13,10.0521,,1
13473,2026-03-12,s10,-0.6793,good,2
13474,1702204926,s31,-9.08,,2
13475,2026-05-15,s21,-0.2183,BAD,2
13476,1727938281,s30,6.0528,ok,1
13477,1704006718,s31,-0.0286,good,0
13478,2026-04-18,s34,1.054,good,0
13479,2026-08-11,s11,0.6901,BAD,1
13480,2026-01-16,s10,,,0
13481,1758506206,s20,-7.322,BAD,2
13482,1738112737,s33,7.8504,BAD,1
13483,1782950300,s5,2.8213,BAD,0
13484,1775115356,s15,6.4503,OK,1
13485,2026-08-10,s11,1.5344,ok,0
13486,2026-09-15,s26,3.307,good,1
13487,1747013340,s7,2.3555,OK,1
13488,2026-09-14,s23,-0.064,ok,0
13489,1729506301,s27,6.4054,,1
13490,2026-01-11,s1,-0.0793,BAD,0
13491,2026-09-17,s15,-3.1341,,2
13492,1742392321,s40,-1.9052,OK,2
13493,1736884399,s32,-3.407,good,2
13494,1744425552,s7,-0.7957,good,0
13495,2026-04-11,s26,-4.3996,OK,2
13496,2026-01-15,s7,7.1026,OK,1
13497,1704789951,s30,-3.4807,ok,2
13498,2026-02-17,s35,-1.5022,BAD,2
13499,1745924703,s15,5.2682,OK,1
13500,1729346602,s18,-1.1865,,0
13501,2026-06-19,s36,-1.5077,OK,0
13502,1773098263,s16,-1.7971,good,2
13503,2026-04-15,s7,2.923,good,0
13504,1754709398,s4,1.2422,OK,0
13505,2026-03-10,s12,3.0082,ok,0
13506,2026-01-18,s25,3.1617,BAD,0
13507,2026-08-14,s14,8.1157,BAD,1
13508,2026-03-13,s30,-0.5592,BAD,2
13509,1739149735,s11,4.5843,ok,1
13510,2026-09-17,s12,6.2319,BAD,1
13511,1772697180,s9,-2.6068,ok,2
13512,2026-03-14,s13,5.3832,,1
13513,2026-01-16,s38,-0.0379,,0
13514,1728950009,s19,1.1549,good,0
13515,1785817158,s4,3.0049,good,1
13516,2026-05-15,s30,4.2261,OK,1
13517,2026-05-19,s36,-4.1488,good,2
13518,1734583431,s21,7.3688,good,1
13519,1742608315,s7,5.0902,OK,1
13520,2026-01-18,s5,-6.5458,,2
13521,2026-01-15,s7,4.9249,ok,1
13522,1749466959,s3,1.3032,BAD,0
13523,2026-06-15,s25,1.4019,BAD,0
13524,2026-07-18,s18,7.1575,BAD,1
13525,1725772535,s9,-3.1015,BAD,2
13526,1700826270,s14,3.9509,good,1
13527,1759005120,s25,-6.6567,BAD,2
13528,2026-06-11,s37,5.1413,OK,1
13529,1751044062,s35,-2.3902,,2
13530,2026-05-14,s11,0.8036,,0
13531,1708979673,s14,-2.0843,good,2
13532,1729669936,s38,6.2691,good,1
13533,1780114769,s1,-1.5384,BAD,0
13534,2026-08-14,s5,-2.5987,,2
13535,1701099338,s34,-2.3375,ok,2
13536,2026-02-16,s37,0.7366,,0
13537,1779129764,s18,4.1615,OK,1
13538,1768026027,s12,-6.504,OK,2
13539,2026-07-17,s10,3.3229,ok,0
13540,2026-02-13,s36,-4.1177,BAD,2
13541,2026-09-10,s27,-2.7997,BAD,2
13542,2026-04-16,s6,-3.5924,ok,2
13543,2026-04-18,s20,3.2409,ok,0
13544,2026-07-19,s15,0.9237,ok,2
13545,1746584659,s33,-3.0362,good,2
13546,1772467111,s25,-0.0836,BAD,0
13547,1779905104,s24,1.1496,ok,0
13548,2026-01-18,s1,-0.9662,ok,0
13549,1783922057,s12,0.4258,good,0
13550,1730594847,s15,-6.5384,ok,2
13551,2026-01-12,s28,2.2195,good,0
13552,2026-01-19,s16,1.7926,BAD,0
13553,1737300967,s27,,good,2
13554,2026-07-11,s4,-1.1144,ok,2
13555,1702143459,s26,-5.2423,OK,2
13556,1789758270,s17,4.5422,good,1
13557,1745535608,s12,0.4849,ok,0
13558,1786590041,s25,-3.4342,ok,2
13559,2026-02-11,s36,0.4042,ok,0
13560,2026-03-11,s22,2.5168,,0
13561,2026-04-11,s7,0.3703,good,0
13562,1708131152,s24,4.7187,ok,1
13563,2026-08-11,s29,1.486,,0
13564,1762861975,s19,-1.9171,good,0
13565,2026-01-18,s29,4.8738,,1
13566,2026-06-18,s36,3.1467,ok,0
13567,1708384880,s29,-3.0758,OK,2
13568,2026-04-18,s13,4.2416,BAD,1
13569,2026-04-13,s11,1.3932,OK,1
13570,2026-03-13,s12,0.2674,good,0
13571,1744807649,s1,7.2181,OK,1
13572,1749522199,s32,-3.5858,OK,2
13573,1741982998,s8,-1.5457,ok,2
13574,1748082312,s18,7.9666,,1
13575,2026-08-12,s18,1.3548,OK,0
13576,1716035554,s18,-0.0878,BAD,0
13577,1747101011,s19,-6.9058,,2
13578,2026-03-15,s14,-0.2149,good,2
13579,2026-07-13,s27,2.13,,0
13580,1723051840,s37,2.303,,1
13581,2026-04-18,s15,-2.5815,ok,2
13582,2026-06-17,s20,2.9158,,0
13583,1743694045,s17,-7.269,ok,2
13584,1729544566,s26,2.6412,ok,1
13585,1760948944,s4,0.9936,good,1
13586,1715218039,s31,-0.4674,BAD,2
13587,2026-05-16,s34,2.5436,ok,1
13588,2026-08-17,s37,2.1492,ok,0
13589,2026-05-14,s38,-5.7774,good,2
13590,1772459907,s18,-3.4221,BAD,2
13591,2026-08-12,s24,2.4589,,0
13592,2026-02-15,s6,-0.2305,OK,2
13593,1732202025,s1,0.4921,good,0
13594,1711845125,s33,,BAD,0
13595,2026-05-19,s2,-1.5726,ok,2
13596,2026-01-11,s5,1.3969,ok,0
13597,1740883609,s2,-0.3289,OK,0
13598,1787766904,s19,-2.154,,2
13599,1735710994,s17,-3.8105,good,2
13600,2026-06-16,s40,-4.3335,BAD,0
13601,1754785123,s36,2.4973,good,0
13602,2026-07-19,s21,-3.6897,good,2
13603,2026-07-19,s18,-1.4393,good,2
13604,1754936283,s37,4.6123,ok,1
13605,1715587706,s32,-2.1633,good,2
13606,2026-05-10,s10,-2.915,OK,2
13607,1773303097,s40,3.3784,OK,1
13608,1775151667,s9,-6.3793,good,2
13609,1753190840,s40,-3.6537,OK,2
13610,1711959981,s5,3.4098,OK,1
13611,2026-07-15,s20,-1.733,,2
13612,2026-06-13,s37,2.1264,BAD,0
13613,2026-02-17,s22,-0.0483,BAD,0
13614,1731087227,s26,-1.498,OK,2
13615,2026-07-18,s24,3.0274,BAD,0
13616,1730029802,s19,2.713,BAD,1
13617,1753151067,s4,6.8435,BAD,1
13618,2026-01-17,s8,,OK,2
13619,2026-09-17,s20,1.9708,good,0
13620,1719461127,s34,-0.6801,ok,2
13621,1772710212,s31,-3.7564,good,2
13622,2026-06-19,s9,-3.4921,ok,2
13623,1774762936,s7,3.2879,ok,0
13624,1757518979,s9,3.048,,0
13625,1762282115,s8,-2.6444,,2
13626,2026-09-15,s29,1.5382,OK,0
13627,2026-05-13,s24,-1.4931,,2
13628,2026-04-12,s26,3.8976,ok,1
13629,1712181458,s19,2.653,ok,0
13630,1742561133,s38,7.3689,BAD,1
13631,1780195153,s40,3.3365,BAD,0
13632,1728957358,s34,,BAD,0
13633,1785888448,s26,,ok,1
13634,2026-09-12,s15,-0.3637,BAD,0
13635,1782762545,s40,-1.7693,BAD,2
13636,2026-07-12,s17,-4.2858,OK,2
13637,2026-04-13,s8,2.5569,OK,0
13638,2026-08-15,s26,0.5653,BAD,0
13639,1765001485,s36,-2.434,BAD,2
13640,1732398266,s28,2.6902,OK,0
13641,2026-04-18,s31,2.6146,good,0
13642,2026-09-11,s20,3.2083,ok,0
13643,2026-05-14,s22,3.6978,,1
13644,2026-08-11,s38,-1.3585,ok,2
13645,1775715271,s11,0.9597,,0
13646,2026-09-12,s8,5.3742,ok,1
13647,1767985088,s19,-0.4252,OK,0
13648,1724475207,s28,,ok,1
13649,2026-01-16,s36,-1.8946,good,2
13650,2026-06-17,s19,-0.0098,good,0
13651,2026-01-19,s3,0.7606,good,0
13652,2026-08-15,s31,-3.4152,ok,2
13653,2026-03-16,s24,4.8396,BAD,1
13654,1730399062,s4,3.2463,OK,0
13655,1739411106,s20,4.5393,ok,1
13656,1701514476,s28,1.6839,BAD,0
13657,1787554987,s3,2.7888,good,1
13658,1705816083,s23,-3.5609,,2
13659,1720985248,s38,-4.2383,good,2
13660,1788092153,s15,-2.0678,BAD,0
13661,1770369665,s35,4.6616,good,1
13662,1716827998,s18,2.8771,ok,1
13663,2026-08-19,s37,-0.1232,,0
13664,1760253168,s19,6.4615,,1
13665,2026-06-17,s19,0.8455,ok,0
13666,1775588543,s40,-4.837,BAD,2
13667,1757952876,s4,-4.8734,good,2
13668,2026-01-16,s22,-0.1587,ok,1
13669,2026-03-16,s35,-5.0755,good,2
13670,2026-04-11,s23,-3.9237,good,2
13671,2026-01-14,s1,,OK,0
13672,1710890490,s1,3.1026,good,0
13673,2026-08-13,s29,-4.1572,ok,2
13674,2026-01-10,s27,4.6551,OK,1
13675,2026-05-16,s25,,OK,2
13676,1766554392,s28,-3.5755,,2
13677,2026-04-19,s15,-0.4067,BAD,0
13678,2026-01-10,s31,1.667,,2
13679,2026-02-16,s19,0.3763,,0
13680,1713590015,s4,-0.3934,ok,0
13681,1768391390,s39,-4.1281,BAD,2
13682,1732750973,s5,2.2457,ok,0
13683,2026-07-13,s2,,OK,1
13684,1723230508,s22,2.7188,BAD,1
13685,2026-03-10,s21,-1.9756,BAD,2
13686,2026-08-16,s40,5.0052,good,1
13687,1721610748,s11,,OK,1
13688,1772956840,s4,1.3176,good,0
13689,2026-03-17,s1,-3.1992,OK,2
13690,2026-07-19,s14,2.6096,OK,0
13691,2026-06-13,s26,0.7383,OK,0
13692,1747681653,s24,4.8512,OK,1
13693,1742959500,s7,,ok,0
13694,2026-01-13,s34,-0.3349,,0
13695,2026-04-16,s17,1.5173,OK,1
13696,2026-04-19,s8,-4.4164,good,2
13697,1782939028,s25,-0.4587,OK,0
13698,1772265910,s17,-3.5524,ok,2
13699,2026-02-10,s6,2.1955,,0
13700,2026-08-17,s27,5.6936,good,1
13701,2026-01-18,s4,-1.4033,ok,2
13702,1716557833,s37,1.2891,OK,0
13703,2026-08-14,s13,-3.4738,good,2
13704,2026-06-18,s20,1.3105,,0
13705,1782114804,s10,-4.4164,good,2
13706,1746740006,s10,,good,2
13707,2026-02-16,s29,-2.4255,OK,0
13708,1705980349,s17,3.7822,ok,1
13709,1747436137,s9,1.8172,good,0
13710,2026-09-16,s7,-6.8279,good,2
13711,2026-01-10,s35,0.4342,good,0
13712,1777993059,s32,,,1
13713,1720451400,s37,-0.4744,ok,0
13714,2026-02-17,s30,1.7432,,0
13715,1705963304,s38,-6.062,,2
13716,1748513145,s31,-1.1265,ok,0
13717,1755846187,s14,-2.4291,,2
13718,1756132607,s31,-4.2588,BAD,2
13719,2026-05-12,s29,-0.6472,,0
13720,2026-07-19,s24,0.5645,,0
13721,2026-04-13,s37,-2.7304,OK,2
13722,1722165772,s30,1.4256,OK,0
13723,2026-03-12,s37,-0.3348,good,2
13724,2026-05-17,s22,-0.059,OK,0
13725,2026-09-14,s26,0.6485,good,0
13726,2026-02-15,s29,4.2027,,1
13727,1743991548,s34,-3.8017,,2
13728,1714291390,s31,2.4489,BAD,1
13729,2026-09-17,s29,5.0088,BAD,1
13730,2026-05-12,s31,2.3274,good,0
13731,1763058355,s3,1.2849,OK,2
13732,2026-09-13,s11,-1.9407,,2
13733,1741141975,s6,1.8503,BAD,0
13734,1770375146,s19,5.652,good,1
13735,2026-05-17,s17,-2.505,BAD,2
13736,2026-01-15,s1,1.9101,OK,0
13737,2026-03-17,s3,2.0798,OK,0
13738,2026-05-11,s22,-4.3463,good,2
13739,2026-01-14,s4,1.3702,good,1
13740,2026-08-11,s6,2.7667,good,1
13741,1732490416,s16,-0.1592,OK,0
13742,2026-09-12,s9,4.6617,,1
13743,1734954693,s23,5.2826,BAD,1
13744,2026-09-17,s9,-3.5567,BAD,2
13745,2026-02-10,s35,-5.5371,good,2
13746,2026-09-10,s1,-2.913,good,2
13747,2026-06-19,s18,2.412,ok,0
13748,2026-01-14,s25,5.9737,BAD,1
13749,1783564181,s31,0.4194,good,0
13750,2026-04-13,s13,-0.6109,,0
13751,1751711774,s3,-3.7581,good,2
13752,1729338993,s20,,BAD,0
13753,2026-04-18,s3,2.4702,,1
13754,2026-05-10,s2,3.5324,OK,0
13755,2026-09-17,s11,-1.6311,BAD,2
13756,2026-02-15,s14,-6.6769,ok,2
13757,1751650153,s3,6.3418,good,1
13758,2026-09-19,s24,-5.633,good,2
13759,2026-07-17,s40,3.8894,OK,1
13760,1748167348,s13,-1.2606,,0
13761,1748476745,s37,2.1436,ok,0
13762,2026-02-19,s18,-2.5826,OK,0
13763,1747205149,s39,-4.2708,,2
13764,2026-06-15,s20,-3.6111,,2
13765,1776423160,s30,-4.7545,good,2
13766,2026-08-17,s4,-1.2743,OK,2
13767,2026-05-16,s19,-3.3067,OK,0
13768,1773910953,s5,-2.4473,BAD,2
13769,2026-08-13,s33,2.8363,ok,0
13770,1777831964,s25,2.8896,BAD,1
13771,1770697986,s2,0.2179,good,0
13772,2026-08-18,s34,2.8245,,0
13773,1767158077,s33,4.0138,,1
13774,2026-03-14,s36,-1.3608,ok,2
13775,2026-01-14,s32,4.3617,OK,0
13776,2026-07-14,s33,-1.7405,BAD,2
13777,2026-08-19,s28,-2.593,,2
13778,2026-01-19,s16,-4.401,OK,2
13779,1774136979,s11,-3.5965,OK,2
13780,1722356608,s30,5.5653,ok,1
13781,1731181173,s39,-0.3134,BAD,0
13782,1747003011,s32,-4.302,,2
13783,2026-02-14,s22,-5.0255,ok,2
13784,1705751264,s26,2.3437,ok,0
13785,2026-08-12,s32,2.5712,,1
13786,1762531853,s2,5.716,good,1
13787,2026-09-14,s39,-0.1782,ok,2
13788,2026-07-16,s38,-0.5366,,0
13789,2026-03-15,s27,-3.2902,OK,2
13790,1716397567,s25,1.4917,OK,0
13791,2026-04-16,s20,-3.2898,,2
13792,1765640512,s28,0.4271,ok,0
13793,1752358806,s30,3.1079,BAD,0
13794,2026-02-14,s24,2.815,,1
13795,2026-03-13,s5,-1.1719,BAD,2
13796,1762810850,s13,2.3578,BAD,0
13797,1789069520,s39,6.3326,,1
13798,1769642393,s17,5.6038,ok,1
13799,1742591380,s4,0.0047,,0
13800,2026-02-11,s25,-4.1262,,2
13801,1771724758,s24,-2.265,,2
13802,2026-01-12,s12,-0.4484,BAD,2
13803,1784493327,s6,-0.6086,OK,2
13804,2026-04-12,s12,-7.3605,,2
13805,1742062666,s8,-4.15,,2
13806,1725545532,s1,-6.7392,BAD,2
13807,1755806508,s23,-2.7335,OK,2
13808,1755557313,s35,-3.6262,BAD,0
13809,1703023902,s6,2.8285,OK,1
13810,1718650610,s27,-4.108,ok,2
13811,1736301304,s8,0.8442,BAD,0
13812,2026-03-18,s33,-1.0401,OK,2
13813,2026-01-14,s23,-1.3985,BAD,2
13814,2026-04-11,s20,-5.0081,,2
13815,2026-04-16,s26,2.8428,,1
13816,1781368762,s17,,good,1
13817,2026-06-18,s3,-3.3359,OK,2
13818,2026-08-19,s18,-2.4334,BAD,2
13819,2026-07-19,s12,1.1178,BAD,0
13820,2026-01-11,s3,3.3854,OK,1
13821,1704892737,s23,-0.5422,good,2
13822,2026-08-11,s29,-3.3499,BAD,2
13823,2026-07-18,s3,-2.499,ok,2
13824,1704716939,s4,-5.0188,ok,2
13825,2026-01-11,s9,,BAD,2
13826,2026-04-15,s33,6.2549,BAD,1
13827,1778548384,s16,4.9747,ok,1
13828,1746165980,s26,7.6832,BAD,1
13829,1708739730,s23,2.6851,,0
13830,2026-07-18,s27,-1.832,ok,2
13831,2026-01-18,s20,1.8586,good,0
13832,2026-08-13,s3,5.7405,good,1
13833,2026-02-18,s28,2.8083,BAD,1
13834,1788568826,s16,0.9264,BAD,0
13835,1772116417,s21,4.3792,BAD,1
13836,1722629559,s10,0.832,ok,0
13837,2026-01-12,s38,-1.5591,,0
13838,2026-01-17,s8,,BAD,1
13839,1771335018,s18,8.1548,good,1
13840,2026-07-15,s32,5.6921,OK,1
13841,1766915690,s10,1.8933,,1
13842,2026-05-19,s11,-4.4572,ok,2
13843,1740635811,s26,-1.5394,OK,0
13844,2026-07-18,s1,5.1211,ok,1
13845,2026-02-19,s26,-5.376,OK,2
13846,1724561659,s26,3.8335,OK,1
13847,2026-02-19,s18,-3.5408,good,2
13848,1747059965,s9,0.579,BAD,0
13849,1702396115,s33,4.9702,good,1
13850,2026-04-17,s3,4.374,BAD,1
13851,1747600968,s29,-0.3295,OK,2
13852,2026-02-14,s4,0.6259,OK,0
13853,1749792056,s6,0.7891,,0
13854,2026-09-17,s34,4.0129,ok,0
13855,2026-07-18,s10,5.2703,OK,1
13856,1761208678,s24,2.0728,good,1
13857,2026-09-18,s7,-0.7696,ok,2
13858,1747210819,s24,-2.5467,,2
13859,1780039385,s28,-4.6779,BAD,2
13860,2026-05-14,s18,6.5833,good,1
13861,2026-07-15,s29,-2.8727,BAD,2
13862,1774335020,s1,-3.0789,ok,2
13863,2026-08-17,s23,1.7814,BAD,0
13864,2026-05-10,s22,4.0364,,0
13865,1716734055,s37,1.0512,ok,0
13866,2026-09-18,s24,-1.4881,ok,0
13867,1766360214,s27,3.2662,ok,0
13868,1709335415,s12,-4.5826,good,2
13869,2026-05-19,s40,-6.2666,,2
13870,2026-05-18,s33,-2.4764,BAD,2
13871,2026-08-11,s4,-1.2406,OK,0
13872,2026-09-19,s8,1.4364,ok,0
13873,1731972593,s10,3.5728,ok,0
13874,2026-07-11,s16,4.892,good,0
13875,1781149241,s32,3.5789,good,1
13876,1719128408,s18,4.6179,good,1
13877,1768356326,s24,3.1581,OK,0
13878,2026-08-14,s33,7.3883,good,1
13879,1734623982,s39,3.2182,ok,1
13880,1704075584,s39,0.7013,good,2
13881,1749621598,s8,-2.6327,ok,2
13882,1725422255,s4,,good,0
13883,1751556532,s23,-2.7573,OK,0
13884,1724540593,s24,-5.2363,BAD,2
13885,2026-05-16,s9,4.006,good,1
13886,2026-07-12,s32,-2.4714,BAD,2
13887,2026-09-17,s33,-1.2434,good,0
13888,2026-03-16,s7,1.4116,BAD,0
13889,2026-05-19,s16,-1.4545,OK,0
13890,2026-09-11,s39,,,0
13891,2026-01-15,s10,-3.4206,good,2
13892,2026-02-16,s36,-0.18,OK,0
13893,1745462591,s11,3.1781,ok,1
13894,1701968272,s39,-3.2274,BAD,2
13895,2026-07-10,s25,-5.4004,BAD,2
13896,1780365772,s14,3.8525,ok,1
13897,2026-05-19,s39,-2.7148,OK,2
13898,1759142969,s17,2.5089,ok,0
13899,1757253552,s35,1.2042,OK,1
13900,1786920824,s11,-0.8482,good,0
13901,2026-08-11,s34,2.4635,BAD,1
13902,2026-08-11,s12,-3.9845,,2
13903,1740039153,s29,6.8868,good,1
13904,1786084510,s5,2.4854,OK,1
13905,1706423196,s7,1.2984,ok,1
13906,1762296975,s31,-5.5357,good,2
13907,2026-02-16,s33,4.3252,,1
13908,1735539605,s1,-5.137,,2
13909,1723182083,s23,-3.1864,BAD,2
13910,2026-07-16,s10,4.3613,ok,1
13911,1721415728,s34,-5.1931,,2
13912,2026-03-18,s35,2.3165,,0
13913,1735957092,s17,2.8967,OK,1
13914,2026-04-14,s32,2.9769,,0
13915,1743318303,s32,-2.3621,ok,2
13916,2026-07-16,s5,2.3471,good,0
13917,1733442700,s1,-0.6398,good,0
13918,1769475739,s5,-2.1087,,2
13919,1768291980,s6,-1.471,,0
13920,1715469573,s1,2.3025,OK,0
13921,2026-05-10,s17,-3.1927,,2
13922,1712565201,s7,-1.4387,OK,2
13923,2026-01-17,s20,2.1252,OK,0
13924,1700493662,s9,5.9406,OK,1
13925,1757659056,s13,-0.0283,good,0
13926,2026-03-18,s16,0.1368,good,0
13927,1721251370,s36,3.8233,BAD,1
13928,2026-06-10,s5,-3.4579,ok,2
13929,2026-06-18,s1,3.8459,BAD,0
13930,1772014720,s21,-0.1329,,0
13931,1774782135,s36,-2.0489,BAD,2
13932,1722520621,s34,3.6637,,1
13933,1765098595,s31,2.1541,BAD,0
13934,1738556219,s31,-4.718,BAD,2
13935,2026-01-13,s16,1.3519,,0
13936,2026-02-19,s19,0.9512,,0
13937,2026-04-18,s31,-2.885,,2
13938,1709406532,s22,3.4071,BAD,1
13939,1715775694,s22,-4.5044,good,2
13940,1757015772,s13,-2.9718,,2
13941,1738576338,s19,-5.1037,,2
13942,2026-05-19,s27,3.9712,BAD,0
13943,2026-01-16,s8,3.7641,BAD,1
13944,1767077305,s39,2.8516,good,0
13945,2026-04-13,s32,-3.8789,ok,2
13946,2026-03-15,s22,-3.0616,ok,2
13947,1726075524,s23,3.6256,good,0
13948,1746381383,s24,5.1671,ok,1
13949,1754904994,s40,0.0536,,0
13950,1758540289,s19,-2.5499,BAD,2
13951,1741684733,s23,-2.6353,OK,2
13952,2026-04-11,s29,1.2425,ok,1
13953,1756329972,s17,4.9393,,1
13954,1714320545,s4,4.7831,OK,1
13955,2026-08-15,s28,-4.86,OK,2
13956,2026-07-17,s16,,OK,0
13957,1774288097,s20,-3.7661,,2
13958,2026-02-12,s29,1.4997,ok,0
13959,2026-07-15,s1,3.3963,BAD,0
13960,1773099084,s26,0.264,good,0
13961,2026-07-18,s31,2.6256,OK,0
13962,1747737125,s35,-5.1748,OK,2
13963,2026-02-10,s29,0.3437,,0
13964,2026-09-13,s10,-1.9248,BAD,2
13965,1751341372,s5,1.184,,0
13966,2026-02-18,s11,6.4725,ok,1
13967,2026-01-17,s35,-3.0526,ok,2
13968,1772456558,s6,-3.3091,ok,2
13969,1752304645,s5,-1.9028,OK,2
13970,1750281594,s26,2.2529,OK,0
13971,1733540280,s29,-4.0855,BAD,2
13972,2026-08-18,s6,4.437,ok,1
13973,2026-01-11,s24,-6.0926,good,2
13974,1783500753,s26,7.2299,ok,1
13975,1736767224,s35,7.0728,ok,1
13976,1788950209,s11,6.9918,ok,1
13977,1701982571,s7,3.918,ok,1
13978,2026-03-13,s36,0.7548,OK,0
13979,1783359237,s13,-0.908,good,0
13980,1763362156,s32,2.7577,ok,0
13981,2026-07-10,s23,-1.9796,BAD,2
13982,1766125554,s36,-1.9378,BAD,2
13983,1766185623,s32,-1.2534,good,2
13984,1722455956,s1,1.4296,OK,0
13985,2026-08-13,s11,-2.5036,,0
13986,2026-05-16,s18,-6.9684,BAD,2
13987,1715811043,s21,-1.0045,,2
13988,1772224341,s23,-6.9905,OK,2
13989,1718434715,s21,4.8475,,1
13990,2026-09-11,s31,0.5369,,0
13991,2026-07-10,s7,4.7976,BAD,1
13992,2026-05-11,s9,3.8971,OK,0
13993,2026-01-18,s28,6.5553,good,1
13994,1711752884,s23,5.3332,ok,1
13995,1732405558,s25,2.6263,good,1
13996,1742117894,s35,-0.2605,BAD,0
13997,1707443375,s8,3.2943,,0
13998,2026-05-19,s36,-1.3078,OK,2
13999,1741515629,s12,-0.6492,BAD,2
14000,1709967801,s7,0.9643,OK,0
14001,1724321115,s20,-4.2292,,2
14002,1737740094,s16,-4.7409,,2
14003,2026-07-17,s28,3.2722,good,1
14004,1731577475,s24,-0.0763,OK,0
14005,2026-07-18,s12,-2.1368,,2
14006,1789506197,s6,3.8006,good,1
14007,1752634714,s12,-1.1355,OK,2
14008,2026-07-13,s1,-3.7863,good,2
14009,2026-02-10,s26,3.5905,OK,1
14010,1787612184,s37,6.9656,good,1
14011,2026-05-13,s23,-1.5935,,0
14012,1774209712,s15,3.6932,,1
14013,2026-05-16,s6,-1.7116,BAD,0
14014,1757059199,s37,2.168,BAD,1
14015,1737258621,s26,3.633,OK,1
14016,1724651938,s39,-0.6932,good,0
14017,1731715380,s14,5.9322,good,1
14018,1746142054,s31,1.5501,,1
14019,2026-03-10,s3,1.6704,ok,1
14020,1727912771,s2,1.1705,BAD,0
14021,2026-03-11,s2,-5.0444,ok,2
14022,1718967028,s37,-3.3818,good,2
14023,2026-01-12,s18,4.7715,,1
14024,1785561972,s30,-4.8843,ok,2
14025,2026-05-14,s1,5.5861,ok,1
14026,1769187103,s18,-3.3137,,2
14027,1785835136,s17,-4.3382,OK,2
14028,1760640596,s16,4.7945,BAD,1
14029,2026-03-15,s33,-3.4346,ok,2
14030,2026-06-16,s34,6.4545,BAD,1
14031,2026-07-16,s39,1.5496,OK,0
14032,1709355767,s4,-2.7873,,2
14033,1777324744,s5,-6.6155,ok,2
14034,1708822141,s9,6.6632,good,1
14035,2026-04-18,s20,,,0
14036,2026-07-14,s24,4.5858,BAD,1
14037,1712360929,s7,-0.7273,good,0
14038,2026-09-11,s19,-0.7449,BAD,0
14039,2026-06-11,s36,5.0072,OK,1
14040,2026-02-18,s13,2.7212,OK,1
14041,1728848867,s23,0.2049,,0
14042,1765666695,s26,5.6451,good,1
14043,2026-03-15,s6,2.2259,OK,0
14044,2026-08-10,s36,-0.5258,good,0
14045,1707101235,s8,-1.8354,good,0
14046,2026-07-17,s17,6.6121,BAD,1
14047,1718797976,s30,3.9404,ok,1
14048,1778899272,s3,-0.9911,ok,0
14049,2026-01-17,s31,1.4826,,0
14050,1718364115,s27,0.1605,,0
14051,1753577350,s30,-1.3061,good,2
14052,1750650261,s35,-2.7583,good,2
14053,1738619557,s29,1.3925,OK,0
14054,1742976578,s8,1.6884,,0
14055,1758227414,s6,-1.4695,BAD,2
14056,2026-06-13,s25,0.6821,,2
14057,2026-01-17,s21,4.6434,OK,1
14058,1717946905,s31,-2.7567,OK,2
14059,1748555577,s3,-0.3854,good,2
14060,1703306076,s29,1.6176,BAD,0
14061,1735015672,s10,-2.165,BAD,2
14062,2026-04-10,s10,-2.5911,OK,2
14063,2026-05-11,s35,1.8946,,1
14064,1747140292,s28,-1.918,BAD,2
14065,2026-06-13,s25,4.8478,BAD,1
14066,2026-01-12,s5,-3.1123,,2
14067,2026-05-13,s18,-2.8779,ok,2
14068,1747241009,s23,-4.0673,good,2
14069,1739813445,s27,1.9705,,0
14070,1703744267,s22,-1.9658,ok,0
14071,1769584527,s5,3.4975,ok,1
14072,2026-05-17,s32,,good,2
14073,1731950689,s24,2.581,BAD,0
14074,2026-06-13,s27,3.1242,,1
14075,1777502404,s6,0.8,ok,0
14076,2026-05-13,s25,-3.3654,,2
14077,2026-02-13,s39,0.558,good,0
14078,1786165365,s5,,ok,1
14079,2026-02-16,s23,3.5366,OK,1
14080,1783521400,s12,3.5023,,0
14081,1706617109,s24,0.7477,BAD,0
14082,2026-02-10,s12,1.5843,good,0
14083,1737999491,s23,0.9844,,0
14084,1746699234,s34,-1.9281,,0
14085,2026-08-19,s22,1.812,BAD,0
14086,1743478207,s27,6.1471,good,1
14087,1748149674,s12,3.3182,ok,1
14088,2026-09-17,s4,3.4273,ok,1
14089,2026-07-11,s25,,ok,1
14090,2026-04-18,s4,-2.6061,good,2
14091,2026-02-18,s31,-3.4979,good,2
14092,1747497460,s6,-2.2147,good,2
14093,1707719699,s8,2.8737,,0
14094,1718435385,s26,-5.4664,,2
14095,2026-05-12,s13,5.7454,good,1
14096,2026-08-11,s16,-2.3039,OK,0
14097,1770914218,s10,2.3785,ok,0
14098,1725137610,s13,0.4635,OK,0
14099,1729533178,s11,1.9486,good,1
14100,2026-08-12,s9,5.9892,good,1
14101,1710946333,s5,-0.1444,OK,0
14102,2026-09-19,s27,-4.805,OK,2
14103,1724147976,s38,5.8679,ok,1
14104,1747842976,s18,0.6276,good,0
14105,1741702549,s1,8.1314,BAD,1
14106,1778355852,s6,2.9047,good,0
14107,2026-03-17,s27,0.9228,,1
14108,1742976778,s12,1.3267,OK,2
14109,2026-05-11,s24,3.6095,good,1
14110,1732264273,s24,0.5991,BAD,0
14111,1723251613,s15,4.5652,OK,1
14112,2026-03-12,s2,-1.2997,,0
14113,1770740851,s27,2.2609,OK,1
14114,2026-07-16,s26,-0.0493,OK,2
14115,1769145599,s38,0.6478,BAD,1
14116,2026-05-14,s14,,ok,2
14117,2026-03-16,s10,2.3081,ok,0
14118,1700811391,s32,1.272,ok,0
14119,2026-01-14,s13,,good,1
14120,2026-02-17,s33,,OK,2
14121,1748978945,s14,-3.7512,ok,2
14122,2026-01-10,s4,1.8127,,0
14123,1709267698,s1,2.6553,BAD,0
14124,1707748722,s13,-3.1204,BAD,2
14125,2026-03-11,s23,6.0812,,1
14126,1781689446,s23,0.9503,ok,0
14127,1748198824,s18,2.6621,ok,0
14128,1758134655,s13,3.1915,OK,1
14129,1749870437,s15,1.5359,BAD,0
14130,1773081004,s7,-0.1359,,0
14131,2026-05-16,s33,-0.3728,good,0
14132,1769746942,s21,-2.1155,ok,2
14133,1703871556,s20,,OK,0
14134,2026-06-17,s10,4.8555,ok,1
14135,1746739613,s34,-2.59,BAD,2
14136,2026-09-11,s31,0.0887,OK,0
14137,2026-06-11,s16,,ok,2
14138,2026-05-13,s38,0.5098,good,2
14139,1768281553,s33,-0.0435,,2
14140,1722879716,s24,-0.5946,OK,0
14141,1767786305,s11,-1.6732,OK,2
14142,1700871821,s12,1.2717,OK,0
14143,2026-01-15,s21,1.2664,BAD,0
14144,2026-03-16,s31,-4.8974,ok,2
14145,1709848508,s11,-5.0781,,2
14146,1707141671,s24,-1.9326,,0
14147,2026-01-16,s11,-4.5276,ok,2
14148,2026-03-19,s23,-4.3652,OK,2
14149,2026-01-12,s21,2.1107,BAD,1
14150,1771960807,s34,-0.1999,good,0
14151,2026-08-19,s23,-1.1053,,0
14152,1782911416,s30,-3.5627,OK,2
14153,1726557269,s28,-4.0261,BAD,2
14154,1731418225,s23,-1.8517,OK,0
14155,2026-07-10,s7,1.2143,ok,0
14156,1750417760,s34,0.3625,OK,0
14157,2026-06-15,s12,-2.1674,BAD,2
14158,2026-05-11,s40,-6.3197,OK,2
14159,2026-01-17,s3,5.2169,ok,1
14160,1777171400,s29,-0.882,BAD,0
14161,1727813543,s6,3.4047,,1
14162,1723025442,s20,,OK,2
14163,2026-05-16,s25,1.9799,OK,0
14164,1787075231,s32,0.9283,ok,0
14165,2026-05-13,s6,-4.7353,BAD,2
14166,1756117186,s10,-2.4784,ok,2
14167,2026-08-13,s25,2.2357,ok,0
14168,2026-01-14,s16,1.8697,OK,1
14169,1712315083,s31,-2.6475,good,2
14170,2026-07-11,s9,-2.4732,BAD,2
14171,1700856650,s22,2.4983,good,1
14172,2026-01-19,s29,0.3111,,0
14173,1743210252,s14,1.9909,ok,0
14174,2026-08-14,s22,6.0445,BAD,1
14175,2026-09-15,s38,4.507,good,1
14176,1714589800,s29,-1.9158,BAD,2
14177,1710043530,s37,-0.1191,good,0
14178,2026-08-10,s15,,,1
14179,2026-05-15,s27,5.4948,BAD,1
14180,1722907441,s14,,ok,0
14181,1784302153,s24,4.2224,good,1
14182,2026-06-11,s33,1.1231,ok,1
14183,1747075864,s29,3.0337,,1
14184,2026-09-15,s13,4.6012,OK,1
14185,1758700316,s38,-0.2811,good,2
14186,2026-03-12,s4,5.7656,ok,1
14187,1747667042,s15,6.8838,,1
14188,2026-02-14,s30,-3.5495,ok,2
14189,1723570298,s29,1.3641,ok,1
14190,1748039444,s23,-2.0866,good,2
14191,2026-02-19,s11,3.9456,good,1
14192,2026-05-13,s29,2.9416,good,0
14193,2026-06-18,s25,-3.5639,BAD,2
14194,2026-01-17,s10,-0.5117,BAD,2
14195,2026-07-16,s10,8.1422,,1
14196,1706203245,s21,2.8775,OK,1
14197,2026-08-11,s4,2.9148,BAD,1
14198,1713901560,s8,4.0032,BAD,0
14199,1769585866,s29,-3.0581,ok,2
14200,1777774078,s36,1.6417,BAD,1
14201,1723149586,s35,4.7289,good,0
14202,2026-03-12,s35,,OK,2
14203,1722741618,s18,1.9498,ok,0
14204,1729613899,s40,2.5036,,1
14205,1785460487,s9,-1.7801,ok,2
14206,1786889352,s9,-2.6794,OK,2
14207,1753308520,s23,7.0322,ok,1
14208,2026-03-16,s25,5.0074,BAD,0
14209,1734636244,s37,0.5746,BAD,0
14210,2026-08-12,s1,-2.8842,OK,2
14211,2026-04-12,s20,1.2706,BAD,0
14212,2026-02-11,s9,-1.5244,ok,2
14213,1763835740,s40,0.816,OK,0
14214,1701026717,s8,-1.687,BAD,2
14215,2026-06-19,s40,0.4934,OK,0
14216,2026-02-14,s40,-2.5447,,2
14217,1734634619,s8,-3.5621,good,2
14218,1775438796,s25,-2.9882,OK,2
14219,2026-03-19,s38,4.4919,good,1
14220,2026-05-12,s13,2.5566,good,0
14221,2026-02-13,s21,-4.5143,,2
14222,2026-03-16,s24,1.4599,,0
14223,2026-09-18,s10,-4.7895,,2
14224,2026-01-18,s24,3.4236,,1
14225,2026-08-16,s14,5.6861,BAD,1
14226,2026-07-13,s24,-1.2148,BAD,0
14227,1708290902,s10,,ok,2
14228,2026-02-15,s22,-2.3424,ok,2
14229,1782276079,s31,7.4909,ok,1
14230,2026-08-11,s39,4.6612,ok,1
14231,1729083844,s18,0.9166,ok,2
14232,2026-05-14,s17,0.4235,OK,0
14233,2026-06-11,s26,,OK,1
14234,2026-04-12,s5,-3.8307,BAD,2
14235,2026-06-14,s21,-3.797,BAD,2
14236,1781328272,s40,-5.5289,ok,2
14237,1763832394,s2,3.5794,BAD,0
14238,2026-07-10,s12,-5.8936,BAD,2
14239,2026-07-18,s4,,ok,0
14240,2026-04-15,s10,0.929,OK,0
14241,2026-09-19,s20,3.8272,OK,1
14242,1772714572,s5,3.0182,OK,0
14243,1774433849,s28,3.007,ok,0
14244,1777718173,s4,-1.2547,OK,2
14245,2026-06-13,s17,2.1688,OK,1
14246,2026-04-12,s12,4.1452,good,0
14247,2026-08-13,s36,4.7259,ok,1
14248,1745887987,s32,3.3172,ok,1
14249,1722698348,s37,2.9088,ok,0
14250,2026-08-12,s40,0.8696,OK,0
14251,2026-07-13,s15,-2.5948,good,2
14252,1783456509,s4,3.1806,ok,0
14253,1744243403,s11,-5.8593,OK,2
14254,1774814832,s29,-2.2922,OK,2
14255,2026-06-10,s16,0.926,OK,0
14256,2026-07-13,s12,-1.5624,,2
14257,2026-04-19,s16,,good,0
14258,2026-08-14,s4,-3.3526,,2
14259,2026-05-13,s29,1.3162,,0
14260,1722108486,s17,4.7785,,1
14261,1703333997,s19,1.1275,good,0
14262,2026-07-11,s23,2.003,OK,1
14263,2026-04-19,s21,3.1928,BAD,1
14264,2026-05-18,s17,5.2131,,1
14265,1756446708,s28,-3.6167,OK,2
14266,2026-04-14,s25,0.7167,,0
14267,1738194714,s17,-1.2178,ok,2
14268,1760984091,s40,-0.2569,BAD,0
14269,1786797402,s19,9.0414,OK,1
14270,1740810553,s35,-0.5527,,2
14271,2026-07-16,s22,3.6925,good,1
14272,2026-02-13,s27,-0.7201,good,0
14273,2026-04-14,s29,-2.778,ok,0
14274,2026-02-18,s14,2.9541,ok,0
14275,1701045684,s34,,BAD,1
14276,1748142138,s21,5.5077,BAD,1
14277,2026-03-12,s8,-1.534,BAD,0
14278,1716219255,s17,3.773,,1
14279,2026-05-11,s20,0.5239,,0
14280,1758950418,s10,0.8735,OK,0
14281,2026-04-12,s22,3.4036,BAD,1
14282,2026-05-19,s3,-3.7274,,2
14283,1741157868,s13,-5.9064,BAD,2
14284,1747790458,s19,-6.193,,2
14285,1701887903,s20,0.0897,ok,0
14286,1768960744,s3,7.9562,ok,1
14287,1765589189,s26,-2.4425,ok,2
14288,2026-04-13,s15,3.0821,,1
14289,2026-08-11,s17,-1.7659,,2
14290,2026-03-17,s33,3.6589,BAD,0
14291,1770858689,s37,6.0097,OK,1
14292,1743743230,s35,1.4221,OK,0
14293,2026-02-17,s1,0.8472,ok,0
14294,2026-06-11,s1,1.7586,good,0
14295,2026-05-10,s10,6.049,BAD,1
14296,1715355767,s29,1.6599,ok,0
14297,2026-01-17,s28,-1.5499,BAD,0
14298,2026-05-19,s20,4.9239,OK,1
14299,2026-05-14,s19,-2.8032,good,2
14300,2026-03-10,s8,-2.0194,ok,2
14301,2026-04-16,s33,4.0427,,1
14302,2026-04-15,s13,6.5413,BAD,1
14303,1713261341,s24,-1.8619,ok,0
14304,2026-05-12,s27,-1.9076,BAD,2
14305,1753122596,s31,-6.3277,ok,2
14306,2026-03-13,s8,3.7905,,1
14307,1760946690,s12,0.8774,BAD,0
14308,1787408941,s27,3.4603,good,1
14309,1741119243,s17,4.7682,good,1
14310,1724652477,s17,2.0949,OK,1
14311,1751356763,s22,-1.6017,ok,0
14312,2026-08-17,s10,2.8892,OK,0
14313,2026-08-19,s24,-2.9638,,2
14314,1726794233,s16,3.9689,ok,1
14315,2026-08-15,s31,-0.2826,ok,0
14316,2026-08-15,s6,4.0981,ok,0
14317,2026-04-12,s13,3.8439,BAD,1
14318,1752276306,s22,5.6543,,1
14319,1720992696,s23,1.8633,ok,1
14320,2026-07-13,s7,0.9851,ok,0
14321,2026-03-15,s39,7.5251,BAD,1
14322,2026-08-13,s38,6.4522,BAD,1
14323,2026-08-13,s3,3.9946,BAD,0
14324,1719021455,s7,4.954,,1
14325,1714285083,s14,4.6186,BAD,0
14326,2026-08-11,s32,3.4573,BAD,1
14327,1714122884,s18,-1.7559,ok,2
14328,2026-09-13,s37,-2.0606,,2
14329,1783055062,s23,,,2
14330,2026-08-15,s26,1.4274,,0
14331,2026-08-10,s12,-1.1353,good,2
14332,1748071227,s21,-5.8647,BAD,2
14333,2026-08-14,s15,2.5688,BAD,0
14334,1777611229,s22,4.1242,,1
14335,2026-03-10,s11,2.1125,good,0
14336,2026-04-16,s24,-5.1439,OK,2
14337,2026-08-11,s16,0.1691,OK,0
14338,2026-06-12,s38,0.7114,good,0
14339,2026-05-14,s18,1.6187,OK,0
14340,2026-04-17,s24,-4.4344,OK,2
14341,2026-04-14,s36,-1.2205,OK,0
14342,1774164103,s10,-3.0219,,2
14343,2026-09-18,s20,-5.2338,OK,2
14344,2026-01-12,s38,-4.659,BAD,2
14345,1777496877,s20,-1.8822,good,2
14346,1750619965,s36,-1.7585,BAD,2
14347,1771073728,s21,-2.219,OK,2
14348,2026-01-11,s15,-2.0448,BAD,2
14349,1749817145,s5,-2.9041,OK,2
14350,1735995961,s25,-0.5138,ok,2
14351,1752726635,s7,-0.5674,,2
14352,1777736486,s34,1.4744,ok,1
14353,1779828097,s3,-2.8622,,2
14354,1755863388,s20,1.1108,,0
14355,2026-07-17,s10,0.3228,good,0
14356,1732900455,s8,6.116,good,1
14357,1785414537,s17,,BAD,1
14358,2026-09-19,s15,,,2
14359,1723796023,s17,3.7116,ok,1
14360,2026-02-16,s9,2.0075,good,0
14361,2026-07-10,s35,7.4545,OK,1
14362,2026-09-10,s5,0.9148,good,0
14363,1777534363,s14,-2.444,OK,0
14364,2026-09-12,s28,5.1665,ok,1
14365,1708095447,s2,5.1247,,1
14366,1724678898,s21,1.7434,good,0
14367,2026-04-14,s14,6.0323,good,1
14368,1779429018,s35,0.4897,,0
14369,2026-01-11,s16,0.4454,good,0
14370,1722977031,s25,2.3386,good,1
14371,2026-07-13,s28,1.6196,BAD,2
14372,1771668406,s31,3.058,OK,1
14373,1758034244,s34,4.4909,ok,0
14374,2026-07-17,s6,2.0562,BAD,0
14375,2026-02-11,s7,-1.7948,ok,2
14376,1778916602,s8,-0.9415,OK,1
14377,1764836959,s35,1.5596,ok,1
14378,1773286096,s12,-1.8027,BAD,0
14379,2026-01-17,s36,1.043,BAD,1
14380,2026-03-19,s16,-0.1596,OK,0
14381,1769583740,s31,1.2598,ok,0
14382,2026-07-14,s38,-0.1841,good,2
14383,2026-02-13,s11,5.2529,,1
14384,2026-06-18,s2,1.9279,,0
14385,2026-08-14,s13,4.3041,BAD,1
14386,1787757378,s36,2.1712,,0
14387,1763479109,s6,2.9782,OK,1
14388,2026-02-16,s11,-1.5466,OK,2
14389,2026-03-14,s20,5.9275,OK,1
14390,2026-05-14,s38,-0.6979,BAD,2
14391,1717547956,s16,-0.1475,ok,2
14392,1709543790,s3,-3.0592,good,2
14393,1746144172,s10,-1.0314,OK,0
14394,1784867260,s11,5.7832,,1
14395,1743654037,s3,5.772,,1
14396,2026-05-15,s14,6.3244,OK,1
14397,2026-07-15,s34,-2.4892,good,2
14398,1732895921,s18,3.5759,BAD,1
14399,1765744045,s13,6.781,,1
14400,2026-03-11,s25,6.0544,ok,1
14401,2026-06-18,s26,-4.0282,OK,2
14402,2026-01-12,s35,3.4206,,1
14403,2026-09-17,s20,-6.593,OK,2
14404,2026-07-19,s4,3.8761,OK,1
14405,2026-03-15,s8,0.1079,ok,0
14406,1753448794,s7,-3.2293,BAD,2
14407,1768726835,s23,2.687,good,1
14408,1718456276,s9,-2.7902,,2
14409,1740095709,s27,2.5368,good,0
14410,2026-07-17,s30,-1.6005,OK,2
14411,1705440659,s27,1.8076,ok,0
14412,1701040441,s29,1.8604,ok,0
14413,2026-05-19,s12,3.3847,ok,1
14414,1755238293,s33,1.8394,,0
14415,2026-04-14,s7,-4.0477,ok,2
14416,2026-05-18,s2,7.1774,,1
14417,1711278338,s38,-1.3769,good,2
14418,2026-05-15,s17,-2.5078,BAD,0
14419,2026-08-11,s24,6.8165,BAD,1
14420,2026-04-19,s39,-5.5099,,2
14421,1775781028,s24,-3.8336,BAD,2
14422,1750344362,s27,0.1681,ok,0
14423,2026-06-18,s22,5.4816,ok,1
14424,1709354954,s35,4.1209,good,1
14425,2026-02-10,s11,3.0602,good,1
14426,2026-07-10,s14,-1.104,OK,2
14427,1755791875,s29,7.1035,OK,1
14428,1763325662,s17,2.4734,OK,0
14429,1766965994,s34,-0.2056,ok,0
14430,2026-09-13,s7,1.7017,good,0
14431,1703864473,s29,2.0708,OK,0
14432,2026-07-12,s38,0.7183,ok,0
14433,2026-02-16,s10,-0.7901,good,2
14434,1775248088,s5,-5.2817,ok,2
14435,1704311902,s29,-1.2832,good,2
14436,1776429501,s13,1.7861,ok,1
14437,1784880422,s2,3.618,,1
14438,2026-01-19,s19,4.6516,OK,0
14439,1714417172,s14,3.61,good,1
14440,1718278554,s3,-1.8816,BAD,2
14441,2026-07-17,s18,1.5222,BAD,0
14442,1755165475,s6,0.0968,,2
14443,1723514637,s24,2.5909,ok,1
14444,2026-02-13,s24,2.7035,OK,1
14445,2026-04-13,s11,,BAD,0
14446,2026-04-19,s33,-3.6994,OK,2
14447,1720022510,s5,1.0882,good,0
14448,2026-02-11,s14,3.0786,,1
14449,2026-06-16,s16,-3.84,OK,2
14450,1752379468,s33,-2.0989,ok,2
14451,2026-09-16,s34,-1.5462,,0
14452,2026-05-18,s29,3.0275,,1
14453,2026-08-10,s40,-2.0039,OK,2
14454,2026-03-13,s8,2.7816,,0
14455,2026-04-14,s34,-1.0368,BAD,0
14456,1748048284,s7,-1.2205,,0
14457,1787816108,s34,-2.8126,good,2
14458,2026-05-12,s11,7.1599,BAD,1
14459,1779516804,s18,2.4782,,0
14460,2026-07-16,s3,0.8915,ok,0
14461,1742829106,s20,-3.5822,OK,2
14462,2026-07-13,s5,-2.6706,,2
14463,1784888467,s29,1.7294,,2
14464,1714409539,s18,-2.3115,good,2
14465,1720504854,s33,3.9432,ok,1
14466,2026-01-10,s12,4.8812,good,1
14467,1707605708,s37,5.6729,ok,1
14468,2026-04-14,s20,-0.2037,OK,2
14469,2026-01-17,s22,1.0573,BAD,0
14470,2026-02-18,s15,1.0005,BAD,0
14471,1744244415,s18,-0.0189,,2
14472,2026-01-11,s33,-0.0014,ok,0
14473,1775710687,s31,4.4001,ok,1
14474,2026-03-11,s38,-6.2302,ok,2
14475,1727045057,s24,-2.6505,BAD,2
14476,1761697385,s9,1.1319,ok,1
14477,1716398872,s22,-0.8506,,0
14478,2026-01-14,s28,-3.1788,BAD,2
14479,2026-03-14,s18,3.6398,good,1
14480,1755574588,s35,,good,2
14481,2026-02-12,s3,-1.4405,,2
14482,1732621516,s1,-1.8046,BAD,2
14483,1733677127,s3,2.1443,,0
14484,1770810530,s10,6.175,ok,1
14485,2026-09-11,s8,-0.1855,ok,2
14486,2026-03-15,s30,2.0201,BAD,0
14487,1700901079,s23,-2.1941,,0
14488,1740383776,s16,1.7187,OK,0
14489,1776200352,s21,-2.5984,,2
14490,1706218594,s18,-0.3785,,0
14491,2026-08-12,s2,-1.2793,BAD,2
14492,1776432089,s32,1.5354,ok,1
14493,1774759449,s35,-3.6496,good,2
14494,2026-09-15,s18,4.0227,OK,1
14495,2026-04-14,s11,6.2004,BAD,1
14496,1768787673,s38,3.595,,1
14497,1753710170,s39,-4.8067,,2
14498,1728844255,s16,,OK,0
14499,2026-01-15,s28,4.9888,OK,1
14500,2026-04-12,s12,-3.0335,BAD,2
14501,1726149248,s39,-2.9416,ok,2
14502,1735421880,s40,-3.0187,good,2
14503,1784357788,s20,1.8649,BAD,0
14504,2026-07-13,s30,-3.3072,OK,2
14505,2026-01-15,s14,-3.677,ok,0
14506,2026-04-13,s20,1.5851,OK,0
14507,1727113895,s40,-0.2213,good,0
14508,1710595030,s26,-4.466,,2
14509,2026-05-13,s18,-2.3017,OK,0
14510,1707804116,s37,-0.5132,good,0
14511,2026-06-13,s38,,,1
14512,1702867777,s22,-4.9749,,2
14513,2026-01-18,s39,4.7562,,1
14514,2026-04-14,s7,-3.8715,BAD,2
14515,2026-08-13,s28,1.9466,ok,0
14516,2026-05-14,s23,5.7044,OK,1
14517,1742659221,s20,-1.8838,BAD,2
14518,1748156419,s29,-3.1872,ok,2
14519,2026-02-15,s12,2.565,good,1
14520,1713211692,s34,-1.0348,BAD,0
14521,1778308477,s32,2.5785,OK,1
14522,2026-02-16,s17,-0.2921,OK,0
14523,1787571290,s7,3.4371,good,1
14524,1713310799,s7,-0.7258,,0
14525,2026-01-18,s13,5.0384,OK,1
14526,2026-02-12,s30,-6.6402,,2
14527,2026-04-11,s14,-4.5671,,2
14528,1745641387,s9,4.8022,,1
14529,2026-02-19,s33,-2.0431,good,2
14530,1719217748,s7,4.1982,BAD,1
14531,1732231457,s32,-3.1125,BAD,2
14532,1780689817,s24,-2.4856,good,0
14533,2026-08-17,s31,-1.2054,BAD,2
14534,1715694057,s33,1.213,good,0
14535,2026-08-15,s32,,BAD,2
14536,2026-08-19,s24,1.9376,BAD,0
14537,2026-06-15,s13,2.7067,,1
14538,1753083622,s4,-1.52,BAD,0
14539,2026-08-14,s29,-1.9841,OK,2
14540,2026-03-10,s40,7.1517,OK,1
14541,1703225002,s21,0.9474,OK,0
14542,2026-01-16,s22,-3.7638,BAD,2
14543,1746896945,s7,,ok,1
14544,1730655156,s24,-3.2468,OK,2
14545,1730187094,s23,,,2
14546,2026-07-18,s21,-6.5622,ok,2
14547,2026-09-17,s32,-4.8472,OK,2
14548,2026-04-19,s26,-1.7569,BAD,0
14549,1779077273,s16,-1.5262,OK,0
14550,1704983992,s31,-4.4162,ok,2
14551,1735623208,s4,2.277,OK,1
14552,2026-09-14,s38,-2.8288,OK,2
14553,2026-06-12,s40,1.7723,good,0
14554,1762213114,s29,2.0118,ok,1
14555,2026-03-11,s13,-0.3891,BAD,2
14556,2026-05-16,s38,-3.6669,,2
14557,1724889013,s5,,ok,2
14558,1756147499,s36,-2.295,OK,2
14559,2026-09-11,s37,3.9726,ok,1
14560,2026-06-11,s21,-1.3824,ok,2
14561,1763011645,s1,4.0784,good,1
14562,2026-03-14,s7,-1.693,BAD,0
14563,1745567720,s33,5.78,good,1
14564,2026-08-10,s39,-3.2215,OK,2
14565,1739345535,s32,3.7781,,1
14566,2026-05-17,s40,-0.5418,BAD,0
14567,1719410238,s20,2.7673,OK,0
14568,2026-01-15,s34,-5.7391,OK,2
14569,2026-03-17,s7,0.4098,good,1
14570,2026-04-12,s40,4.9341,ok,1
14571,2026-09-14,s13,-2.4546,BAD,2
14572,1771277426,s36,6.6993,ok,1
14573,2026-04-15,s38,2.2915,ok,0
14574,1718829642,s7,4.7329,OK,1
14575,2026-04-14,s30,-6.0572,BAD,2
14576,1767536273,s26,-5.4779,ok,2
14577,1776780311,s11,-4.7863,ok,2
14578,2026-06-17,s6,1.7247,OK,0
14579,1724997179,s2,5.5324,OK,1
14580,1766093679,s5,0.0345,BAD,0
14581,1722797064,s3,-1.8523,good,2
14582,1772560218,s6,-3.8541,BAD,2
14583,1710972623,s32,,ok,0
14584,1752469749,s3,3.6786,OK,1
14585,1741829841,s31,4.2553,good,1
14586,2026-03-19,s28,4.9319,OK,1
14587,2026-02-10,s36,1.8683,OK,0
14588,1777934934,s10,1.4656,ok,0
14589,2026-01-19,s10,8.2128,good,1
14590,2026-06-13,s36,-2.3634,BAD,2
14591,1728562147,s21,3.5723,ok,1
14592,1783338494,s9,5.106,good,1
14593,2026-03-17,s15,2.7633,good,0
14594,2026-02-17,s25,1.027,ok,0
14595,1714201841,s28,7.9644,ok,1
14596,1734954361,s17,0.3015,good,0
14597,2026-06-16,s26,-0.2816,,2
14598,1756838844,s26,1.9941,ok,0
14599,2026-09-14,s35,6.8878,OK,1
14600,2026-02-10,s28,-1.0151,good,0
14601,1747697852,s4,-0.2232,good,0
14602,1752485205,s28,-3.3217,,2
14603,2026-06-11,s29,0.2108,ok,0
14604,2026-01-14,s32,4.1917,,1
14605,2026-06-16,s13,7.2005,good,1
14606,1721639170,s10,4.3925,ok,1
14607,1723585446,s24,3.0915,good,1
14608,2026-09-14,s27,4.492,good,1
14609,2026-04-15,s37,3.6826,,1
14610,2026-05-15,s8,3.1572,BAD,1
14611,1731948355,s21,2.9869,BAD,1
14612,1706890953,s32,-2.8619,,2
14613,2026-06-16,s31,2.5387,ok,0
14614,2026-09-19,s17,-0.4312,BAD,0
14615,2026-05-13,s21,-3.469,BAD,2
14616,2026-08-17,s23,-3.0416,ok,2
14617,1734153773,s29,0.8913,OK,0
14618,2026-06-16,s14,2.1254,good,0
14619,1780964249,s21,2.698,ok,0
14620,2026-08-14,s9,-2.4844,OK,2
14621,1712512524,s26,4.5654,,1
14622,2026-07-17,s34,-3.3611,good,2
14623,1787096677,s38,3.9857,OK,0
14624,2026-03-16,s23,-3.4148,good,2
14625,2026-02-14,s24,1.8535,good,0
14626,1762028762,s16,2.2624,OK,1
14627,2026-09-17,s11,-0.3435,ok,2
14628,1702341011,s31,-2.4952,ok,2
14629,2026-02-11,s35,5.1769,,0
14630,2026-09-10,s9,7.0408,,1
14631,2026-03-16,s7,4.1623,good,1
14632,1732969060,s7,2.2472,ok,0
14633,2026-07-10,s27,4.0274,,1
14634,1745842809,s12,0.036,ok,0
14635,1771416180,s9,1.4224,OK,0
14636,1723916821,s37,0.2945,OK,0
14637,1704763740,s28,0.6298,,2
14638,2026-03-15,s21,-6.576,BAD,2
14639,1703284259,s33,3.6555,BAD,1
14640,2026-03-12,s19,-3.0762,good,0
14641,1767493021,s5,6.1134,ok,1
14642,2026-06-14,s13,-2.9274,OK,0
14643,2026-01-17,s34,-3.0239,ok,2
14644,2026-02-14,s18,,OK,0
14645,1774109993,s20,1.2815,good,1
14646,1738088731,s1,1.8191,good,0
14647,1704131931,s12,-4.1518,good,2
14648,1713317507,s23,1.7516,ok,0
14649,2026-03-18,s9,-5.3341,good,2
14650,2026-09-14,s8,5.6724,BAD,1
14651,1734297995,s3,-5.6217,good,2
14652,1772579329,s24,5.6064,ok,1
14653,1734690997,s3,-2.0316,OK,2
14654,2026-01-12,s13,0.9947,BAD,2
14655,2026-09-15,s15,0.8646,OK,2
14656,1778167099,s29,2.7591,OK,0
14657,2026-05-12,s18,6.7947,,1
14658,1709366534,s19,-5.029,,2
14659,2026-05-10,s34,-1.6404,OK,2
14660,1720289494,s28,7.0615,OK,1
14661,2026-09-14,s20,-2.8457,ok,2
14662,1729769174,s33,-1.2053,BAD,2
14663,2026-07-18,s2,6.4209,OK,1
14664,1733502575,s7,3.0242,good,0
14665,2026-01-15,s30,1.5336,ok,0
14666,2026-08-17,s38,-0.2653,,0
14667,2026-03-17,s17,-2.0224,,2
14668,1772425728,s18,5.1266,,1
14669,1759409145,s29,3.2149,BAD,1
14670,2026-03-13,s6,4.2232,BAD,1
14671,1721419317,s35,-6.5956,,2
14672,2026-06-14,s39,5.872,ok,1
14673,2026-09-12,s17,1.9855,OK,0
14674,2026-06-19,s27,2.3618,BAD,0
14675,2026-03-18,s9,-2.3191,good,2
14676,2026-03-16,s35,3.9023,good,1
14677,2026-02-14,s36,1.704,OK,1
14678,2026-09-16,s3,7.9404,ok,1
14679,1758649463,s24,4.7349,ok,1
14680,1740121479,s16,-0.7329,good,0
14681,1787058024,s30,-2.8646,BAD,0
14682,2026-01-19,s31,-1.6468,OK,0
14683,2026-06-13,s38,-1.9825,BAD,2
14684,2026-09-16,s32,4.3703,BAD,0
14685,1737245739,s38,-0.136,OK,2
14686,2026-09-19,s27,-3.6368,ok,2
14687,1752592572,s37,2.997,BAD,0
14688,1705325818,s10,2.2275,,1
14689,2026-02-19,s2,-5.6292,good,2
14690,1750744402,s20,6.4733,,1
14691,2026-07-11,s26,-1.3379,ok,2
14692,1772632627,s35,-0.1459,ok,0
14693,1766081032,s10,4.1811,OK,1
14694,1726842446,s24,-3.0813,ok,2
14695,2026-07-18,s30,1.6023,,0
14696,1723706864,s1,4.2152,BAD,1
14697,1759432204,s14,1.1115,ok,0
14698,2026-01-13,s28,6.048,BAD,1
14699,1745395822,s26,-1.9909,,0
14700,2026-06-18,s32,3.1867,good,1
14701,2026-08-18,s22,-1.0974,good,2
14702,2026-08-12,s7,8.3002,OK,1
14703,1739198596,s11,-2.674,good,2
14704,2026-05-13,s28,0.664,good,0
14705,2026-03-12,s2,6.6517,ok,1
14706,2026-02-19,s20,-1.1797,good,2
14707,1761544049,s16,0.4483,ok,0
14708,1701675429,s34,-3.0385,BAD,2
14709,2026-09-11,s8,3.347,OK,0
14710,2026-04-17,s27,3.2869,OK,1
14711,2026-09-11,s10,-2.4839,good,2
14712,1751520937,s29,1.2692,ok,0
14713,2026-08-15,s16,1.8342,ok,0
14714,2026-02-15,s25,2.3915,good,0
14715,2026-08-10,s29,-3.5668,OK,2
14716,1752253680,s38,-5.7857,BAD,2
14717,1705117961,s32,5.8902,OK,1
14718,1760059905,s35,,ok,1
14719,2026-02-17,s40,4.9276,good,1
14720,1757037953,s8,5.2909,OK,1
14721,1712255854,s39,-2.2675,ok,2
14722,2026-09-19,s6,-5.8291,OK,2
14723,2026-05-12,s27,1.5514,OK,0
14724,1703090835,s39,0.9978,BAD,0
14725,1748356879,s35,1.5204,good,0
14726,2026-05-11,s16,-3.1331,,2
14727,1746674143,s18,5.8122,OK,1
14728,1741359465,s23,0.0957,BAD,2
14729,1783942427,s15,,OK,2
14730,1719876314,s12,-0.071,OK,0
14731,2026-07-15,s28,-5.6763,ok,2
14732,2026-09-12,s16,-3.5834,ok,0
14733,1778138538,s28,8.2149,,1
14734,2026-08-17,s7,1.0235,good,0
14735,2026-09-11,s15,-0.0471,good,0
14736,2026-04-11,s29,0.4403,OK,2
14737,1714596858,s10,4.1819,OK,0
14738,1718867220,s36,-0.1822,BAD,1
14739,1715873708,s23,-3.6569,BAD,2
14740,1782326028,s23,2.677,,0
14741,1752676616,s9,6.0942,good,1
14742,1743011652,s1,2.9507,ok,0
14743,2026-05-10,s19,0.8976,OK,0
14744,1743575992,s31,-5.8041,ok,2
14745,2026-05-14,s40,8.4292,ok,1
14746,2026-09-14,s4,5.3219,ok,1
14747,1760190062,s15,3.7982,OK,1
14748,2026-06-10,s8,-2.4131,BAD,2
14749,2026-06-19,s19,,good,2
14750,1755873346,s28,-0.7491,BAD,2
14751,2026-05-17,s32,,BAD,0
14752,2026-06-17,s37,3.073,,1
14753,1745562222,s37,-1.7706,ok,0
14754,1786997745,s19,1.6305,OK,0
14755,2026-08-11,s32,6.5816,,1
14756,2026-09-19,s38,4.8671,,0
14757,2026-09-17,s18,-4.5615,BAD,2
14758,1720215877,s5,-1.8248,OK,2
14759,1783715346,s10,3.7692,ok,0
14760,2026-08-10,s37,-0.9979,ok,2
14761,1728699020,s20,-0.9503,good,2
14762,1752790462,s7,2.4184,OK,0
14763,1775527251,s7,1.3945,,0
14764,2026-03-11,s4,-1.4333,,0
14765,2026-07-10,s40,-0.5045,OK,0
14766,2026-02-13,s18,-4.7665,OK,2
14767,1768173174,s4,-1.9972,good,2
14768,1700034409,s9,-4.0773,BAD,2
14769,1782160879,s7,-5.1031,OK,2
14770,2026-01-17,s19,0.5735,,0
14771,1750380919,s9,-1.2059,BAD,2
14772,2026-04-11,s6,-2.2893,,2
14773,1763737592,s21,-1.6781,ok,0
14774,2026-03-19,s22,2.2729,good,0
14775,2026-03-17,s20,1.4592,good,1
14776,1777076409,s35,-5.0624,ok,2
14777,1731201928,s34,4.9167,BAD,1
14778,2026-03-19,s19,5.2644,BAD,1
14779,2026-05-11,s15,-0.4018,good,2
14780,1785353664,s26,-1.9889,good,2
14781,2026-03-18,s5,,ok,1
14782,2026-09-15,s15,-2.077,good,2
14783,2026-08-10,s28,3.3646,OK,1
14784,1707441346,s7,2.5242,OK,0
14785,1736741658,s14,-3.2468,good,2
14786,1779915111,s29,-4.7976,BAD,2
14787,1740773713,s33,-5.5525,good,2
14788,2026-03-18,s3,-3.8936,,2
14789,2026-06-11,s4,3.7021,,1
14790,2026-02-13,s18,0.7247,ok,0
14791,1750261348,s6,-0.4453,OK,2
14792,2026-08-17,s26,4.5872,BAD,1
14793,2026-06-19,s25,-4.4361,ok,2
14794,1763677698,s6,3.5066,good,0
14795,1784830146,s17,1.3143,good,0
14796,2026-08-15,s38,6.2493,,1
14797,1725492147,s39,2.4999,BAD,0
14798,2026-03-19,s16,3.9524,ok,1
14799,1707028692,s11,6.0977,OK,1
14800,2026-08-14,s36,-1.4575,good,0
14801,1769910025,s26,2.5309,good,0
14802,1728845270,s11,3.9335,BAD,1
14803,1738662000,s20,-1.6598,,2
14804,1789354585,s3,-3.018,,2
14805,1771933109,s4,-1.653,ok,0
14806,2026-06-19,s1,3.6792,ok,1
14807,1741101316,s33,-4.7434,good,2
14808,1716515019,s34,4.7875,good,1
14809,1736981339,s32,-6.5708,ok,2
14810,1789863728,s15,-5.0447,good,2
14811,2026-06-15,s39,4.81,BAD,1
14812,1770777978,s10,3.8909,good,1
14813,2026-02-11,s15,1.5301,BAD,1
14814,1729065103,s6,-1.4055,ok,0
14815,1754903599,s17,4.7621,,1
14816,1785756613,s40,2.0649,OK,0
14817,1772040686,s20,1.1697,OK,1
14818,1742157614,s28,3.0722,,1
14819,2026-05-17,s15,7.2321,,1
14820,2026-03-19,s18,-1.7442,BAD,2
14821,1756814010,s8,1.3527,ok,1
14822,2026-08-19,s38,-1.5393,OK,0
14823,2026-01-10,s5,1.8113,ok,0
14824,2026-07-14,s23,4.7728,,1
14825,1706125934,s36,4.5328,BAD,1
14826,2026-03-19,s36,-6.1956,good,2
14827,2026-04-11,s12,4.5095,OK,1
14828,2026-04-13,s39,1.3698,good,0
14829,2026-08-13,s40,3.4575,good,0
14830,2026-09-11,s16,-5.4971,ok,2
14831,2026-03-18,s14,-2.6287,ok,0
14832,1750503870,s5,7.755,,1
14833,1786136386,s36,7.2242,OK,1
14834,1701891474,s24,-2.3225,good,2
14835,1701706479,s10,0.5566,,0
14836,1752689330,s12,0.4719,good,0
14837,1726851903,s18,5.2271,good,1
14838,2026-07-14,s7,0.8833,,0
14839,2026-04-18,s19,-3.1987,OK,2
14840,1706831771,s25,6.1391,ok,1
14841,1706475397,s16,3.7565,ok,1
14842,1748995089,s9,-4.775,good,2
14843,1742281353,s12,5.7616,OK,1
14844,1708349592,s12,3.9685,BAD,1
14845,1718301187,s36,4.0905,,1
14846,1745208774,s38,6.0046,ok,1
14847,2026-02-14,s15,-0.8724,ok,2
14848,2026-03-15,s21,-1.1354,ok,0
14849,2026-05-10,s26,4.8646,OK,1
14850,1742037812,s39,,,2
14851,1714176228,s2,0.0293,,0
14852,2026-03-18,s17,4.2782,,0
14853,1746968245,s14,-1.0666,OK,2
14854,1756004067,s38,1.8635,BAD,2
14855,1729124157,s1,1.369,good,0
14856,2026-09-12,s26,-2.0744,,2
14857,1714110382,s39,7.2184,good,1
14858,1745191468,s36,1.0068,,0
14859,1713536813,s19,6.0263,ok,1
14860,2026-08-11,s27,-0.1537,ok,0
14861,2026-08-19,s15,2.959,OK,0
14862,1766300177,s35,-4.2355,ok,2
14863,2026-05-19,s37,-3.0513,BAD,2
14864,1727512709,s22,3.3126,good,1
14865,2026-07-10,s28,-1.9642,OK,2
14866,2026-08-16,s34,1.8758,,1
14867,1767363387,s17,3.6623,ok,1
14868,2026-08-11,s17,3.5683,ok,0
14869,2026-08-10,s2,4.2688,BAD,1
14870,1730299910,s28,0.1541,good,0
14871,2026-03-15,s9,2.2533,,0
14872,1733816846,s5,5.8162,ok,1
14873,2026-06-15,s34,2.1537,good,2
14874,2026-07-15,s19,-2.0415,OK,0
14875,2026-07-14,s8,,,2
14876,1783290174,s2,-1.0054,good,2
14877,1721621366,s5,-4.4651,,2
14878,2026-05-13,s15,0.4912,BAD,1
14879,1754915181,s21,-4.3423,good,2
14880,2026-05-15,s39,-6.4523,,2
14881,2026-06-13,s13,1.9864,OK,0
14882,1728624595,s27,-4.0295,BAD,2
14883,2026-05-13,s32,3.6302,ok,0
14884,2026-08-18,s25,2.0613,,0
14885,1743870744,s15,-4.3787,ok,2
14886,1781621701,s30,1.2012,,0
14887,1778510859,s24,3.1556,ok,1
14888,1768068777,s6,0.9794,OK,0
14889,2026-02-11,s15,1.4924,BAD,0
14890,1726890154,s29,3.1477,BAD,0
14891,2026-04-14,s7,-5.4221,,2
14892,2026-04-15,s24,3.6345,BAD,1
14893,1765072803,s9,6.8443,,1
14894,1746168067,s22,,BAD,1
14895,2026-07-12,s20,2.0089,good,1
14896,2026-03-12,s14,-1.3361,ok,2
14897,2026-08-19,s10,3.8083,good,1
14898,2026-09-15,s32,4.9347,good,1
14899,2026-04-17,s23,,,0
14900,1716898116,s21,1.8741,BAD,1
14901,1741422533,s23,-2.7616,BAD,0
14902,1722120591,s40,-0.3197,good,0
14903,1720218641,s8,-3.665,ok,2
14904,1785132011,s8,2.1423,OK,0
14905,2026-06-15,s13,0.35,good,0
14906,1730573353,s35,5.9759,OK,1
14907,2026-04-19,s12,-3.0355,BAD,2
14908,2026-05-17,s39,-3.5966,ok,2
14909,1703109718,s3,0.6457,BAD,0
14910,1776284550,s8,-3.4787,BAD,2
14911,2026-01-15,s35,-1.0459,,2
14912,2026-03-11,s32,2.4203,,1
14913,2026-09-12,s34,1.9529,,1
14914,2026-03-14,s36,4.8429,BAD,1
14915,2026-03-12,s17,2.4665,ok,1
14916,2026-01-10,s39,4.0891,BAD,1
14917,1786758523,s38,0.1657,BAD,0
14918,1789878947,s39,-6.1433,ok,2
14919,2026-07-17,s13,-2.5515,OK,2
14920,2026-03-15,s8,4.8514,,1
14921,2026-07-16,s31,5.4135,ok,1
14922,1717536302,s29,4.5397,ok,1
14923,1706898710,s39,5.1626,ok,1
14924,1768996044,s40,-1.6672,OK,2
14925,1705253395,s24,-3.9443,ok,2
14926,2026-02-11,s38,2.6228,good,0
14927,1788833346,s25,-4.1246,,2
14928,2026-03-10,s5,-6.1246,,2
14929,1788974392,s19,2.8157,ok,0
14930,1732926026,s37,2.3958,OK,1
14931,2026-02-13,s9,6.4588,good,1
14932,2026-06-17,s27,0.9871,OK,0
14933,2026-03-15,s24,0.0308,BAD,0
14934,1711864674,s32,-0.6722,good,2
14935,1746381573,s17,3.2118,BAD,0
14936,1773703507,s37,1.0252,OK,0
14937,1726132818,s9,-1.0,BAD,0
14938,2026-09-13,s26,4.4701,BAD,1
14939,1771414752,s8,0.2347,OK,0
14940,2026-01-15,s9,1.5745,OK,0
14941,2026-01-19,s26,-4.0839,BAD,2
14942,2026-05-10,s12,7.3856,good,1
14943,2026-09-10,s10,3.8058,OK,1
14944,1757177020,s28,3.3933,BAD,1
14945,1722741658,s26,-5.3672,BAD,2
14946,2026-06-11,s15,0.0788,,0
14947,2026-08-10,s33,3.0639,BAD,0
14948,2026-06-14,s34,0.495,ok,0
14949,2026-01-17,s34,2.3577,good,0
14950,2026-03-11,s8,4.6968,ok,1
14951,1750494692,s19,4.1903,BAD,1
14952,2026-05-11,s25,,ok,2
14953,1767069523,s5,4.9533,BAD,1
14954,1785330930,s23,6.0585,good,1
14955,1723570602,s18,-1.3476,BAD,0
14956,2026-05-17,s8,-1.7822,OK,2
14957,2026-07-15,s5,2.5884,,0
14958,2026-03-17,s12,5.203,BAD,1
14959,2026-07-16,s40,3.3303,ok,0
14960,1787336595,s36,1.3578,,0
14961,1776842880,s22,6.0157,OK,1
14962,2026-08-18,s28,-1.8718,OK,2
14963,1711778057,s18,4.1859,,1
14964,1752185801,s35,-2.3772,OK,0
14965,1711932635,s37,5.9522,good,1
14966,2026-03-15,s25,3.5562,,1
14967,2026-08-16,s38,0.2938,BAD,0
14968,2026-04-10,s40,1.2425,,0
14969,2026-08-18,s36,5.4082,good,1
14970,1709773023,s12,0.97,good,0
14971,2026-02-17,s19,-1.6202,good,2
14972,1762563876,s37,-2.3408,good,2
14973,2026-03-10,s23,4.4955,ok,1
14974,1768737725,s3,7.3709,,1
14975,1742281140,s6,0.1332,,2
14976,2026-08-11,s37,-1.0143,ok,2
14977,1719755836,s40,3.8282,BAD,1
14978,1735342542,s28,-3.4726,BAD,2
14979,2026-08-17,s10,2.1364,BAD,0
14980,1711750328,s3,0.8326,OK,0
14981,2026-06-15,s8,-1.0295,good,2
14982,1723528354,s7,-4.7741,OK,2
14983,1726357728,s29,-1.2951,good,2
14984,1717057503,s9,,BAD,1
14985,1746987784,s28,-5.4192,,2
14986,2026-03-15,s9,5.4996,OK,1
14987,1766285949,s5,2.1857,ok,1
14988,2026-02-14,s25,1.978,BAD,0
14989,1723193374,s10,-1.271,BAD,2
14990,1752554659,s21,-0.008,OK,0
14991,2026-02-13,s5,7.4272,OK,1
14992,2026-07-12,s28,2.9829,,1
14993,1734057023,s17,3.3773,ok,0
14994,2026-06-17,s23,-2.6905,BAD,2
14995,1739358040,s40,3.4666,good,1
14996,1732328186,s6,-4.1437,OK,2
14997,2026-04-14,s17,1.4703,ok,0
14998,2026-01-14,s26,4.6876,BAD,1
14999,2026-04-11,s21,1.7078,,0
15000,1702503164,s16,3.372,,1
15001,2026-05-19,s24,-1.6907,,0
15002,2026-02-19,s33,3.6115,good,1
15003,1745526099,s19,1.4177,BAD,0
15004,1731773776,s24,7.8659,BAD,1
15005,1782443824,s34,3.2263,good,1
15006,1785364431,s15,4.3533,,1
15007,1704756266,s5,6.6782,BAD,1
15008,2026-03-17,s22,2.5571,OK,1
15009,1708352742,s24,-2.1984,OK,0
15010,2026-08-13,s27,5.932,BAD,1
15011,2026-04-18,s14,5.4108,BAD,1
15012,2026-02-18,s22,-0.6226,good,0
15013,2026-08-19,s26,1.4397,ok,0
15014,2026-05-19,s13,-3.6705,OK,2
15015,1743113176,s36,-1.5511,ok,2
15016,1765482899,s11,2.9315,,1
15017,2026-01-13,s27,-0.6442,ok,0
15018,1732077518,s2,7.009,OK,1
15019,1767121542,s30,7.2222,ok,1
15020,2026-04-10,s10,0.374,OK,0
15021,2026-06-16,s8,-1.693,good,2
15022,2026-04-15,s28,-1.1033,,0
15023,2026-04-13,s30,-8.3153,,2
15024,1788390376,s40,4.6082,good,1
15025,1742981269,s17,2.3419,ok,1
15026,2026-09-19,s17,4.5387,good,1
15027,2026-06-11,s22,-1.1562,OK,0
15028,1785772451,s29,-3.6077,,2
15029,1764184996,s22,-4.2124,,2
15030,1757975309,s9,5.7868,OK,1
15031,2026-04-10,s24,-4.0528,good,2
15032,1748484589,s2,-2.0787,,2
15033,2026-04-12,s16,1.2592,good,0
15034,1726870968,s26,4.2362,good,1
15035,1720292402,s31,2.9356,OK,0
15036,1745563600,s33,-1.4678,,0
15037,1715673205,s4,4.7706,BAD,1
15038,2026-07-16,s8,7.2553,OK,1
15039,2026-02-16,s3,1.6228,,0
15040,2026-06-15,s15,-1.3419,good,2
15041,2026-03-14,s5,3.4583,ok,1
15042,2026-06-11,s18,3.2962,good,0
15043,1775694919,s34,6.5874,BAD,1
15044,1716077114,s14,-3.833,BAD,2
15045,2026-02-12,s36,4.1135,good,1
15046,2026-08-11,s20,-3.2632,OK,2
15047,1743207529,s29,7.8664,good,1
15048,2026-03-11,s9,0.7597,ok,0
15049,2026-05-11,s23,,BAD,1
15050,2026-09-17,s15,0.8167,,0
15051,1707388300,s24,-2.5457,,2
15052,2026-05-10,s13,-3.2235,,2
15053,2026-08-14,s20,2.2469,,0
15054,2026-08-10,s13,5.2532,good,1
15055,1741885392,s34,7.6012,good,1
15056,1745200255,s1,-0.825,,0
15057,1772388626,s30,3.2417,,0
15058,1778661398,s3,0.8596,good,0
15059,2026-01-16,s24,-5.7852,BAD,2
15060,2026-04-16,s34,-5.9464,,2
15061,1748717680,s5,1.2966,ok,0
15062,2026-04-19,s8,-4.5677,ok,2
15063,2026-05-12,s6,5.0505,ok,1
15064,1713774685,s23,-4.2327,good,2
15065,1733472530,s12,,ok,2
15066,2026-07-13,s26,-5.0137,good,2
15067,1705022705,s15,-2.5066,good,2
15068,1703485625,s35,6.5171,ok,1
15069,1781701964,s33,-2.8371,,2
15070,1770675350,s5,6.1114,good,1
15071,1760046013,s30,0.2243,OK,0
15072,1723462758,s34,-4.2515,good,2
15073,1776174003,s23,0.7363,BAD,0
15074,1715603341,s27,2.4748,BAD,0
15075,1785790784,s12,-0.0477,BAD,0
15076,2026-03-18,s40,-0.1183,good,0
15077,2026-01-10,s33,-1.4831,BAD,0
15078,1744131316,s11,5.4821,ok,1
15079,1724296927,s22,5.0502,good,1
15080,1736560905,s33,0.2294,good,0
15081,1734837753,s40,2.4583,BAD,0
15082,2026-09-19,s35,4.0202,BAD,1
15083,1706905942,s32,2.3384,,1
15084,2026-06-15,s14,6.4379,ok,1
15085,1750269262,s17,-1.9895,good,2
15086,2026-02-17,s34,1.5382,ok,0
15087,2026-03-14,s32,-0.12,ok,2
15088,1781733511,s18,8.2516,OK,1
15089,1719724278,s19,1.6904,BAD,0
15090,1782720505,s40,0.9199,OK,1
15091,1754842342,s18,6.8135,OK,1
15092,2026-03-14,s36,5.6364,ok,1
15093,2026-06-18,s13,-0.705,ok,0
15094,2026-02-15,s6,-3.2551,,2
15095,1732596826,s14,-0.5517,,2
15096,1708811654,s12,,ok,2
15097,1723440104,s19,6.5367,BAD,1
15098,1734188020,s35,3.9375,,1
15099,2026-05-19,s11,1.241,BAD,0
15100,2026-07-14,s12,3.7021,OK,1
15101,2026-03-15,s37,-4.2964,ok,2
15102,1703559410,s27,3.4054,,0
15103,2026-07-13,s28,-0.4025,OK,2
15104,1740689832,s32,4.1655,,1
15105,2026-04-14,s13,2.096,ok,2
15106,2026-07-19,s28,5.2853,good,1
15107,2026-02-12,s36,-3.7081,good,2
15108,1742590089,s14,-2.5734,ok,2
15109,2026-09-16,s25,-5.1272,good,2
15110,1736852077,s4,-0.0699,OK,2
15111,1762658436,s29,-2.0499,ok,0
15112,2026-08-18,s1,3.3409,good,1
15113,1701538595,s17,-0.8156,ok,2
15114,1778480582,s9,-1.4663,BAD,2
15115,1756168175,s39,-5.09,BAD,2
15116,1721522734,s20,9.4367,OK,1
15117,1770938240,s40,0.4534,ok,0
15118,1756561093,s4,3.5201,,1
15119,1750197057,s25,2.7353,BAD,1
15120,1762071635,s26,1.8249,ok,0
15121,2026-06-16,s29,-0.0539,good,0
15122,1735978395,s4,-3.9691,good,2
15123,1758816403,s3,-2.3111,ok,2
15124,1780826047,s10,3.3169,ok,0
15125,2026-05-13,s8,-1.5931,OK,0
15126,2026-03-15,s20,-4.737,BAD,2
15127,2026-04-18,s5,-5.8453,good,2
15128,1777534215,s26,-0.5028,OK,0
15129,2026-07-10,s25,0.1381,good,0
15130,1718290935,s1,0.8618,ok,0
15131,1777473708,s20,1.8637,BAD,1
15132,2026-02-10,s3,5.0755,good,1
15133,2026-01-16,s31,2.6828,good,1
15134,1709700682,s14,2.7536,,0
15135,2026-08-13,s36,4.2771,,1
15136,2026-01-19,s5,2.9785,,0
15137,2026-02-19,s15,4.579,BAD,0
15138,2026-01-13,s8,3.2997,BAD,1
15139,2026-09-12,s19,,good,2
15140,2026-09-13,s34,0.6045,BAD,0
15141,1739920524,s32,1.7477,,0
15142,1765508625,s11,5.3233,OK,1
15143,2026-04-16,s18,3.9001,,1
15144,1724811445,s33,2.8074,ok,0
15145,2026-03-10,s15,0.9324,ok,0
15146,2026-04-12,s34,1.6587,,2
15147,2026-01-11,s33,0.9163,ok,0
15148,2026-08-16,s29,-3.1559,BAD,2
15149,1729422762,s37,-0.2167,good,2
15150,2026-05-14,s33,4.5748,BAD,1
15151,2026-01-15,s3,-0.2096,good,0
15152,2026-08-13,s38,-0.2478,,2
15153,2026-08-19,s32,0.8112,BAD,0
15154,2026-08-14,s30,-1.1909,BAD,2
15155,1709072161,s12,4.255,OK,1
15156,1727699799,s37,-0.5831,ok,2
15157,1735983083,s4,-2.0428,good,2
15158,1724214858,s1,4.2288,BAD,0
15159,1717579444,s33,2.2436,ok,1
15160,1749759473,s27,,,1
15161,1768408084,s4,-1.0958,good,2
15162,1710981870,s32,-3.6134,,2
15163,1720077750,s29,1.7009,,0
15164,1765160111,s36,1.3214,,2
15165,1712542522,s29,3.0747,,1
15166,1725222187,s33,-0.4561,,2
15167,1720040249,s32,7.6359,OK,1
15168,2026-08-12,s10,5.5734,,1
15169,2026-07-19,s19,-2.4816,BAD,0
15170,2026-05-10,s37,-0.5994,BAD,0
15171,2026-02-18,s31,0.8619,good,0
15172,2026-09-11,s12,5.5633,BAD,1
15173,2026-03-15,s35,1.6007,good,0
15174,2026-04-10,s16,-1.7102,,0
15175,1787597183,s11,-2.2883,OK,2
15176,1782490112,s35,-5.2032,good,2
15177,1778698772,s31,-2.1752,OK,2
15178,2026-09-18,s13,-2.9189,good,2
15179,1773593713,s13,2.9776,good,0
15180,1775378779,s7,0.8682,,0
15181,2026-01-11,s27,4.1657,OK,1
15182,2026-08-14,s23,6.5566,,1
15183,2026-08-19,s32,-1.1486,,0
15184,1760067004,s8,-4.4967,OK,2
15185,2026-08-10,s22,1.2276,OK,1
15186,2026-02-16,s33,-0.1164,BAD,0
15187,1757390332,s11,1.4831,BAD,1
15188,2026-05-11,s13,,ok,2
15189,1787669685,s10,4.3217,BAD,1
15190,1785823549,s37,-4.4365,good,2
15191,2026-01-16,s35,5.4879,OK,1
15192,2026-06-11,s36,6.4627,ok,1
15193,1728163666,s2,0.6112,good,1
15194,1788847171,s36,-1.8372,OK,2
15195,2026-07-18,s12,-6.8331,OK,2
15196,2026-09-18,s4,-2.0907,BAD,2
15197,2026-04-15,s26,1.823,BAD,1
15198,1718996754,s6,3.6616,good,1
15199,2026-04-16,s7,6.3758,good,1
15200,1743690196,s32,-2.1063,ok,0
15201,2026-08-14,s18,1.4008,OK,0
15202,1726846454,s19,-3.9142,OK,2
15203,2026-01-19,s26,-1.6935,,2
15204,1705064931,s5,,OK,2
15205,1773752953,s7,0.912,OK,0
15206,1727898881,s4,0.1067,,0
15207,2026-08-12,s32,-3.236,BAD,2
15208,2026-01-19,s28,-3.6565,ok,2
15209,2026-03-11,s24,3.8109,OK,1
15210,2026-05-10,s15,-1.7956,BAD,2
15211,2026-03-19,s17,4.2618,OK,1
15212,2026-08-13,s13,1.694,BAD,0
15213,2026-07-13,s22,1.3216,BAD,0
15214,1713723753,s17,3.9793,,1
15215,2026-09-10,s12,-2.902,BAD,2
15216,1727978299,s17,0.3939,good,0
15217,1703592939,s14,3.8871,,1
15218,2026-01-12,s38,-3.9899,ok,2
15219,2026-08-18,s24,-3.4163,good,2
15220,2026-05-15,s37,-1.1412,BAD,2
15221,1782806490,s11,4.3418,ok,1
15222,2026-08-19,s12,-3.0004,good,2
15223,1703395830,s17,-3.2048,BAD,2
15224,2026-07-18,s17,1.0861,BAD,0
15225,2026-05-14,s39,0.2897,BAD,0
15226,1728177064,s14,1.0955,OK,0
15227,1774053597,s12,6.413,,1
15228,2026-01-15,s7,2.8979,good,0
15229,2026-04-14,s32,-2.9147,ok,0
15230,1761771698,s40,2.0037,ok,0
15231,2026-08-12,s7,0.0996,OK,0
15232,1780335774,s3,,,2
15233,1774241970,s7,4.1716,BAD,1
15234,1776818151,s24,-0.3986,,0
15235,1703888654,s38,-1.1786,BAD,0
15236,2026-08-13,s10,5.4985,ok,1
15237,2026-04-13,s31,6.2957,good,1
15238,2026-08-16,s9,1.4823,good,0
15239,2026-02-18,s22,-3.7529,ok,2
15240,2026-03-16,s5,-0.7361,good,2
15241,2026-04-16,s20,-6.6387,good,2
15242,1747235287,s31,4.0772,,1
15243,1705064893,s39,3.5028,good,0
15244,2026-08-15,s25,-1.8861,good,2
15245,2026-02-12,s14,7.8095,ok,1
15246,1735069149,s13,0.7065,OK,0
15247,2026-04-12,s6,1.9039,ok,0
15248,2026-04-10,s19,5.6668,BAD,1
15249,1700397304,s40,7.5031,BAD,1
15250,2026-05-14,s30,2.8294,,1
15251,2026-05-10,s23,5.6832,good,1
15252,1726637559,s5,-1.0433,good,2
15253,1720017868,s19,5.633,ok,1
15254,2026-06-16,s20,1.9081,BAD,0
15255,2026-09-14,s6,-3.3924,good,2
15256,2026-06-14,s16,-0.8852,good,2
15257,1745655511,s3,2.4518,,1
15258,2026-09-14,s13,,good,2
15259,1781602655,s21,1.7482,good,0
15260,1744440121,s8,-4.418,,2
15261,1787654182,s17,0.462,ok,1
15262,2026-06-16,s30,-3.7189,ok,2
15263,1754348189,s4,2.9994,OK,0
15264,1781625063,s5,-3.3189,BAD,2
15265,1708000335,s35,-4.1362,BAD,2
15266,2026-04-14,s28,-2.224,,2
15267,2026-07-16,s31,-3.2413,BAD,2
15268,2026-07-10,s30,-3.4535,OK,2
15269,1700278875,s14,-2.7279,ok,2
15270,2026-04-17,s37,3.6874,BAD,0
15271,2026-06-15,s5,,,1
15272,2026-09-19,s7,4.1789,good,1
15273,1743065216,s14,3.1291,,0
15274,2026-08-11,s18,-1.6093,ok,2
15275,2026-05-10,s39,5.828,BAD,1
15276,2026-06-14,s34,5.3062,,1
15277,2026-09-17,s40,3.2006,good,1
15278,1753374134,s4,-1.6926,OK,2
15279,2026-08-17,s17,2.0352,good,1
15280,2026-03-18,s18,-2.3121,good,2
15281,2026-09-17,s12,-5.8638,ok,2
15282,2026-04-13,s39,-6.293,,2
15283,1708700714,s18,6.7829,good,1
15284,2026-05-13,s8,9.0555,good,1
15285,2026-02-11,s8,0.2327,BAD,0
15286,2026-03-19,s31,-0.3295,,0
15287,2026-05-19,s22,0.3993,good,1
15288,1718002550,s32,-2.9539,,2
15289,2026-08-14,s5,-3.4428,,2
15290,1738057071,s2,1.3172,good,0
15291,1753038285,s35,3.2734,ok,1
15292,1764124430,s27,4.1665,OK,1
15293,1772456418,s38,-4.6059,BAD,2
15294,2026-05-18,s9,,OK,2
15295,2026-05-11,s9,-3.8889,OK,2
15296,1723986362,s3,4.5996,BAD,1
15297,2026-04-19,s25,-6.6368,OK,2
15298,1759851375,s16,2.651,,0
15299,1738836557,s12,5.1591,,1
15300,1724719686,s12,-1.7332,OK,2
15301,2026-08-18,s9,4.8584,ok,1
15302,2026-08-11,s34,1.0024,good,1
15303,2026-07-17,s3,-4.5699,ok,2
15304,2026-09-17,s39,1.0359,ok,1
15305,2026-02-19,s32,2.5288,BAD,0
15306,1717144468,s28,-2.8664,OK,2
15307,1779765676,s2,1.7349,OK,0
15308,2026-02-11,s27,-2.8476,good,2
15309,1776115596,s9,2.8348,OK,1
15310,2026-08-19,s11,4.2907,,1
15311,1761965171,s31,0.2489,OK,2
15312,2026-03-13,s1,-5.5175,BAD,2
15313,1738747467,s26,5.1026,,1
15314,1737035792,s12,6.7893,OK,1
15315,2026-09-12,s12,1.2319,ok,1
15316,2026-06-18,s31,-2.8549,,2
15317,1788691391,s38,0.9238,,0
15318,1771101850,s40,3.3374,OK,0
15319,1775759386,s25,-0.9312,good,0
15320,2026-01-18,s18,-2.2039,ok,0
15321,1777794260,s30,-0.4124,ok,2
15322,1779380312,s20,3.9092,ok,1
15323,2026-01-13,s13,-2.4674,,2
15324,2026-08-10,s25,8.3982,ok,1
15325,2026-02-15,s34,-2.7441,good,2
15326,1721107769,s34,4.8241,,1
15327,2026-08-14,s30,4.4037,OK,1
15328,2026-07-10,s30,-2.362,BAD,2
15329,2026-06-12,s14,0.8696,,0
15330,2026-09-13,s27,,good,0
15331,1780621508,s11,-1.2156,OK,2
15332,2026-03-10,s32,2.3374,,1
15333,1744484227,s36,1.835,OK,1
15334,1771561470,s24,6.7861,good,1
15335,2026-01-10,s13,4.2543,good,1
15336,2026-09-14,s10,0.0001,OK,0
15337,1727684954,s20,1.016,good,0
15338,1769154695,s3,3.7481,BAD,1
15339,1710665865,s8,4.9284,ok,1
15340,2026-08-18,s8,-2.34,BAD,2
15341,1720785955,s1,-2.0802,,0
15342,1720515231,s21,1.5398,,1
15343,2026-08-10,s17,3.7184,BAD,1
15344,1729888434,s34,7.4855,OK,1
15345,1752541690,s14,1.8101,,0
15346,1748265083,s3,-2.3839,good,2
15347,2026-07-15,s29,-4.1417,,2
15348,2026-02-15,s38,1.9993,good,0
15349,2026-05-13,s7,0.7701,OK,0
15350,2026-06-12,s16,3.1612,OK,1
15351,1723819088,s32,-3.8081,OK,2
15352,1782146451,s16,5.602,,1
15353,2026-05-11,s12,-0.9215,BAD,2
15354,2026-07-14,s1,3.0717,,0
15355,1742569999,s11,0.6565,ok,0
15356,1750556346,s4,6.0517,good,1
15357,2026-03-11,s25,-2.0754,,0
15358,1704303738,s5,-1.9833,BAD,0
15359,2026-08-12,s36,2.2114,ok,0
15360,2026-06-13,s11,-2.4072,OK,2
15361,1747745486,s20,-3.3455,good,2
15362,2026-08-15,s11,0.3497,good,0
15363,2026-09-14,s14,0.1715,ok,0
15364,1755088003,s27,3.1126,BAD,0
15365,2026-01-15,s38,-0.6022,ok,2
15366,1733805467,s40,1.3829,OK,0
15367,1773707540,s1,-6.1916,ok,2
15368,2026-02-17,s40,-0.0412,ok,0
15369,1728741886,s39,0.3816,,2
15370,2026-09-15,s4,0.5569,BAD,0
15371,2026-04-12,s30,5.1952,OK,1
15372,1723536786,s35,9.0016,OK,1
15373,1721137774,s28,0.929,OK,0
15374,2026-03-12,s22,5.3436,ok,1
15375,1705968583,s40,3.5114,BAD,1
15376,1738392545,s33,-1.4059,BAD,0
15377,1733997226,s23,-0.2683,OK,0
15378,2026-01-17,s25,2.3888,,0
15379,2026-01-12,s23,3.1532,ok,1
15380,1707611118,s10,-5.0544,,2
15381,1756349728,s29,0.8407,OK,0
15382,1740106872,s18,-2.4684,BAD,2
15383,2026-07-15,s18,-3.9052,good,2
15384,1746718627,s31,-3.1433,good,0
15385,1717182002,s26,-4.536,BAD,2
15386,1710399970,s24,-6.335,,2
15387,2026-09-10,s2,-4.276,,2
15388,1736881398,s18,0.0938,ok,0
15389,2026-01-13,s1,8.6878,OK,1
15390,1717099077,s13,6.0876,ok,1
15391,1735501395,s38,4.4897,,1
15392,1760187717,s1,3.6683,good,1
15393,1740778783,s30,4.6737,good,1
15394,1766958340,s3,3.7898,ok,1
15395,2026-08-19,s7,3.5735,OK,0
15396,1738740860,s29,-4.6444,,2
15397,2026-04-19,s6,,,0
15398,1770346512,s24,-4.4387,ok,2
15399,2026-02-15,s17,,BAD,0
15400,2026-08-18,s29,-3.1272,BAD,2
15401,2026-06-17,s13,2.4822,ok,1
15402,1722027057,s9,1.4354,ok,0
15403,1721061316,s14,,BAD,2
15404,1776915666,s4,2.5556,,1
15405,2026-06-19,s32,-0.3953,OK,2
15406,1748659370,s12,-1.9359,OK,2
15407,2026-01-18,s22,3.0908,ok,1
15408,1724111828,s24,,ok,1
15409,1709945761,s1,1.4251,good,1
15410,1718397627,s40,6.4153,good,1
15411,2026-03-14,s19,-1.3633,ok,0
15412,2026-08-10,s2,4.8263,OK,1
15413,2026-02-18,s26,-3.1953,BAD,2
15414,1770450520,s19,5.0171,,0
15415,1775571727,s8,-0.5096,ok,2
15416,2026-02-17,s25,4.5935,BAD,1
15417,2026-05-14,s17,0.4767,BAD,2
15418,2026-01-12,s26,2.2271,ok,0
15419,2026-02-17,s17,,,0
15420,2026-01-10,s14,-2.1943,good,0
15421,2026-01-12,s28,4.6267,BAD,0
15422,1717405034,s20,1.1034,OK,0
15423,1722111971,s29,2.5474,OK,0
15424,2026-08-13,s39,3.9066,ok,1
15425,1764860665,s19,4.1099,BAD,0
15426,2026-04-16,s26,-3.6848,OK,2
15427,1715945510,s26,-5.4458,ok,2
15428,1788806373,s5,0.6068,good,0
15429,1745250499,s30,-1.8008,OK,0
15430,1743375352,s1,-0.3304,BAD,0
15431,1778710087,s34,-3.9613,OK,2
15432,1749063922,s30,1.9233,,1
15433,1750990174,s19,2.9195,OK,0
15434,1762994578,s6,-3.2073,good,2
15435,2026-08-15,s37,5.1228,,1
15436,2026-09-14,s31,0.1498,BAD,2
15437,1781672836,s28,5.3793,good,1
15438,2026-07-18,s27,2.5389,BAD,1
15439,1782094896,s7,0.997,OK,2
15440,1710833141,s1,0.6541,ok,0
15441,2026-08-16,s15,-3.4379,,2
15442,1783818341,s39,7.5561,BAD,1
15443,2026-02-12,s16,1.7832,good,0
15444,1788964965,s28,3.6521,OK,1
15445,2026-02-15,s25,-4.3873,OK,2
15446,2026-07-10,s6,4.4313,OK,1
15447,1742605565,s40,3.6253,ok,1
15448,2026-03-11,s16,-0.1023,BAD,0
15449,1725323181,s17,-0.7438,ok,0
15450,2026-03-15,s4,2.0724,BAD,0
15451,1779119906,s3,-0.4209,BAD,2
15452,1750958795,s6,0.2865,OK,0
15453,2026-04-15,s39,3.6992,OK,1
15454,2026-02-17,s35,-3.4527,OK,2
15455,2026-01-11,s40,-4.8554,,2
15456,1786203726,s12,2.2256,BAD,1
15457,2026-04-19,s40,-3.2365,ok,2
15458,1714288906,s21,3.5485,good,1
15459,1728822302,s6,1.1881,BAD,0
15460,2026-09-19,s26,1.8361,BAD,0
15461,2026-02-15,s28,-0.452,ok,0
15462,2026-08-16,s23,1.3453,good,0
15463,1713251206,s24,-2.982,good,2
15464,1723368452,s24,-6.1083,OK,2
15465,2026-04-16,s7,-1.4403,ok,2
15466,1764324428,s19,-5.0136,BAD,2
15467,2026-05-14,s15,-2.9714,OK,2
15468,1764434557,s7,5.5089,OK,1
15469,1759673414,s7,-2.999,,2
15470,1775116234,s7,4.8899,BAD,1
15471,2026-08-12,s7,1.624,OK,0
15472,1706610328,s29,-0.7196,OK,2
15473,1731385893,s20,2.4022,,0
15474,2026-02-17,s18,-1.8611,ok,2
15475,1727614863,s32,3.6802,,1
15476,1720711486,s15,3.0163,good,0
15477,1789803536,s36,1.3648,OK,0
15478,1758408501,s12,2.787,ok,0
15479,1730355901,s17,-3.3875,ok,2
15480,2026-01-17,s37,0.0057,ok,0
15481,1719097032,s12,7.3531,OK,1
15482,1724518661,s11,4.0969,,1
15483,2026-06-10,s39,-4.8505,OK,2
15484,1717515892,s21,-2.129,ok,2
15485,2026-09-19,s19,6.5876,good,1
15486,2026-05-15,s18,-2.5664,BAD,2
15487,2026-04-13,s15,4.273,,1
15488,2026-07-17,s23,7.1352,BAD,1
15489,2026-05-17,s7,2.4979,good,0
15490,2026-04-16,s25,-2.7241,good,2
15491,2026-02-13,s14,2.9044,ok,1
15492,1703558955,s35,0.9555,OK,0
15493,1766088332,s11,5.602,BAD,1
15494,1785143098,s31,2.9705,,1
15495,1727015993,s9,-1.8164,BAD,2
15496,1782713502,s24,4.6644,BAD,1
15497,2026-01-18,s1,-3.5694,ok,2
15498,1722412259,s5,3.5195,OK,1
15499,2026-01-13,s30,,good,1
15500,1718984672,s24,-0.3964,good,0
15501,1778755837,s30,,good,1
15502,1700670037,s12,3.0551,,1
15503,2026-06-11,s40,2.5651,good,0
15504,2026-07-17,s21,-3.642,ok,2
15505,1706614053,s27,-2.2077,good,2
15506,1728373850,s28,2.6923,good,1
15507,2026-06-13,s36,-7.5737,good,2
15508,2026-09-10,s6,2.555,BAD,0
15509,1746660683,s10,-4.2067,,0
15510,1707143922,s22,3.1925,,1
15511,1770389471,s16,-0.2528,OK,0
15512,1767459973,s2,0.0925,ok,2
15513,2026-02-14,s7,2.5698,,0
15514,1702673264,s3,,OK,2
15515,2026-07-18,s20,5.7221,good,1
15516,1746425056,s12,4.6355,,0
15517,1739762135,s23,-4.5389,OK,2
15518,1761877323,s38,-1.0261,,0
15519,2026-04-10,s14,1.2005,ok,0
15520,1708512777,s30,-4.6169,,2
15521,2026-07-14,s32,-2.6155,good,2
15522,2026-04-11,s5,-2.5456,BAD,0
15523,2026-01-17,s9,5.0988,,1
15524,2026-09-19,s10,1.1895,ok,0
15525,1738154688,s35,0.6596,OK,0
15526,2026-07-18,s9,,ok,1
15527,1731566093,s35,3.2395,BAD,1
15528,1758615618,s27,-1.0443,,2
15529,1734017582,s29,-0.1186,OK,0
15530,1708116599,s21,-4.8558,good,2
15531,1786979373,s3,-4.3856,OK,2
15532,2026-06-16,s15,2.8125,OK,1
15533,1770731255,s24,2.3149,OK,0
15534,2026-07-19,s26,6.3434,ok,1
15535,2026-07-12,s12,0.7318,BAD,0
15536,2026-08-12,s15,3.6406,OK,1
15537,1721524848,s1,4.6713,ok,1
15538,1733361334,s40,1.1113,OK,0
15539,1778406449,s26,0.985,OK,0
15540,1772450698,s26,-0.5386,,0
15541,2026-01-12,s1,3.7694,ok,1
15542,2026-06-10,s21,-0.3548,ok,0
15543,2026-07-18,s3,-2.1974,good,2
15544,1708111201,s4,5.8355,good,1
15545,2026-07-13,s29,1.4399,BAD,0
15546,1783897646,s24,6.4297,,1
15547,2026-02-18,s27,-6.9713,,2
15548,1733176327,s24,1.3329,OK,1
15549,2026-04-17,s5,4.8674,ok,1
15550,1782587482,s16,-2.8919,good,2
15551,2026-07-12,s6,5.8211,OK,1
15552,2026-09-18,s35,1.8606,,1
15553,1728908954,s35,1.0127,ok,2
15554,2026-03-12,s4,1.1822,good,0
15555,2026-04-17,s13,4.6217,good,0
15556,1789486146,s5,-2.027,,0
15557,2026-07-11,s2,,BAD,2
15558,2026-08-12,s4,-5.6536,,2
15559,2026-06-14,s30,,ok,2
15560,2026-09-19,s31,1.1391,BAD,2
15561,2026-01-17,s29,-0.0515,OK,0
15562,1724605784,s38,-2.6231,good,2
15563,2026-01-18,s37,-4.1183,OK,2
15564,1729563554,s24,-0.1596,good,0
15565,1755627517,s24,2.4769,OK,0
15566,1710838864,s12,6.7473,,1
15567,1733756914,s14,-4.4315,BAD,2
15568,2026-04-10,s12,-6.2539,BAD,2
15569,2026-09-12,s28,6.1757,good,1
15570,2026-03-17,s30,-2.3439,,2
15571,2026-04-16,s12,-4.0631,good,0
15572,2026-02-13,s28,3.4669,,1
15573,1743172026,s10,,,0
15574,2026-05-12,s14,1.6287,OK,0
15575,1728363917,s28,5.0573,BAD,1
15576,2026-03-12,s4,-3.0923,,2
15577,2026-09-15,s4,-1.6235,ok,2
15578,2026-03-11,s3,-2.2355,ok,2
15579,2026-01-12,s6,4.6655,good,1
15580,1711047567,s21,-2.9171,BAD,2
15581,1744790479,s6,-4.247,BAD,2
15582,2026-01-14,s2,-5.1996,BAD,2
15583,2026-07-19,s14,5.7205,ok,0
15584,1728380831,s30,1.1313,OK,2
15585,1743425157,s5,-0.4843,BAD,0
15586,1705130251,s13,,BAD,1
15587,1785343965,s15,5.0444,ok,1
15588,1785303720,s15,-2.5317,BAD,2
15589,1754693262,s15,4.7944,ok,0
15590,1708244977,s24,-0.7554,,0
15591,2026-05-14,s14,3.656,BAD,0
15592,2026-02-13,s20,-2.8848,ok,2
15593,1767725208,s33,-3.7992,ok,2
15594,2026-06-19,s25,0.0059,BAD,0
15595,2026-06-14,s33,-5.1762,good,2
15596,1749414969,s23,-4.6907,ok,2
15597,1702996215,s31,-3.2512,BAD,2
15598,1715896290,s27,,good,2
15599,2026-08-15,s18,-2.6491,ok,0
15600,1749139400,s27,-8.3272,ok,2
15601,2026-01-19,s9,2.2902,OK,1
15602,2026-08-16,s5,-1.806,BAD,2
15603,1747709030,s23,7.8808,BAD,1
15604,1789662988,s38,-3.375,ok,2
15605,1782648929,s12,2.2762,BAD,0
15606,1773357668,s7,1.2061,,1
15607,1704338038,s8,3.8704,OK,0
15608,2026-03-17,s28,-5.3026,OK,2
15609,2026-02-17,s9,0.5085,,0
15610,2026-02-15,s11,-0.2424,,0
15611,1717160107,s39,-2.25,,2
15612,1756302388,s34,-0.3622,,2
15613,2026-01-16,s25,6.8624,BAD,1
15614,2026-02-13,s26,6.9583,,1
15615,1731754521,s40,-1.4376,good,0
15616,1747396898,s29,-3.0708,BAD,2
15617,2026-03-16,s7,-2.6352,,2
15618,2026-04-12,s19,4.2311,OK,0
15619,1703517160,s13,-4.3503,,2
15620,2026-08-18,s31,6.8162,OK,1
15621,1747115221,s26,1.6888,OK,2
15622,1701453745,s30,-1.5748,,2
15623,2026-08-11,s38,-1.1167,,0
15624,2026-07-12,s1,1.6979,BAD,0
15625,2026-09-19,s37,0.3768,,0
15626,1762263865,s8,3.682,,1
15627,2026-08-10,s37,-5.0131,ok,2
15628,2026-07-16,s2,4.7974,good,0
15629,2026-01-17,s9,2.2053,BAD,0
15630,1758562050,s25,1.9104,BAD,1
15631,1782508144,s37,-3.2828,good,2
15632,2026-09-16,s34,0.687,BAD,2
15633,1772078249,s28,-3.2137,ok,2
15634,1767092061,s31,-6.2412,ok,2
15635,2026-05-18,s21,3.5038,,1
15636,1758824970,s20,2.299,good,1
15637,2026-07-17,s20,3.8055,ok,1
15638,1768193834,s2,0.9917,BAD,0
15639,1738349043,s12,0.5737,ok,0
15640,1711282024,s39,-3.1357,BAD,2
15641,1710468176,s12,5.1687,OK,1
15642,1711942010,s39,-1.9167,good,2
15643,1783987372,s27,-1.131,good,2
15644,1738130860,s1,1.3191,good,0
15645,1789255818,s3,0.0125,good,2
15646,1766844092,s34,2.0548,BAD,0
15647,2026-08-18,s32,-5.4175,good,2
15648,2026-07-15,s38,-1.6552,,2
15649,1772244293,s10,1.1852,OK,1
15650,2026-03-10,s31,-5.4255,OK,2
15651,1717477183,s26,5.9876,ok,1
15652,2026-08-18,s37,6.2346,BAD,1
15653,2026-09-19,s15,-3.1344,BAD,2
15654,2026-08-16,s37,-0.8744,ok,2
15655,1757457320,s9,2.8318,,0
15656,2026-05-12,s1,2.442,ok,1
15657,1749840177,s34,-3.9628,ok,2
15658,2026-01-18,s12,5.4927,BAD,1
15659,1772965770,s32,-0.4204,,2
15660,2026-01-14,s6,-3.0895,,2
15661,2026-06-10,s19,-0.958,ok,2
15662,2026-08-10,s12,0.4019,,0
15663,2026-09-14,s9,-3.357,,2
15664,2026-07-19,s14,7.8241,,1
15665,2026-09-15,s32,-4.005,good,2
15666,2026-02-14,s13,1.513,BAD,0
15667,1734962753,s4,2.3741,ok,0
15668,1733533862,s14,6.6003,good,1
15669,2026-04-16,s4,5.7392,ok,1
15670,1776435249,s8,-0.714,ok,0
15671,1709726673,s12,2.0606,,1
15672,1720349825,s25,5.0174,good,1
15673,1732282294,s11,-3.3804,BAD,2
15674,1772702491,s39,-1.6444,good,2
15675,2026-05-18,s6,-4.0383,BAD,2
15676,2026-01-11,s33,3.0625,,1
15677,1715749984,s17,2.2479,good,0
15678,2026-09-12,s7,0.9516,,2
15679,1767688427,s28,3.7623,OK,1
15680,1719732084,s29,-5.2184,ok,2
15681,1732367263,s27,-5.5923,OK,2
15682,1711944078,s32,4.2286,BAD,1
15683,2026-09-10,s15,3.2478,ok,1
15684,2026-03-19,s1,0.935,ok,0
15685,1706835573,s6,2.9878,ok,1
15686,2026-04-16,s28,3.9469,BAD,1
15687,2026-02-14,s38,-4.8153,good,2
15688,1786825919,s25,4.3727,BAD,0
15689,1738798768,s33,5.2673,good,1
15690,2026-06-16,s24,1.0762,,0
15691,1735752827,s13,4.2653,good,1
15692,2026-02-11,s1,3.6372,ok,1
15693,1769420031,s23,3.6823,ok,1
15694,1761000496,s16,-3.7304,,2
15695,1721613341,s33,4.7719,OK,1
15696,2026-03-16,s7,2.3368,good,1
15697,1716702725,s7,0.494,ok,0
15698,2026-07-15,s30,1.5662,good,0
15699,2026-09-11,s37,0.5007,,0
15700,1714380334,s25,-4.0993,BAD,2
15701,1786061768,s25,-0.5739,ok,0
15702,1784178747,s16,0.736,,0
15703,1754808536,s40,5.9438,good,1
15704,2026-04-10,s36,-7.9978,good,2
15705,1786025488,s38,,OK,1
15706,2026-03-11,s38,-2.5395,ok,0
15707,2026-01-18,s11,4.8397,BAD,1
15708,1708758947,s39,-2.2586,,2
15709,1707955469,s5,,good,1
15710,1789496031,s12,-5.1148,OK,2
15711,2026-06-19,s37,-1.6009,,2
15712,2026-07-14,s17,5.9971,,1
15713,1705958501,s22,-3.1646,,2
15714,2026-09-18,s18,1.9875,ok,0
15715,1762968882,s9,-0.4392,BAD,0
15716,2026-05-17,s25,1.3368,BAD,0
15717,2026-06-19,s35,2.9318,BAD,1
15718,1753407629,s8,0.5023,good,0
15719,2026-05-11,s14,3.7796,,1
15720,2026-04-16,s4,-4.7031,BAD,2
15721,2026-06-17,s9,2.9337,BAD,1
15722,2026-07-16,s19,4.3758,,1
15723,1742642213,s29,-4.0781,ok,2
15724,2026-08-12,s23,4.8859,good,1
15725,1755842781,s10,-1.0898,OK,0
15726,2026-03-11,s29,3.4281,,0
15727,2026-02-17,s6,-2.81,BAD,2
15728,1710734992,s39,-4.0308,,2
15729,2026-07-16,s29,7.1077,OK,1
15730,1754392335,s4,0.7345,good,0
15731,1756586607,s33,5.5268,good,1
15732,2026-01-16,s38,0.1351,ok,2
15733,1730536590,s14,-2.1336,,2
15734,1759152562,s10,8.1748,ok,1
15735,1783664023,s17,-3.2566,good,2
15736,1742337308,s17,1.6245,ok,0
15737,1740224606,s15,-1.2655,good,0
15738,1757637336,s15,-1.4442,BAD,2
15739,2026-09-10,s5,0.1785,BAD,0
15740,1762561088,s3,,good,2
15741,1706541684,s23,-4.6237,good,2
15742,2026-06-11,s10,-1.8997,OK,2
15743,2026-01-19,s23,-0.8803,BAD,2
15744,1767969661,s20,-2.4665,OK,2
15745,2026-05-19,s7,-5.4034,BAD,2
15746,2026-09-15,s20,-2.2318,BAD,2
15747,1716384534,s12,0.8637,BAD,0
15748,1757008199,s22,0.3717,BAD,0
15749,2026-04-15,s38,-4.8066,BAD,2
15750,2026-09-13,s37,0.3681,,0
15751,1709787152,s17,-0.3287,BAD,0
15752,2026-06-14,s11,-3.6964,OK,2
15753,2026-09-10,s19,2.538,OK,1
15754,2026-05-17,s34,-2.3962,,2
15755,2026-04-12,s37,0.9298,,2
15756,1752531238,s3,5.4443,ok,1
15757,2026-02-18,s3,6.1552,,0
15758,2026-07-10,s12,-0.6591,,2
15759,2026-09-14,s16,-1.9785,OK,2
15760,1713580511,s23,-2.2359,good,2
15761,2026-06-10,s36,1.3423,BAD,1
15762,1730695143,s25,-2.46,,2
15763,2026-06-15,s2,-3.2356,good,2
15764,2026-01-18,s31,-0.4976,good,0
15765,2026-03-14,s28,3.5591,,1
15766,2026-07-16,s4,1.0148,good,1
15767,1770657464,s21,5.2291,OK,1
15768,2026-02-15,s38,4.2511,ok,0
15769,2026-07-19,s28,3.8651,ok,0
15770,1738329780,s35,4.1144,,1
15771,1721117028,s35,-1.3109,BAD,2
15772,1702037887,s26,3.713,,1
15773,2026-04-18,s8,4.9214,ok,0
15774,1753483724,s35,1.0872,ok,0
15775,2026-06-17,s25,1.7156,OK,0
15776,2026-03-11,s6,-1.2894,OK,0
15777,2026-09-12,s4,-3.8568,ok,2
15778,2026-02-19,s3,0.7602,OK,0
15779,2026-01-13,s6,5.3418,OK,1
15780,1742550930,s17,-4.0332,good,2
15781,1704093265,s36,3.9822,OK,1
15782,1754028499,s1,-3.9586,BAD,2
15783,2026-06-11,s39,1.085,OK,0
15784,1745623392,s7,-2.5336,OK,2
15785,1732238728,s1,,ok,0
15786,1773222452,s29,-0.1202,good,0
15787,2026-08-19,s7,-2.1857,good,2
15788,2026-03-16,s24,-0.7486,good,0
15789,1727995019,s20,5.0028,BAD,1
15790,2026-09-18,s2,3.3584,OK,1
15791,1724925548,s24,-2.7679,ok,2
15792,1750855719,s38,4.4528,good,1
15793,1776582829,s24,3.2685,,0
15794,2026-05-13,s36,4.5354,BAD,0
15795,2026-04-19,s10,1.1902,OK,0
15796,2026-06-15,s9,4.8457,OK,1
15797,1763958477,s20,-4.7161,good,2
15798,1756167268,s31,-4.4873,,2
15799,2026-02-16,s20,3.3912,OK,1
15800,2026-06-18,s30,-3.6151,ok,2
15801,2026-08-12,s36,5.5447,,1
15802,1777893718,s6,-1.6694,,2
15803,2026-08-19,s26,-0.9554,,2
15804,2026-04-11,s37,5.1085,ok,1
15805,1724694501,s29,0.1815,BAD,0
15806,2026-03-12,s20,-0.1275,good,0
15807,1788784438,s7,4.7083,BAD,1
15808,2026-09-19,s15,-5.2803,good,2
15809,1784942035,s26,0.8411,,0
15810,1707660154,s22,-4.258,ok,2
15811,1726642079,s36,-3.8571,BAD,2
15812,1781017101,s3,0.5406,OK,1
15813,2026-06-10,s13,6.2946,,1
15814,1764832424,s9,-2.6363,BAD,2
15815,1765867795,s39,4.7296,ok,1
15816,2026-07-15,s31,-0.7562,BAD,2
15817,1709710693,s16,-1.9798,,2
15818,2026-02-15,s19,-2.8838,BAD,2
15819,1731155680,s27,-0.9372,ok,0
15820,1777352087,s21,-4.6491,,2
15821,2026-09-11,s4,-5.7409,OK,2
15822,2026-02-18,s40,3.4049,BAD,0
15823,1702328795,s14,-2.553,,2
15824,1710758025,s1,-0.7038,,0
15825,2026-08-18,s11,2.2416,good,0
15826,1752366261,s37,5.4285,ok,1
15827,1726651690,s22,2.5835,ok,1
15828,1759937549,s15,-4.0914,,2
15829,1766454059,s34,-1.6892,,2
15830,2026-03-12,s38,6.5468,BAD,1
15831,1747279466,s31,1.5798,,2
15832,1763468656,s10,-1.787,ok,2
15833,2026-09-18,s22,0.9436,,0
15834,1733962824,s6,2.6626,,0
15835,2026-02-18,s36,-1.4551,OK,2
15836,2026-05-11,s32,-2.5324,BAD,2
15837,1764429581,s30,-6.2701,OK,2
15838,2026-06-19,s28,2.5876,BAD,1
15839,2026-07-13,s33,5.1005,,1
15840,1730102850,s29,4.8095,good,1
15841,1718111979,s13,4.3284,,1
15842,2026-05-10,s12,0.3917,,0
15843,2026-05-10,s1,-1.1761,good,0
15844,2026-01-14,s11,-1.0747,ok,2
15845,1729415461,s40,9.008,ok,1
15846,2026-03-12,s35,-2.2127,OK,2
15847,1739312487,s6,-3.0943,,2
15848,2026-08-19,s23,1.6429,OK,0
15849,1707227986,s36,1.8477,,1
15850,1757268479,s27,1.3553,OK,0
15851,2026-04-13,s7,3.3065,BAD,1
15852,1734666368,s5,4.2109,good,0
15853,2026-08-18,s30,-4.6849,OK,2
15854,1754445054,s20,-0.3624,good,0
15855,1731004807,s9,1.5323,OK,0
15856,2026-09-13,s1,5.1899,BAD,1
15857,1732198977,s39,-0.8255,,2
15858,1718118888,s3,-4.0121,OK,2
15859,2026-07-19,s28,2.9932,,1
15860,1712688485,s20,-2.4671,OK,2
15861,2026-01-19,s24,6.5362,BAD,1
15862,1774710731,s25,0.9496,,2
15863,2026-08-13,s12,0.8497,good,0
15864,1769220250,s10,-1.77,ok,2
15865,2026-07-14,s27,-2.8663,ok,2
15866,1737276395,s18,-5.9688,BAD,2
15867,2026-07-18,s38,1.2553,BAD,0
15868,1755918540,s24,2.0483,BAD,0
15869,2026-07-14,s26,3.0502,OK,1
15870,2026-04-15,s18,0.9338,ok,0
15871,2026-03-14,s2,3.8544,OK,1
15872,1709817228,s24,-2.6261,ok,2
15873,2026-01-11,s7,6.5915,good,1
15874,1707953622,s5,-5.2292,OK,2
15875,1713513645,s25,4.1962,BAD,1
15876,1778556830,s25,1.9812,,0
15877,1715571344,s1,3.6818,good,1
15878,1722863164,s17,4.0837,,0
15879,2026-06-14,s5,-3.343,,2
15880,1702878683,s26,7.3252,,1
15881,2026-09-10,s3,0.1171,OK,2
15882,1744634782,s25,6.2913,,1
15883,1784091465,s36,-0.0225,BAD,2
15884,2026-01-11,s8,,,0
15885,1776003561,s1,-2.7352,good,2
15886,1781880908,s13,3.0822,ok,1
15887,1760926972,s35,1.1794,,0
15888,2026-06-16,s37,0.8772,OK,0
15889,1754338535,s36,-3.9068,,2
15890,1730739063,s18,-1.507,OK,2
15891,2026-08-17,s7,-0.0473,OK,0
15892,1739305353,s6,-1.2187,good,2
15893,2026-04-19,s28,-0.4647,OK,0
15894,2026-04-18,s20,4.9627,good,0
15895,2026-07-11,s26,-3.2357,,2
15896,2026-05-19,s24,3.8939,BAD,1
15897,2026-02-13,s6,1.1129,good,0
15898,1713255440,s14,0.5896,BAD,0
15899,1782971932,s39,0.6236,OK,2
15900,1734054110,s37,6.3014,OK,1
15901,1771075137,s12,4.5112,BAD,1
15902,2026-08-13,s17,3.0458,good,0
15903,1712222269,s7,4.1746,good,1
15904,1776228623,s15,1.5371,,0
15905,2026-04-11,s32,1.4889,OK,0
15906,1705567979,s2,7.3248,BAD,1
15907,2026-04-18,s14,3.3508,ok,1
15908,1704944526,s17,-0.4406,,2
15909,2026-03-13,s20,2.1673,good,0
15910,2026-08-19,s8,3.5534,ok,1
15911,2026-08-16,s7,-5.0788,BAD,2
15912,2026-01-10,s20,,BAD,1
15913,2026-07-16,s35,6.6962,,1
15914,2026-05-15,s9,4.853,BAD,1
15915,2026-01-13,s9,8.004,good,1
15916,2026-01-12,s14,5.6974,BAD,1
15917,1723996315,s23,1.0417,good,0
15918,1787788254,s22,5.5757,ok,1
15919,2026-06-18,s14,-4.6246,,2
15920,2026-02-14,s9,,good,2
15921,2026-03-18,s3,-0.0554,ok,0
15922,2026-02-15,s12,-0.8577,good,0
15923,2026-05-15,s31,5.0932,ok,1
15924,2026-05-15,s14,6.2123,ok,1
15925,2026-07-11,s34,-0.9233,good,0
15926,2026-07-10,s21,-0.7552,,0
15927,1763445896,s32,-1.3216,BAD,2
15928,2026-01-11,s12,1.5953,ok,0
15929,1756510518,s33,0.6712,ok,0
15930,2026-02-17,s1,2.7073,good,1
15931,1737321458,s20,1.5453,ok,1
15932,1709992973,s16,4.7055,good,1
15933,2026-06-11,s37,1.586,,0
15934,1777540499,s7,4.6913,,1
15935,1734170072,s15,4.5504,BAD,0
15936,1758389373,s4,1.5994,,0
15937,1748146957,s12,4.8581,BAD,1
15938,2026-08-19,s26,2.1608,BAD,0
15939,2026-04-11,s25,1.5639,ok,0
15940,1750904975,s8,1.556,OK,0
15941,1746551550,s10,-0.9141,,2
15942,2026-05-10,s6,4.2353,BAD,1
15943,1784512775,s11,6.0931,good,1
15944,2026-01-17,s40,-4.5998,OK,2
15945,2026-01-12,s6,2.8007,,0
15946,2026-01-11,s18,-4.259,good,2
15947,1715258317,s21,-2.6048,BAD,2
15948,1749413242,s4,6.3352,BAD,1
15949,2026-04-10,s20,-3.9435,OK,2
15950,2026-04-10,s31,-5.6806,,2
15951,1712603459,s3,-3.1352,BAD,2
15952,2026-08-12,s12,5.2787,,1
15953,1725853600,s15,-4.0187,good,2
15954,2026-09-16,s32,-3.4785,BAD,2
15955,2026-08-19,s26,,ok,0
15956,2026-09-11,s32,3.8633,good,0
15957,1745759916,s30,7.1866,BAD,1
15958,2026-07-15,s6,-3.34,BAD,2
15959,2026-06-15,s24,-2.5698,OK,2
15960,1768025217,s34,2.8705,BAD,1
15961,2026-08-10,s14,8.7323,ok,1
15962,1765986388,s19,-1.0888,good,0
15963,2026-06-16,s22,0.8062,OK,0
15964,1721466198,s23,3.5832,OK,1
15965,2026-05-19,s10,7.4397,BAD,1
15966,1785180116,s29,-3.7273,OK,2
15967,1774433325,s4,0.0691,good,1
15968,2026-07-15,s24,-1.8429,,2
15969,1733204649,s6,3.2435,OK,1
15970,2026-03-14,s23,0.3785,ok,0
15971,1710780794,s9,-2.4629,,2
15972,2026-07-10,s40,-4.6215,good,2
15973,1787335283,s34,-3.5648,BAD,2
15974,2026-03-18,s12,1.5502,good,0
15975,2026-08-18,s17,0.2471,ok,1
15976,2026-03-11,s21,-3.97,ok,2
15977,2026-08-18,s30,4.2477,OK,1
15978,1764311448,s24,3.6904,ok,0
15979,2026-05-16,s9,2.0642,good,0
15980,2026-07-17,s19,0.9334,ok,0
15981,2026-08-14,s40,1.257,OK,0
15982,1726687903,s18,3.7151,ok,1
15983,2026-04-12,s12,0.2299,OK,0
15984,1748795435,s38,2.9246,good,1
15985,2026-06-19,s12,2.265,BAD,0
15986,1718786074,s21,4.3197,BAD,1
15987,1720658692,s28,1.7709,,0
15988,1778013730,s14,2.0503,ok,0
15989,2026-01-11,s4,3.2974,good,0
15990,2026-07-15,s27,5.2776,,1
15991,1739024589,s21,-0.5212,good,0
15992,2026-07-11,s16,4.0505,,1
15993,2026-04-14,s2,-2.1751,ok,2
15994,1755259734,s2,2.2434,,0
15995,2026-05-13,s40,9.4431,,1
15996,2026-02-13,s33,4.5175,BAD,1
15997,2026-02-11,s40,-2.7282,OK,2
15998,2026-07-17,s37,6.0908,,1
15999,1753002447,s13,-0.7829,,0
16000,2026-05-13,s33,-4.2589,BAD,2
16001,2026-09-15,s12,6.6834,good,1
16002,2026-01-16,s40,4.3289,,1
16003,1774597252,s19,-4.2456,BAD,2
16004,2026-05-12,s31,7.3252,BAD,1
16005,2026-02-19,s24,1.0767,OK,0
16006,2026-03-11,s39,-1.5639,OK,2
16007,2026-06-14,s27,-7.6015,ok,2
16008,2026-08-16,s37,4.5084,good,1
16009,1731083160,s20,-0.5212,OK,2
16010,1702106652,s38,0.0145,good,0
16011,2026-08-19,s37,3.9046,good,1
16012,1735955313,s26,0.4762,good,0
16013,2026-06-12,s13,-1.9482,ok,2
16014,1706075540,s19,-0.7655,BAD,2
16015,2026-01-19,s35,0.8209,ok,0
16016,1729902556,s7,1.7751,OK,0
16017,2026-01-12,s23,-0.6966,,2
16018,2026-09-10,s33,-1.7934,good,0
16019,2026-03-10,s12,3.4525,good,1
16020,2026-08-10,s31,-6.4187,ok,2
16021,1768146207,s27,-4.1921,ok,2
16022,2026-09-15,s16,-4.1656,good,2
16023,1736505031,s19,6.5402,good,1
16024,1785424642,s32,-1.0076,ok,2
16025,2026-08-15,s21,2.9092,ok,0
16026,2026-06-16,s26,-1.4949,BAD,2
16027,2026-07-14,s18,-2.5874,,2
16028,2026-08-14,s18,7.8287,,1
16029,2026-04-14,s24,-4.7903,,2
16030,2026-01-12,s20,-2.0491,,2
16031,1748004486,s1,2.8444,,0
16032,1749171682,s2,3.5253,,1
16033,2026-05-19,s27,-4.8098,good,2
16034,2026-02-14,s2,-4.1938,ok,2
16035,1710997408,s9,-6.2365,good,2
16036,1721409913,s32,0.4307,,0
16037,1746489321,s11,5.4609,BAD,1
16038,1724628915,s26,3.7844,good,0
16039,1723269028,s40,-0.8884,ok,0
16040,1712690112,s14,4.7067,ok,1
16041,2026-04-12,s1,-4.3716,ok,2
16042,1780049522,s26,-0.2381,good,2
16043,1760847081,s22,4.1471,BAD,0
16044,2026-04-11,s22,-2.6948,,2
16045,2026-01-10,s16,4.5612,BAD,1
16046,1779327471,s16,,ok,1
16047,1787630224,s11,4.693,ok,1
16048,2026-01-11,s3,-0.9403,OK,2
16049,2026-03-13,s20,1.8931,,0
16050,1711348291,s5,1.0445,good,0
16051,1722964452,s10,1.9065,OK,1
16052,1771809595,s13,,,0
16053,2026-06-14,s11,-4.0043,BAD,2
16054,2026-02-18,s5,3.192,OK,1
16055,1773631435,s13,-2.0649,,2
16056,2026-08-10,s3,5.6391,good,1
16057,1716282508,s8,3.5827,OK,0
16058,1752076962,s14,-2.063,,0
16059,2026-08-16,s40,-2.3035,BAD,2
16060,1789623667,s4,-2.6473,BAD,2
16061,2026-04-14,s32,1.7379,ok,0
16062,1760621544,s23,0.8084,,0
16063,2026-03-12,s32,0.2355,,0
16064,2026-09-15,s23,0.2985,good,0
16065,2026-02-13,s36,3.2231,ok,0
16066,1750146956,s40,3.7607,BAD,0
16067,2026-04-12,s18,4.1962,ok,1
16068,1705041334,s22,5.2489,ok,1
16069,2026-03-11,s39,-0.8599,,0
16070,1768139655,s7,2.7491,BAD,1
16071,1725542433,s27,-0.3216,,0
16072,1758963021,s15,6.0349,BAD,1
16073,2026-09-13,s26,-3.7357,,2
16074,2026-06-10,s35,0.3155,BAD,0
16075,2026-06-17,s4,-4.3017,BAD,2
16076,1719440281,s10,-1.4211,BAD,0
16077,2026-03-17,s35,8.2418,,1
16078,1751050258,s15,-1.4715,OK,2
16079,1781398259,s38,3.7233,OK,1
16080,1748070715,s21,0.325,,2
16081,2026-03-14,s21,-1.5484,BAD,2
16082,2026-06-14,s17,-2.0414,,2
16083,2026-06-14,s21,4.7599,good,1
16084,1746282915,s12,3.0298,BAD,0
16085,1766655701,s6,-4.3983,BAD,2
16086,1762111725,s23,-4.1182,good,2
16087,1736454423,s39,0.6962,BAD,0
16088,1754308201,s14,5.0618,ok,1
16089,1708121200,s19,-2.4956,good,2
16090,1756390302,s17,6.3596,ok,1
16091,1757455637,s21,6.6642,good,1
16092,1765945301,s11,1.163,ok,0
16093,1712042165,s21,0.9658,,0
16094,2026-08-11,s17,6.8654,good,1
16095,1755983520,s23,,,2
16096,2026-03-14,s5,-3.7936,BAD,2
16097,2026-09-14,s25,-5.2607,ok,2
16098,2026-01-15,s7,,good,1
16099,2026-07-17,s11,-3.2428,BAD,2
16100,1701713869,s18,3.1023,good,1
16101,2026-04-10,s18,-2.5148,,2
16102,2026-03-11,s18,-1.5538,,2
16103,2026-02-15,s21,5.2579,,1
16104,2026-05-17,s10,-3.3754,good,2
16105,2026-02-14,s25,2.4755,ok,0
16106,2026-05-17,s5,-4.0473,OK,2
16107,1721025465,s26,2.2152,BAD,0
16108,2026-04-13,s19,6.0978,,1
16109,1764776785,s8,0.6986,ok,0
16110,2026-04-18,s10,5.7444,,1
16111,1773857843,s39,3.114,ok,1
16112,1764341379,s23,7.8463,,1
16113,2026-09-15,s27,-2.7469,ok,2
16114,1707193395,s28,-1.4589,ok,2
16115,1723269889,s32,-1.0141,ok,2
16116,1747771055,s10,1.2496,,0
16117,2026-04-15,s29,1.5449,OK,2
16118,1755165151,s19,5.6427,OK,1
16119,1775981471,s14,2.2608,,0
16120,2026-02-11,s25,-1.5896,OK,2
16121,2026-06-14,s37,-3.0154,BAD,2
16122,1706338274,s18,-4.2819,BAD,2
16123,1715252276,s39,1.9088,good,0
16124,2026-02-18,s6,5.9919,good,1
16125,1779326969,s1,6.7637,BAD,1
16126,2026-08-17,s18,6.1253,ok,1
16127,1772998552,s19,2.3995,ok,0
16128,1720825708,s38,2.0156,ok,0
16129,1727512668,s11,0.194,BAD,0
16130,1788867180,s7,1.1335,,0
16131,2026-04-11,s4,-2.5884,good,2
16132,2026-06-11,s9,,good,0
16133,1754174230,s37,3.2882,ok,1
16134,1749104965,s11,1.1245,BAD,0
16135,1767356021,s25,-1.4544,,2
16136,2026-05-10,s10,3.3101,BAD,1
16137,1785338722,s22,-0.8741,ok,2
16138,1769672171,s24,-3.3193,good,2
16139,2026-05-14,s36,5.1904,BAD,1
16140,1732924216,s24,5.6821,OK,1
16141,1763144820,s12,-3.7152,ok,2
16142,2026-06-15,s15,-3.4939,ok,2
16143,1734779665,s36,3.0683,BAD,1
16144,2026-04-17,s13,4.3343,OK,1
16145,2026-03-11,s23,-1.1986,ok,0
16146,2026-01-16,s23,-5.3022,BAD,2
16147,1707610240,s30,-3.9052,BAD,2
16148,1707447525,s11,1.0222,OK,0
16149,1706947826,s5,2.2454,OK,0
16150,2026-09-16,s24,-0.5388,ok,2
16151,1758464850,s35,-1.2792,BAD,0
16152,2026-04-15,s26,-2.39,good,2
16153,2026-01-17,s18,1.4239,OK,1
16154,1785086556,s36,5.3986,OK,1
16155,2026-07-19,s16,-3.0302,ok,2
16156,1767836536,s11,3.1977,good,1
16157,1700531596,s32,-1.1219,,0
16158,2026-05-15,s6,-5.6753,,2
16159,2026-01-11,s34,-4.4011,ok,2
16160,2026-04-15,s21,4.522,BAD,1
16161,2026-09-12,s16,5.7501,BAD,0
16162,1739661796,s18,-1.3315,ok,0
16163,1778715332,s29,0.2769,ok,0
16164,2026-05-19,s38,-3.1926,,2
16165,1733987354,s35,5.6575,BAD,1
16166,1762175289,s26,1.6386,,0
16167,1771268182,s12,-1.3999,,2
16168,1763101610,s33,6.2251,ok,1
16169,1739268541,s14,-2.6108,OK,0
16170,1714605064,s2,-1.8338,BAD,2
16171,2026-06-18,s22,-4.9082,OK,2
16172,2026-09-17,s2,0.732,good,0
16173,2026-01-19,s33,0.2625,good,0
16174,2026-01-13,s35,-2.1567,BAD,2
16175,1709995540,s28,1.1855,,0
16176,1761100079,s8,0.2361,good,0
16177,1784419426,s22,,ok,1
16178,1745706884,s33,7.3413,BAD,1
16179,2026-09-13,s29,-3.3238,ok,2
16180,2026-09-17,s38,2.7575,OK,0
16181,1747194911,s25,4.6394,,1
16182,1736710277,s7,0.2018,good,0
16183,1760302140,s21,-7.0992,,2
16184,1707033984,s34,0.8819,ok,0
16185,2026-08-13,s9,-2.6803,BAD,2
16186,1747497809,s35,,OK,1
16187,1732464263,s25,2.2282,ok,0
16188,2026-03-15,s3,,BAD,0
16189,1751120153,s2,3.2593,,1
16190,1765536820,s26,-1.7832,OK,0
16191,1781956243,s5,-3.5474,,2
16192,1729181668,s22,-3.3484,,0
16193,1773893335,s1,-2.1286,,0
16194,1750870675,s8,3.1918,good,1
16195,2026-09-19,s24,-2.791,BAD,2
16196,1748066307,s36,1.5037,ok,1
16197,2026-03-18,s14,-1.0588,OK,0
16198,2026-06-10,s17,-7.701,,2
16199,1722034819,s6,6.2761,good,1
16200,2026-03-17,s26,-4.146,ok,2
16201,1745794921,s35,1.647,ok,0
16202,1726966804,s19,3.9498,good,1
16203,1738161938,s24,6.8331,BAD,1
16204,1759334019,s32,-3.5777,good,2
16205,2026-05-11,s36,5.1449,good,1
16206,1770359585,s12,6.7257,,1
16207,2026-04-17,s21,6.8027,OK,1
16208,1781628980,s14,4.0532,ok,1
16209,2026-07-17,s19,1.3535,ok,0
16210,1715803915,s12,-4.5594,OK,2
16211,1705645687,s10,-3.316,ok,2
16212,2026-06-16,s12,7.532,,1
16213,1787538756,s35,0.2793,good,0
16214,1755813123,s1,-5.109,BAD,2
16215,1737943878,s2,-2.5011,BAD,2
16216,1746428516,s28,6.5762,ok,1
16217,2026-05-19,s28,-2.3319,BAD,2
16218,1776621970,s35,-0.1983,good,0
16219,2026-02-17,s17,5.9382,ok,1
16220,2026-07-17,s19,-1.3717,OK,2
16221,2026-07-16,s17,5.4765,,1
16222,1755962571,s33,-0.034,good,0
16223,1784403933,s10,-2.7956,OK,2
16224,2026-01-19,s11,-0.6853,ok,2
16225,2026-05-18,s33,-2.0883,ok,2
16226,2026-02-17,s22,2.8705,ok,1
16227,1730554771,s2,-0.8505,BAD,0
16228,2026-07-14,s36,-4.8764,,2
16229,1731379288,s39,0.3566,ok,2
16230,1721547381,s20,0.2558,BAD,0
16231,1720534648,s24,-4.5702,BAD,2
16232,1770110849,s18,1.6607,OK,0
16233,1732122485,s30,-1.5158,,0
16234,2026-05-17,s35,-2.0583,BAD,2
16235,1765984688,s5,2.4648,good,0
16236,2026-09-17,s2,1.6159,,0
16237,1743494714,s23,0.1503,good,0
16238,2026-02-12,s19,2.1659,good,0
16239,1769139547,s11,3.9512,good,1
16240,1788524543,s40,-3.5876,good,2
16241,1787845565,s32,0.12,ok,0
16242,1789768189,s39,-1.9205,OK,2
16243,1721864229,s7,4.803,,1
16244,1713746588,s6,3.2395,OK,1
16245,2026-08-12,s29,2.7663,good,0
16246,2026-08-19,s35,4.431,good,1
16247,1766752821,s1,6.4506,BAD,1
16248,2026-03-14,s28,-3.6325,,2
16249,1781443625,s2,-3.2262,BAD,2
16250,2026-01-19,s32,-1.3852,OK,0
16251,2026-03-19,s40,4.9171,ok,1
16252,2026-07-18,s14,-5.7028,BAD,2
16253,1759139401,s25,2.5034,,1
16254,2026-03-13,s10,,BAD,2
16255,1751984800,s20,-4.5795,BAD,2
16256,1743189356,s31,,ok,2
16257,2026-01-14,s39,-0.9416,good,2
16258,2026-03-14,s37,6.4577,BAD,1
16259,1774272387,s11,-0.6742,OK,2
16260,1721669471,s36,0.2544,good,0
16261,1764087259,s2,0.7689,good,1
16262,1702390935,s9,5.7994,good,1
16263,2026-03-15,s28,0.6764,good,0
16264,2026-08-13,s19,-0.788,good,2
16265,2026-08-18,s32,4.0592,OK,1
16266,2026-06-11,s26,4.6959,good,1
16267,2026-07-18,s37,-8.3992,ok,2
16268,2026-07-11,s2,-0.1007,good,0
16269,2026-08-14,s3,-0.3932,,0
16270,1776469600,s10,5.7173,ok,1
16271,1787440468,s28,2.9902,BAD,1
16272,2026-09-13,s26,1.5895,,2
16273,2026-01-10,s33,7.3725,,1
16274,2026-06-12,s10,3.165,,0
16275,1701714019,s38,-2.0434,,2
16276,1785080404,s23,5.0873,good,1
16277,1729532250,s17,7.0977,OK,1
16278,1722630057,s15,1.2369,OK,0
16279,2026-04-14,s30,1.5328,good,0
16280,2026-02-18,s20,-3.3154,ok,2
16281,2026-02-17,s38,-0.4667,ok,0
16282,2026-04-19,s33,0.0595,,0
16283,1771574379,s21,6.0189,OK,1
16284,2026-06-12,s8,-3.8558,good,2
16285,2026-03-12,s9,0.8808,ok,0
16286,1714632801,s15,0.9625,,0
16287,2026-04-13,s12,2.534,OK,1
16288,2026-07-12,s8,-1.0701,BAD,0
16289,2026-09-13,s19,-2.7706,,0
16290,1745696195,s36,0.8894,OK,2
16291,1755383624,s11,5.6592,good,1
16292,1749744203,s15,-2.0528,good,2
16293,1748354183,s36,5.509,ok,1
16294,1746917827,s34,6.9796,good,1
16295,2026-07-14,s20,3.341,good,1
16296,2026-06-18,s1,0.784,OK,0
16297,2026-09-13,s17,-4.1337,ok,2
16298,1740158232,s14,0.6442,,0
16299,1788286673,s25,3.2752,ok,0
16300,1787795012,s26,-5.4417,ok,2
16301,2026-02-18,s16,0.644,,0
16302,1773033277,s33,7.3203,,1
16303,2026-09-11,s7,-1.024,,0
16304,1757690625,s7,8.0942,BAD,1
16305,1769480796,s31,-0.5205,,0
16306,1749256146,s15,-2.8741,,0
16307,2026-02-12,s26,-2.0626,ok,2
16308,2026-03-11,s39,3.5658,BAD,1
16309,2026-01-18,s25,6.122,good,1
16310,1704568533,s9,5.1567,good,1
16311,1777304603,s13,-3.495,,2
16312,2026-05-16,s7,3.1007,OK,0
16313,2026-01-15,s20,-2.4239,BAD,2
16314,1762309916,s3,10.0489,,1
16315,2026-06-12,s23,-0.6212,BAD,2
16316,1781765216,s37,-3.4706,,2
16317,2026-01-15,s39,-2.6238,good,2
16318,1716727628,s28,-0.6176,good,0
16319,1784352594,s27,1.2034,OK,1
16320,1727837840,s18,-0.0513,good,0
16321,2026-01-18,s7,3.1705,OK,1
16322,2026-08-18,s14,-2.7618,,2
16323,2026-06-15,s37,-1.2278,good,0
16324,2026-02-19,s23,-1.4555,OK,0
16325,1764202390,s14,-3.0237,OK,2
16326,1764826041,s10,-0.7855,,0
16327,1780774316,s4,-2.9013,good,0
16328,1780577784,s40,1.7273,OK,0
16329,2026-09-13,s6,-0.0463,OK,0
16330,1713993008,s36,0.2562,OK,0
16331,1774269317,s3,-5.6144,ok,2
16332,1756391853,s7,1.2585,,0
16333,1702827003,s5,2.6836,OK,1
16334,1704680095,s14,4.2383,,1
16335,2026-01-19,s24,-4.0508,ok,2
16336,1707257325,s22,-4.3912,good,2
16337,2026-05-10,s28,-7.4993,OK,2
16338,1743907698,s26,4.0574,good,0
16339,1747196818,s12,1.8191,,0
16340,1758818245,s18,0.7425,OK,0
16341,2026-09-10,s31,-4.8133,good,2
16342,2026-04-16,s17,-0.4611,,0
16343,2026-08-10,s4,-2.9729,,2
16344,2026-02-18,s13,-1.0043,,2
16345,2026-06-19,s5,-1.0232,OK,0
16346,1712367508,s15,6.4159,,1
16347,1752730376,s39,3.3732,good,0
16348,2026-09-17,s29,-3.3411,OK,2
16349,2026-04-13,s40,-3.756,BAD,2
16350,1777992637,s26,2.4782,ok,0
16351,1748250140,s19,4.3879,,0
16352,2026-06-18,s12,-3.8255,ok,2
16353,1744400596,s7,1.2422,good,1
16354,1756379338,s15,-3.9699,OK,2
16355,1726656151,s7,5.4218,OK,1
16356,2026-03-11,s31,-0.1125,ok,0
16357,1711406525,s5,1.5977,OK,0
16358,2026-09-10,s15,-1.6432,ok,2
16359,2026-04-17,s22,,BAD,1
16360,1731593652,s29,1.4013,OK,0
16361,1756882466,s35,3.9899,OK,1
16362,1754835188,s13,7.3969,good,1
16363,2026-06-14,s39,1.0018,good,0
16364,2026-02-10,s33,2.7317,ok,1
16365,2026-04-19,s19,2.6792,ok,0
16366,2026-08-11,s8,4.7341,OK,1
16367,1712009702,s12,-0.4575,,0
16368,2026-05-15,s16,-2.7464,,2
16369,1784646602,s9,6.4164,good,1
16370,1726580893,s17,-3.8138,BAD,2
16371,1713945079,s31,-0.7703,OK,0
16372,1780918340,s23,,,2
16373,2026-06-15,s29,3.7914,OK,1
16374,2026-09-19,s25,6.1609,,1
16375,1784648340,s29,1.3013,ok,0
16376,2026-09-12,s8,-1.2122,ok,2
16377,1770061798,s17,0.7902,OK,0
16378,1703265971,s10,7.0259,good,1
16379,2026-03-13,s22,,,1
16380,1761433062,s23,7.5987,,1
16381,1788574330,s38,3.7909,,0
16382,2026-06-16,s2,-1.8678,,2
16383,2026-09-12,s12,,BAD,0
16384,1776745424,s19,-0.1571,good,2
16385,2026-04-11,s38,7.6404,BAD,1
16386,1709253162,s19,-4.1472,,2
16387,2026-08-16,s20,0.6703,good,0
16388,1763638826,s29,-0.6649,OK,0
16389,2026-09-11,s37,4.7899,ok,1
16390,1723240535,s13,-2.1784,good,0
16391,1728102255,s39,-2.806,ok,2
16392,1724313949,s22,-0.3161,good,2
16393,1781959712,s26,-2.7556,OK,2
16394,1781208958,s38,1.4847,good,1
16395,1744645981,s19,1.1719,good,0
16396,2026-08-16,s33,3.5362,good,1
16397,1738207121,s4,-0.3715,BAD,0
16398,1707075091,s27,3.0706,BAD,0
16399,1710853461,s14,-4.1048,good,2
16400,1755133987,s3,,OK,1
16401,1733489400,s18,,good,0
16402,2026-02-12,s15,-4.06,BAD,2
16403,2026-01-19,s36,-0.7888,OK,2
16404,1742353023,s32,-3.067,ok,2
16405,1738466181,s11,-2.3574,OK,2
16406,2026-02-14,s33,1.836,OK,1
16407,2026-07-18,s18,2.7072,,1
16408,2026-01-19,s3,-0.9543,OK,0
16409,2026-05-14,s13,0.0891,BAD,2
16410,1732431249,s20,-1.2157,OK,2
16411,1707861080,s18,-0.1414,,0
16412,1762572186,s6,-1.6726,,2
16413,1705068134,s18,1.1106,good,0
16414,1787111529,s7,0.4289,good,0
16415,2026-02-19,s7,0.0045,BAD,0
16416,2026-02-18,s1,-0.0097,BAD,0
16417,2026-03-10,s21,5.4539,OK,1
16418,1730203642,s23,2.2931,good,1
16419,2026-01-19,s4,3.3367,good,1
16420,1739929362,s37,-1.6728,good,0
16421,2026-04-13,s8,1.0574,BAD,0
16422,1775730975,s36,-6.6774,good,2
16423,2026-06-15,s21,-0.2711,BAD,0
16424,2026-04-16,s35,-2.1629,OK,2
16425,2026-06-11,s14,1.6551,good,1
16426,2026-09-18,s37,2.936,,0
16427,1761505353,s29,1.9938,OK,0
16428,1728447067,s40,4.4111,ok,0
16429,1754945963,s24,6.7156,ok,1
16430,2026-09-16,s33,1.1856,,0
16431,2026-07-10,s26,-0.6415,good,2
16432,1709341942,s40,-1.2118,BAD,0
16433,1753893847,s35,-0.1114,good,2
16434,1714836376,s4,1.5863,good,1
16435,2026-02-11,s40,-3.3407,OK,2
16436,1734948034,s32,5.4304,good,1
16437,1725410480,s26,-0.2167,,0
16438,2026-09-16,s28,0.1929,,0
16439,2026-01-15,s31,3.7702,ok,0
16440,1754468085,s37,-7.3917,,2
16441,1712610943,s9,0.8223,,0
16442,1737526545,s6,2.5348,good,1
16443,2026-09-17,s12,0.4779,good,0
16444,2026-09-14,s14,-3.3295,good,2
16445,2026-06-12,s22,-3.4906,good,2
16446,2026-01-11,s25,-4.5447,,2
16447,1788137793,s28,-2.0598,OK,0
16448,1754124472,s35,-0.6309,OK,0
16449,1751562275,s22,0.8943,good,0
16450,1720252232,s22,0.3739,ok,0
16451,2026-01-15,s1,-5.9794,BAD,2
16452,1719479838,s37,4.3697,good,1
16453,2026-08-16,s4,2.3487,BAD,1
16454,1766241681,s24,-4.3986,,2
16455,2026-05-10,s32,2.7924,ok,0
16456,2026-04-14,s14,-5.569,ok,2
16457,2026-07-18,s2,3.1913,,0
16458,2026-05-18,s1,4.4057,BAD,1
16459,2026-08-12,s13,0.7334,ok,0
16460,2026-07-16,s37,-1.7708,BAD,0
16461,1722568147,s1,2.8159,OK,0
16462,2026-09-18,s6,-2.0303,,0
16463,1719049754,s7,3.5291,,1
16464,2026-05-17,s26,-1.674,BAD,0
16465,2026-09-18,s3,-5.1847,OK,2
16466,1757898125,s11,2.2214,good,0
16467,2026-03-15,s6,-2.9475,good,2
16468,2026-02-19,s9,3.2146,ok,1
16469,2026-01-15,s5,1.5964,ok,0
16470,1740186252,s18,,ok,0
16471,1706818357,s8,-4.6614,,2
16472,2026-04-16,s22,6.5457,good,1
16473,2026-02-16,s22,-1.5859,,0
16474,2026-07-19,s4,6.3719,good,1
16475,1734288639,s2,1.5002,,0
16476,1726934718,s3,-1.4922,ok,2
16477,1734763855,s8,-1.2549,OK,0
16478,2026-08-11,s11,1.1138,good,0
16479,2026-09-17,s34,-0.3588,good,0
16480,2026-03-11,s6,3.87,BAD,0
16481,1712960994,s3,0.211,good,0
16482,1721824804,s26,-0.8635,good,0
16483,1768721074,s15,-0.7872,good,2
16484,2026-06-13,s5,5.4162,BAD,1
16485,1708965596,s34,-2.0065,OK,2
16486,1782631636,s12,3.64,,1
16487,2026-01-12,s2,-2.8867,,2
16488,1723317373,s1,-0.5197,BAD,0
16489,1771787627,s35,3.7787,OK,0
16490,1735253772,s12,-4.1031,ok,2
16491,1704183055,s36,-2.5054,BAD,2
16492,1740822746,s34,-1.829,OK,2
16493,1707763900,s40,3.6886,ok,1
16494,1715943783,s3,,ok,2
16495,1785182852,s32,-2.5633,,2
16496,1753891772,s24,3.0313,ok,0
16497,1705193043,s24,5.224,good,1
16498,1745467371,s9,2.8112,BAD,1
16499,2026-08-12,s22,-5.1303,,2
16500,2026-09-10,s31,0.3308,good,2
16501,1770613633,s13,,ok,0
16502,2026-05-18,s7,4.7061,OK,1
16503,1716134159,s37,-1.8662,,2
16504,2026-09-17,s24,0.5738,OK,0
16505,2026-04-13,s29,,BAD,1
16506,2026-08-10,s11,,ok,2
16507,1736825070,s38,2.0985,good,0
16508,2026-01-17,s33,-2.729,OK,2
16509,2026-06-14,s39,2.8008,,0
16510,1736424856,s26,,OK,0
16511,2026-09-15,s21,4.6056,BAD,1
16512,2026-02-13,s8,4.1214,ok,1
16513,2026-04-13,s36,-2.6674,BAD,2
16514,2026-09-10,s15,-3.7457,good,2
16515,1786630724,s37,0.3237,good,0
16516,1765269748,s28,3.6647,ok,1
16517,1754607799,s12,-3.5241,good,2
16518,1762194752,s14,-3.3253,,2
16519,2026-02-19,s13,0.5399,OK,0
16520,1778720375,s22,0.9735,BAD,0
16521,2026-02-11,s19,-2.3835,OK,2
16522,2026-03-15,s37,,good,0
16523,1747347006,s23,4.1651,,1
16524,1707599963,s2,2.7033,BAD,0
16525,2026-09-11,s17,-3.5758,,2
16526,1750113839,s26,4.537,BAD,0
16527,2026-06-16,s27,4.2637,ok,1
16528,2026-02-18,s5,1.6281,OK,2
16529,1777633538,s24,-0.542,,0
16530,2026-04-11,s19,-1.9538,ok,0
16531,1747571768,s12,-3.679,OK,2
16532,1732784816,s25,0.0852,BAD,0
16533,1775243343,s40,0.9932,good,0
16534,1721760808,s2,-1.544,OK,2
16535,2026-02-19,s33,-2.7177,good,2
16536,1765191462,s6,-2.1992,ok,2
16537,1766128536,s24,6.4237,OK,1
16538,2026-06-12,s16,4.7927,good,1
16539,1712997838,s3,-3.99,good,2
16540,1764387651,s38,-2.5941,BAD,2
16541,1743408149,s28,4.8448,good,1
16542,1724026422,s18,-4.5738,OK,2
16543,1767642753,s40,4.4397,,1
16544,1768357601,s11,3.0966,good,0
16545,1710543032,s20,-3.1759,good,2
16546,1717749291,s9,2.3005,BAD,1
16547,2026-01-19,s21,0.9247,good,1
16548,1733159808,s7,-1.1691,OK,0
16549,1773075547,s14,-3.2768,OK,2
16550,1711921733,s13,1.269,good,0
16551,2026-01-19,s23,5.3755,OK,1
16552,1704867012,s31,2.0889,good,0
16553,1713930494,s3,0.7287,good,0
16554,2026-02-17,s3,-0.2566,ok,2
16555,1710020543,s18,-3.0694,,2
16556,1775435825,s35,5.3474,,1
16557,1737570983,s7,4.3593,good,1
16558,2026-06-16,s32,6.1321,,1
16559,2026-03-10,s14,4.6657,,1
16560,1778243793,s33,0.8573,good,0
16561,2026-02-12,s24,-0.492,BAD,0
16562,2026-03-14,s30,5.2256,OK,1
16563,2026-07-15,s33,-1.5954,ok,2
16564,1732161136,s33,1.0579,OK,0
16565,1715014460,s38,0.0277,OK,0
16566,2026-01-18,s23,8.2913,good,1
16567,1730279403,s6,1.085,OK,0
16568,2026-04-17,s22,-2.6441,OK,2
16569,1726263439,s38,-5.7071,good,2
16570,1743890941,s25,-2.3585,ok,2
16571,2026-05-15,s7,0.935,good,0
16572,2026-04-10,s25,1.4049,ok,0
16573,2026-02-13,s20,-3.3395,BAD,2
16574,1708049194,s20,-0.4096,OK,0
16575,1709801105,s27,,BAD,2
16576,1708749407,s33,1.6406,OK,2
16577,2026-08-17,s40,3.2297,good,0
16578,1753433932,s22,3.5703,good,1
16579,2026-05-15,s15,-1.7079,BAD,0
16580,2026-06-11,s24,3.863,BAD,1
16581,1760282198,s12,5.1575,,1
16582,2026-07-11,s40,1.936,OK,0
16583,2026-09-11,s36,4.0883,BAD,0
16584,2026-07-11,s38,1.2631,good,0
16585,1716087699,s31,-3.9376,BAD,2
16586,1719877427,s38,-3.3805,good,2
16587,2026-06-15,s5,-0.8798,OK,2
16588,2026-08-13,s23,-0.1167,OK,0
16589,1781916806,s15,4.0352,good,1
16590,2026-05-12,s19,3.1864,ok,0
16591,1712818810,s27,0.6367,,0
16592,2026-04-17,s12,5.1476,good,1
16593,1750578100,s21,-3.9075,OK,2
16594,2026-09-10,s19,,BAD,0
16595,2026-01-18,s16,5.4821,OK,1
16596,2026-02-10,s23,4.9074,OK,0
16597,1786452669,s8,2.69,ok,1
16598,2026-03-15,s16,0.9399,,2
16599,2026-05-17,s37,6.6858,BAD,1
16600,2026-01-11,s8,2.0644,ok,0
16601,2026-06-18,s8,-0.3432,OK,2
16602,1749149109,s19,0.804,good,0
16603,2026-03-14,s29,-1.4011,OK,0
16604,1767579560,s28,-1.2704,,0
16605,2026-07-14,s24,3.3645,ok,0
16606,1716043031,s11,3.5857,OK,1
16607,1755297096,s19,3.2179,BAD,0
16608,2026-09-11,s33,1.3294,,0
16609,1747115794,s37,4.9866,ok,1
16610,2026-02-11,s7,6.3955,BAD,1
16611,2026-01-11,s39,-2.7137,good,2
16612,1729262401,s3,1.0303,BAD,0
16613,2026-05-13,s6,2.5193,OK,0
16614,1707643582,s24,0.9807,BAD,0
16615,2026-04-11,s15,5.4295,,0
16616,1736850378,s5,0.9561,BAD,1
16617,1733068621,s23,-2.0114,OK,2
16618,1770171336,s26,1.9753,good,0
16619,2026-09-15,s28,1.3171,good,2
16620,1741490462,s18,5.2161,good,1
16621,2026-09-12,s29,2.5251,BAD,1
16622,1702167718,s38,-2.4301,OK,2
16623,1738817584,s17,5.1775,OK,1
16624,2026-06-16,s15,6.4876,ok,1
16625,1740473393,s3,0.9303,,1
16626,2026-03-11,s38,5.7602,,1
16627,2026-06-19,s18,0.349,good,2
16628,2026-04-15,s12,-1.7814,ok,2
16629,2026-05-19,s19,-3.7911,,2
16630,1733998161,s3,-2.2322,,2
16631,2026-07-13,s10,-2.225,good,2
16632,2026-01-17,s22,5.0642,,1
16633,1702772857,s38,-5.9902,,2
16634,2026-03-18,s21,-6.8676,ok,2
16635,2026-04-10,s34,1.8619,,0
16636,1765034717,s5,4.4226,OK,1
16637,2026-04-17,s36,2.5417,BAD,0
16638,1738924914,s2,-2.0987,,0
16639,2026-09-15,s37,6.3073,good,1
16640,2026-04-12,s32,4.8327,OK,1
16641,1706752053,s24,5.7708,ok,1
16642,1774511553,s6,-4.8151,good,2
16643,2026-06-12,s5,-5.6696,OK,2
16644,1745692330,s20,6.5434,,1
16645,2026-03-12,s22,-0.4111,ok,0
16646,2026-04-10,s25,0.8417,,0
16647,1723915058,s23,4.1366,,1
16648,2026-04-19,s15,4.7007,BAD,0
16649,2026-07-10,s20,2.903,,0
16650,2026-05-19,s25,4.9413,,1
16651,1707570710,s35,-3.563,BAD,2
16652,1775807617,s38,-4.3891,ok,2
16653,1740115767,s28,6.7885,good,1
16654,2026-02-10,s33,7.0154,BAD,1
16655,2026-02-12,s1,-6.0692,ok,2
16656,2026-03-12,s18,2.0161,OK,0
16657,1762570836,s12,-2.3363,good,2
16658,2026-09-18,s5,0.6341,ok,0
16659,1778054660,s9,-3.1455,good,2
16660,1750616246,s10,0.6242,OK,2
16661,2026-09-13,s19,-7.6751,ok,2
16662,2026-03-12,s6,-1.1819,,1
16663,1727897247,s33,3.0337,OK,1
16664,1701741549,s10,1.6522,OK,0
16665,1750290538,s20,-1.4212,good,2
16666,1749106865,s8,6.4087,good,1
16667,2026-04-19,s32,5.2957,ok,1
16668,2026-07-19,s17,2.5638,good,0
16669,2026-09-16,s4,1.1888,,0
16670,1737186692,s19,2.147,OK,0
16671,1777275113,s16,-4.0067,BAD,2
16672,1779410765,s10,-2.606,BAD,2
16673,1736250669,s23,2.4843,,0
16674,1749701288,s31,2.8084,good,1
16675,1735438690,s28,3.1577,good,1
16676,1738134962,s10,-5.6548,ok,2
16677,2026-05-16,s34,-0.2564,BAD,2
16678,1714476653,s21,3.7414,OK,1
16679,2026-09-11,s40,-3.861,,2
16680,2026-09-13,s15,-4.9639,ok,2
16681,2026-03-14,s16,3.9246,,1
16682,2026-04-13,s2,0.1452,,0
16683,1785494375,s8,5.276,,1
16684,2026-09-14,s39,2.4956,good,1
16685,1712545537,s7,-0.7253,,2
16686,1713996446,s6,5.7976,,1
16687,2026-06-11,s18,1.0755,ok,1
16688,1725960082,s28,1.9559,,0
16689,1717531013,s30,-2.5043,ok,2
16690,2026-04-19,s36,0.7761,BAD,0
16691,1779931521,s8,3.738,ok,1
16692,1734219093,s33,0.1948,BAD,0
16693,1739443219,s7,-4.9562,,2
16694,2026-04-16,s13,-1.6177,ok,0
16695,2026-06-17,s1,-3.5328,good,2
16696,2026-04-19,s1,-2.554,good,0
16697,1749694419,s2,-4.4342,good,2
16698,2026-09-19,s3,-0.5155,,0
16699,1749333648,s18,0.6275,BAD,0
16700,2026-08-19,s1,-3.1932,good,2
16701,2026-05-10,s20,1.0041,BAD,0
16702,2026-01-19,s1,-0.2406,,0
16703,2026-06-16,s38,2.4535,,0
16704,1754360827,s2,-0.3513,ok,0
16705,2026-03-10,s15,-0.7322,,2
16706,1708602929,s24,2.5826,OK,0
16707,1710693152,s14,-3.956,good,2
16708,1753894761,s1,,ok,2
16709,1779962333,s23,0.5582,,2
16710,1726968883,s12,-2.6262,BAD,2
16711,2026-01-11,s16,2.5702,BAD,0
16712,2026-02-18,s15,-4.1558,OK,2
16713,1700776915,s19,1.9031,OK,1
16714,2026-03-14,s33,-1.8522,,2
16715,2026-04-16,s25,-0.4237,ok,0
16716,1767096432,s36,-2.2079,good,2
16717,2026-08-13,s17,,,0
16718,1736632535,s11,-4.6371,good,2
16719,2026-02-10,s38,-3.9954,OK,2
16720,1743807505,s30,,BAD,1
16721,2026-03-10,s18,2.421,good,1
16722,1781235658,s16,0.6168,BAD,0
16723,1710745288,s14,6.819,OK,1
16724,1784623001,s16,2.5721,good,1
16725,2026-08-15,s30,4.5751,,1
16726,2026-09-17,s35,-0.4102,ok,0
16727,2026-01-14,s19,-5.4782,good,2
16728,2026-09-16,s34,-2.7001,BAD,2
16729,1732643553,s24,-1.5724,good,2
16730,2026-03-12,s5,,OK,2
16731,2026-04-17,s26,5.228,ok,1
16732,1769290201,s12,6.5255,OK,1
16733,1755222428,s21,-1.4849,BAD,2
16734,2026-05-16,s22,5.9926,OK,1
16735,1704568941,s23,-2.6908,OK,2
16736,2026-09-16,s16,3.7119,good,0
16737,2026-06-14,s20,-1.2214,good,2
16738,2026-03-18,s16,-1.3507,ok,2
16739,1762191563,s13,3.3887,BAD,1
16740,2026-06-18,s3,-4.789,OK,2
16741,1706669083,s28,0.9802,ok,1
16742,1705146749,s8,0.234,ok,0
16743,2026-01-10,s15,0.4417,OK,0
16744,1731439063,s8,-2.4227,good,0
16745,2026-07-14,s29,-2.8198,good,2
16746,2026-01-16,s5,2.4123,BAD,1
16747,1784919866,s34,3.9658,BAD,0
16748,2026-01-17,s19,-3.6324,,2
16749,2026-03-15,s19,-4.6484,good,2
16750,1741948696,s3,5.3244,good,1
16751,1709521225,s6,-4.8476,ok,2
16752,2026-03-12,s7,3.0224,good,0
16753,2026-03-14,s19,0.8528,good,0
16754,1764903353,s15,-0.9673,good,0
16755,1754031374,s2,,,2
16756,2026-05-12,s22,0.8247,BAD,0
16757,2026-01-17,s17,-4.2411,good,2
16758,1744003616,s26,-5.1348,ok,2
16759,1756321073,s14,1.0743,BAD,1
16760,2026-02-19,s9,3.5615,BAD,1
16761,2026-06-14,s37,4.438,BAD,1
16762,1728614327,s3,4.437,BAD,0
16763,2026-04-14,s2,6.4711,OK,1
16764,2026-03-11,s19,-1.0571,ok,2
16765,1735540051,s25,-4.209,good,2
16766,2026-06-17,s39,2.3239,OK,1
16767,2026-08-19,s3,1.4233,,0
16768,2026-06-13,s34,0.4684,ok,0
16769,2026-02-14,s33,-0.2884,BAD,2
16770,2026-05-12,s11,-0.6416,BAD,0
16771,2026-02-12,s9,-6.8921,OK,2
16772,2026-04-17,s38,-4.0742,BAD,2
16773,2026-09-12,s9,-2.4308,OK,2
16774,2026-09-12,s15,-1.3391,good,2
16775,2026-03-13,s31,-1.4747,good,2
16776,2026-01-15,s23,5.2455,good,1
16777,1778906058,s20,-1.8948,OK,0
16778,2026-05-11,s40,4.0434,,1
16779,2026-06-14,s7,-4.0409,good,2
16780,2026-01-14,s5,3.2723,,1
16781,2026-01-19,s9,2.7078,BAD,1
16782,2026-06-14,s26,-0.3007,ok,0
16783,2026-03-12,s27,-1.8511,BAD,2
16784,1740708067,s5,0.0375,ok,0
16785,2026-02-14,s5,1.6093,good,0
16786,2026-07-11,s22,1.4039,ok,1
16787,1758018836,s9,3.0094,,0
16788,2026-05-15,s3,-3.9257,good,2
16789,2026-04-17,s29,5.777,OK,1
16790,2026-05-18,s27,1.3325,BAD,0
16791,2026-06-13,s13,3.9281,,1
16792,1778741703,s17,-2.6874,ok,0
16793,2026-06-17,s9,4.0011,OK,1
16794,1776236082,s29,,ok,0
16795,2026-02-13,s39,-1.682,BAD,2
16796,1736994938,s1,4.3318,OK,0
16797,1784667689,s38,-2.7337,good,2
16798,2026-09-17,s8,3.7039,BAD,0
16799,1702541973,s3,4.7708,,1
16800,2026-07-17,s14,1.3152,,0
16801,2026-07-17,s7,3.9547,OK,1
16802,1762779114,s18,5.6542,ok,1
16803,1763954343,s33,-0.5912,,0
16804,2026-03-18,s21,-0.9262,BAD,2
16805,1780186394,s1,4.3824,,1
16806,2026-07-14,s19,2.1922,,1
16807,2026-09-19,s29,,ok,1
16808,1747278756,s22,2.1166,ok,0
16809,2026-07-11,s20,3.229,good,1
16810,1713783660,s39,6.7971,OK,1
16811,2026-04-14,s15,2.8152,ok,1
16812,2026-08-13,s20,2.6519,,0
16813,2026-03-10,s18,-0.264,OK,2
16814,2026-02-13,s9,-1.5197,OK,2
16815,2026-09-18,s40,4.4082,good,1
16816,1775209529,s35,2.8723,ok,0
16817,1744990988,s23,-2.5225,BAD,2
16818,2026-07-12,s20,1.7492,OK,0
16819,1743598492,s27,1.2277,good,0
16820,1713516749,s8,-1.6903,ok,2
16821,1715698108,s27,5.4433,ok,1
16822,1722975880,s23,-3.0995,good,2
16823,2026-04-18,s15,1.8042,,0
16824,2026-03-11,s18,-0.3376,OK,0
16825,2026-07-10,s12,2.7997,BAD,1
16826,1719647882,s10,-1.6028,ok,2
16827,1719074832,s19,4.4369,,1
16828,2026-02-15,s39,1.8152,BAD,0
16829,2026-09-11,s37,3.5681,OK,0
16830,1722253345,s23,-0.2662,OK,0
16831,2026-02-19,s6,5.5096,good,1
16832,2026-04-13,s2,-2.1857,OK,2
16833,1751650555,s10,-2.3035,,2
16834,1708722572,s12,-2.8859,,2
16835,1770785183,s31,2.9054,good,0
16836,1774082085,s18,1.6025,BAD,0
16837,2026-02-18,s40,3.6334,ok,1
16838,2026-01-11,s26,1.8024,OK,0
16839,1704431379,s18,-1.1192,ok,0
16840,1745846649,s33,2.9341,BAD,0
16841,2026-06-16,s7,6.1189,BAD,1
16842,1746100565,s1,,OK,1
16843,1780611837,s4,-2.0876,ok,2
16844,2026-09-12,s24,1.152,OK,0
16845,1731434593,s9,1.1834,OK,0
16846,2026-07-16,s38,2.3965,OK,0
16847,2026-06-12,s39,6.123,good,1
16848,1776761297,s11,1.4436,,0
16849,1728561625,s22,-3.7992,OK,2
16850,1785354231,s37,-3.517,good,2
16851,2026-07-19,s6,5.9571,BAD,1
16852,2026-08-16,s12,5.884,ok,1
16853,1719005134,s36,-2.0224,BAD,2
16854,2026-05-15,s34,7.0686,OK,1
16855,2026-03-15,s8,8.0097,OK,1
16856,1789775859,s18,5.2478,OK,1
16857,2026-08-10,s5,1.2229,OK,0
16858,2026-08-19,s13,0.1345,good,0
16859,2026-06-13,s39,-3.9371,,2
16860,2026-03-15,s22,,,1
16861,1787966278,s16,-3.988,BAD,2
16862,1733578008,s19,-5.8099,ok,2
16863,2026-02-19,s10,4.5432,ok,1
16864,1728166543,s1,-5.2989,ok,2
16865,2026-05-16,s32,-4.6665,good,2
16866,2026-03-11,s23,-4.9462,good,2
16867,2026-03-16,s35,-1.8515,OK,2
16868,2026-05-16,s35,-3.5137,good,2
16869,2026-06-13,s13,-4.7716,good,2
16870,1737819024,s30,4.2706,good,0
16871,2026-08-11,s37,-2.076,,2
16872,1725494078,s37,,OK,0
16873,1715204534,s34,-2.5275,,2
16874,1713115212,s38,3.7037,BAD,1
16875,2026-05-11,s3,1.4882,OK,0
16876,2026-04-16,s31,0.1035,OK,0
16877,2026-02-12,s34,3.9288,ok,1
16878,1709554858,s38,-3.8231,,2
16879,2026-03-13,s20,-1.6808,OK,2
16880,2026-02-15,s20,-0.2326,BAD,0
16881,2026-04-10,s20,,ok,1
16882,1713386628,s24,-2.8177,good,2
16883,2026-06-18,s19,0.1278,OK,0
16884,2026-06-18,s3,3.9167,ok,1
16885,2026-07-11,s30,0.6071,ok,0
16886,1775398791,s39,6.3301,good,1
16887,2026-04-15,s15,5.0556,BAD,1
16888,1728111130,s20,2.2913,ok,0
16889,2026-07-19,s33,2.1804,good,1
16890,1768506020,s8,2.7789,OK,0
16891,1717497680,s11,2.3206,ok,1
16892,1787869316,s30,1.6233,BAD,0
16893,2026-07-14,s17,3.7318,BAD,0
16894,1785379075,s25,-6.7335,,2
16895,2026-04-12,s3,-2.3901,good,2
16896,1750868131,s26,4.6281,ok,1
16897,2026-08-10,s37,-1.2467,OK,2
16898,2026-03-19,s27,-0.4805,ok,0
16899,2026-07-10,s12,-5.1412,OK,2
16900,1732139525,s15,-1.9479,,2
16901,2026-04-10,s11,-1.3764,OK,2
16902,2026-09-16,s15,0.1276,ok,0
16903,2026-07-13,s25,3.1606,BAD,0
16904,2026-01-12,s2,0.2039,good,0
16905,1738744461,s4,-4.4545,good,2
16906,1726194338,s3,-1.0724,good,0
16907,2026-03-12,s6,6.4352,,1
16908,1777512423,s1,3.8238,BAD,1
16909,2026-05-12,s5,-2.415,ok,2
16910,2026-02-12,s22,-2.948,ok,2
16911,2026-07-15,s29,4.299,good,0
16912,2026-03-16,s14,5.5977,,1
16913,2026-03-14,s12,4.0162,OK,1
16914,2026-04-10,s24,,OK,1
16915,2026-02-16,s36,3.3779,OK,1
16916,2026-06-12,s14,-1.0334,OK,2
16917,1710831482,s3,-4.476,BAD,2
16918,1735959490,s35,4.1031,good,0
16919,1762839561,s4,5.2235,OK,1
16920,2026-05-11,s18,5.1961,BAD,1
16921,1721263324,s7,-1.7722,good,0
16922,1757413803,s13,-5.974,good,2
16923,2026-01-19,s27,3.5235,,1
16924,2026-02-17,s32,2.1546,,0
16925,1724763782,s1,-0.1464,OK,0
16926,1751346522,s30,-0.3794,ok,0
16927,1743337905,s23,-0.3135,OK,0
16928,1782723292,s24,4.6942,OK,1
16929,2026-05-19,s25,2.682,ok,1
16930,1748297587,s9,,good,0
16931,1710400402,s33,2.5933,OK,1
16932,2026-09-17,s37,0.6797,OK,0
16933,1734042972,s38,3.2006,good,1
16934,1769526234,s22,5.3238,,1
16935,1705038386,s22,-1.3875,good,0
16936,1718650487,s4,-1.3129,ok,2
16937,2026-09-19,s21,0.4663,BAD,0
16938,1789430590,s31,6.4043,,1
16939,2026-07-13,s38,5.0859,OK,1
16940,1759236330,s5,-0.7088,good,2
16941,1783952346,s27,-4.0313,OK,2
16942,2026-05-14,s28,0.9768,BAD,0
16943,2026-02-16,s4,,,0
16944,1710662196,s13,-2.1622,,2
16945,1722042813,s31,1.6935,good,0
16946,1703208656,s11,0.217,good,0
16947,1786859723,s39,1.3578,ok,0
16948,1757276355,s9,2.9814,good,1
16949,2026-06-10,s39,,good,1
16950,1741325456,s23,-4.2116,BAD,2
16951,2026-05-15,s37,6.6497,good,1
16952,1736960882,s35,4.3072,OK,1
16953,1730144956,s3,3.017,BAD,0
16954,2026-08-18,s29,0.3106,BAD,2
16955,1703878156,s21,-3.1537,good,2
16956,1724058275,s4,6.4552,OK,1
16957,2026-08-15,s29,-0.597,BAD,0
16958,2026-04-16,s6,5.014,,1
16959,2026-05-10,s7,-4.0046,,0
16960,1749907561,s30,-1.3204,,0
16961,1752821181,s23,-3.2698,ok,2
16962,2026-06-14,s33,3.0842,good,0
16963,1731194195,s12,-2.5,BAD,2
16964,2026-04-14,s14,2.5339,good,0
16965,2026-08-13,s33,-2.441,ok,2
16966,2026-04-15,s19,-3.0408,OK,0
16967,1713364464,s2,2.2052,,0
16968,2026-03-15,s24,1.1484,ok,0
16969,2026-07-10,s10,-2.6711,OK,2
16970,1775588331,s37,-2.2812,ok,2
16971,2026-02-19,s20,1.9236,OK,0
16972,1713907100,s9,-1.0856,OK,2
16973,2026-09-17,s29,-0.5559,OK,0
16974,2026-02-13,s34,2.7599,ok,1
16975,2026-05-14,s9,-3.5811,,2
16976,1710193026,s35,-3.3443,good,2
16977,2026-05-18,s23,3.664,good,0
16978,1718416127,s23,6.4361,OK,1
16979,1764292366,s20,1.0624,good,0
16980,1725195818,s26,0.3359,good,0
16981,2026-01-13,s36,-3.9998,good,2
16982,1741809294,s10,6.0181,good,1
16983,1752919397,s12,0.8179,good,2
16984,2026-01-11,s17,-7.8612,ok,2
16985,1705358070,s40,2.3339,good,1
16986,1707125766,s39,-2.6585,,0
16987,1773276521,s16,-1.6916,OK,0
16988,2026-01-14,s29,1.4311,BAD,0
16989,1713544937,s16,-3.7788,BAD,2
16990,1735959313,s39,0.5772,,0
16991,2026-07-19,s20,4.5528,BAD,1
16992,2026-09-13,s10,-1.6518,BAD,0
16993,1701910235,s14,-3.2823,ok,2
16994,2026-07-12,s27,6.6583,good,1
16995,1714303330,s18,-0.5138,BAD,0
16996,1727500610,s4,-4.353,,2
16997,1731040931,s21,3.8381,good,1
16998,1711041302,s11,-3.9486,good,2
16999,1716772945,s2,0.745,OK,0
17000,2026-09-18,s35,,,0
17001,1720233377,s13,1.2612,good,0
17002,2026-07-13,s22,-2.7012,good,2
17003,1741390861,s16,-0.0034,OK,2
17004,2026-05-19,s38,5.4672,BAD,1
17005,1748510474,s21,-1.4116,,0
17006,2026-05-14,s4,-3.3779,,2
17007,2026-03-18,s39,-1.2373,good,2
17008,1744609744,s26,0.6152,,0
17009,2026-01-14,s6,0.715,OK,0
17010,2026-06-11,s24,6.3538,OK,1
17011,2026-08-16,s2,3.4148,BAD,1
17012,1702692471,s6,-4.6685,OK,2
17013,2026-02-14,s3,8.9973,BAD,1
17014,1745758589,s32,2.4326,OK,0
17015,2026-09-10,s28,-1.3318,OK,0
17016,1722736106,s24,-2.7887,OK,2
17017,2026-03-12,s5,-3.6227,BAD,2
17018,2026-07-17,s8,7.1523,ok,1
17019,1745743851,s6,0.2133,good,0
17020,1740969468,s10,-5.8572,,2
17021,2026-02-12,s30,-5.8499,,2
17022,1782929235,s5,-4.0654,,2
17023,2026-01-16,s3,-3.5964,BAD,2
17024,1764712645,s34,2.9256,,0
17025,2026-01-11,s26,,good,0
17026,2026-08-19,s26,1.9544,ok,1
17027,1714676061,s16,-0.338,,2
17028,1705698950,s11,1.6328,good,0
17029,2026-01-18,s24,-0.1507,OK,0
17030,2026-01-15,s6,-6.7984,good,2
17031,2026-07-17,s9,2.8967,BAD,1
17032,2026-05-18,s28,-2.4451,,0
17033,1775530071,s2,0.1116,,1
17034,2026-08-17,s37,1.9059,,0
17035,1717085426,s14,0.4632,OK,2
17036,2026-06-17,s5,5.977,BAD,1
17037,1748516572,s17,4.8645,BAD,1
17038,2026-07-11,s20,-6.7584,BAD,2
17039,1705533048,s24,2.0473,ok,1
17040,2026-09-19,s28,-2.2357,OK,0
17041,2026-04-19,s3,1.0124,ok,0
17042,2026-05-13,s1,-1.093,BAD,2
17043,1731418245,s3,4.1325,good,1
17044,1733530064,s30,,BAD,0
17045,2026-01-19,s29,3.9918,,1
17046,2026-07-17,s30,6.3632,OK,1
17047,2026-03-14,s12,-1.0862,good,2
17048,1740962857,s1,-3.1518,OK,2
17049,1716642432,s13,-2.2512,good,2
17050,1748988571,s22,4.2939,BAD,1
17051,2026-01-14,s1,,good,1
17052,2026-09-11,s33,5.4431,OK,1
17053,2026-05-11,s7,0.7812,BAD,0
17054,2026-03-13,s35,3.4253,BAD,0
17055,2026-08-13,s30,-4.0779,BAD,2
17056,1772549198,s32,4.3716,ok,1
17057,2026-05-17,s7,4.1906,ok,1
17058,2026-03-18,s15,1.9288,good,0
17059,2026-05-15,s40,5.5818,ok,1
17060,1748935013,s34,-1.3274,OK,0
17061,1775873491,s16,4.2507,good,1
17062,1773791806,s34,3.775,good,1
17063,1762073794,s18,,BAD,0
17064,1726020272,s28,1.7711,OK,1
17065,2026-02-18,s31,-5.2367,,2
17066,1746652079,s8,6.9813,ok,1
17067,2026-05-15,s22,0.9638,OK,0
17068,1738628537,s9,5.1,BAD,1
17069,2026-01-12,s31,-3.5265,BAD,2
17070,2026-05-17,s10,2.8608,good,0
17071,2026-06-16,s6,6.686,BAD,1
17072,2026-06-14,s18,5.1666,,1
17073,1735200897,s6,-0.1476,OK,0
17074,2026-09-11,s20,2.1073,OK,0
17075,1719527232,s20,0.0072,good,2
17076,1763769559,s10,5.1204,BAD,1
17077,1750485670,s39,-5.6874,,2
17078,1780712531,s24,4.3324,good,0
17079,2026-03-10,s10,-6.524,BAD,2
17080,1700841488,s15,-1.4932,BAD,2
17081,2026-09-17,s25,2.5797,OK,0
17082,2026-07-14,s23,3.8603,BAD,1
17083,1770990062,s6,4.9691,ok,1
17084,1773163547,s32,1.9649,ok,1
17085,2026-01-17,s12,3.3602,OK,1
17086,1783595409,s37,-1.8824,,0
17087,2026-07-14,s14,4.445,ok,1
17088,1736735934,s24,,,0
17089,2026-08-18,s30,-4.2995,ok,2
17090,2026-08-11,s1,2.5821,,1
17091,2026-07-18,s39,6.645,,1
17092,1749458622,s38,6.2966,good,1
17093,2026-05-19,s12,-2.1432,good,0
17094,1730360608,s11,8.3824,BAD,1
17095,1767549248,s16,-2.8102,good,2
17096,2026-06-15,s10,0.9558,ok,0
17097,2026-03-16,s39,2.47,,1
17098,2026-04-16,s1,3.6307,ok,1
17099,1728007005,s18,0.6789,OK,0
17100,2026-07-17,s40,2.3049,ok,1
17101,2026-03-17,s29,1.1978,BAD,0
17102,2026-03-16,s3,6.3378,good,1
17103,1710632700,s24,3.0103,ok,0
17104,2026-01-19,s37,-3.9407,good,2
17105,2026-01-11,s8,1.9878,,0
17106,1773194139,s13,5.2953,good,1
17107,1786202679,s8,-1.7975,,2
17108,2026-08-18,s17,-0.2953,good,2
17109,1712802207,s18,2.9559,,1
17110,1733281136,s40,6.9807,good,1
17111,1728094311,s36,-4.2169,BAD,2
17112,1771685812,s13,4.226,good,1
17113,2026-02-18,s1,-2.5056,good,2
17114,1716425848,s6,-2.4042,BAD,2
17115,2026-09-11,s27,-3.2302,BAD,2
17116,1777684592,s21,1.992,OK,1
17117,1739126552,s23,3.6074,BAD,1
17118,1716091992,s30,4.3503,OK,1
17119,2026-07-12,s34,5.3674,,1
17120,1738351489,s13,-4.3062,OK,2
17121,1764853806,s23,7.631,good,1
17122,1711080149,s17,2.1009,ok,0
17123,1713994188,s39,-3.4308,OK,2
17124,1735239207,s1,2.1167,,0
17125,2026-05-14,s34,6.4603,BAD,1
17126,2026-03-12,s27,-3.7542,OK,2
17127,2026-04-14,s24,-4.8862,ok,2
17128,1778614202,s33,2.0892,good,1
17129,1737961013,s36,4.9308,BAD,1
17130,1781311818,s15,4.4349,good,1
17131,2026-04-11,s22,4.1412,BAD,1
17132,2026-04-12,s27,3.8395,OK,0
17133,2026-04-17,s35,2.2944,good,1
17134,1738080504,s7,1.2467,OK,0
17135,2026-03-14,s2,1.3217,,0
17136,2026-02-12,s3,4.9037,ok,1
17137,2026-04-14,s3,-0.9079,good,2
17138,1700842944,s5,-2.2023,OK,2
17139,1755233051,s18,-2.843,good,2
17140,2026-06-13,s14,-1.7927,good,2
17141,2026-09-16,s38,-2.1628,,2
17142,2026-02-13,s22,6.1402,,1
17143,1770541538,s18,1.1626,,0
17144,1758237091,s29,0.656,,0
17145,1756580487,s14,-3.793,BAD,2
17146,1718766690,s40,-1.9134,,2
17147,2026-03-11,s29,-1.211,BAD,2
17148,1731865341,s19,1.0341,good,0
17149,1700497123,s39,-0.7276,BAD,0
17150,1773926474,s16,-3.594,BAD,0
17151,1707156753,s1,3.9758,BAD,0
17152,2026-08-13,s28,-3.5514,,2
17153,2026-08-17,s40,-1.7143,good,2
17154,1719974985,s3,-0.8222,OK,2
17155,2026-05-12,s11,2.1494,OK,1
17156,2026-05-13,s19,2.4255,,2
17157,1722862536,s4,-0.3648,good,0
17158,2026-02-11,s38,-0.783,OK,2
17159,1781060144,s40,-0.2032,,0
17160,2026-04-10,s19,-0.3125,BAD,0
17161,1754517583,s32,2.2344,BAD,0
17162,2026-09-10,s22,4.5739,BAD,0
17163,1784678998,s3,-1.2707,OK,2
17164,2026-09-17,s17,3.7641,OK,0
17165,1720305483,s30,-3.1789,BAD,2
17166,1739826314,s36,0.1152,good,0
17167,2026-07-11,s17,2.5607,ok,0
17168,2026-07-16,s21,3.7079,OK,1
17169,2026-01-18,s13,-0.8039,,0
17170,1740358579,s11,-1.4572,OK,0
17171,1740703960,s37,1.2873,ok,0
17172,1786015071,s7,-1.3695,good,1
17173,1705854869,s29,-3.1765,OK,2
17174,1786935164,s10,4.8468,,1
17175,2026-09-11,s19,1.9888,,0
17176,2026-05-15,s15,6.4062,,1
17177,1753256493,s11,1.237,ok,0
17178,1778752168,s28,-0.9139,,1
17179,1789749791,s27,1.4048,,0
17180,2026-01-11,s17,-1.4526,BAD,0
17181,1724033043,s9,8.0438,good,1
17182,2026-05-13,s24,-5.5255,good,2
17183,1776248948,s17,-5.8198,ok,2
17184,1723064844,s33,-3.3989,ok,2
17185,1735339694,s6,-1.8926,,2
17186,2026-06-14,s4,0.2236,OK,0
17187,2026-03-18,s7,5.2228,BAD,1
17188,1748826539,s22,5.4675,OK,1
17189,1740793371,s9,-1.4705,OK,2
17190,2026-09-18,s6,-1.8948,,2
17191,1755701596,s26,7.39,good,1
17192,2026-02-14,s24,-6.1036,,2
17193,1717864792,s11,5.2421,OK,0
17194,2026-01-18,s16,2.3609,BAD,0
17195,2026-06-12,s10,,ok,0
17196,1754226262,s3,4.3476,ok,1
17197,2026-09-17,s19,6.1183,OK,1
17198,2026-01-13,s28,4.1158,good,0
17199,1776769981,s2,-2.3294,OK,2
17200,2026-06-12,s37,0.641,BAD,0
17201,1711815426,s36,1.7203,,0
17202,2026-04-15,s37,2.9558,BAD,1
17203,2026-03-19,s5,1.9099,OK,0
17204,1743174707,s35,3.4179,,1
17205,2026-05-12,s32,-3.7997,ok,2
17206,1732430333,s22,-3.6488,BAD,2
17207,2026-04-17,s3,-3.8186,OK,2
17208,1767730299,s36,0.1212,ok,0
17209,1787406489,s21,3.5659,OK,1
17210,2026-05-16,s10,0.5857,good,2
17211,2026-04-14,s3,1.7796,ok,0
17212,2026-06-10,s39,2.9232,ok,1
17213,2026-05-18,s21,-4.0405,BAD,2
17214,2026-09-14,s37,-4.8337,OK,2
17215,2026-05-12,s30,3.5967,ok,1
17216,1728445365,s16,3.2301,good,1
17217,1740992931,s17,-2.6149,good,2
17218,2026-05-16,s29,3.3583,OK,0
17219,2026-03-12,s30,2.2669,ok,0
17220,2026-06-13,s38,0.3689,BAD,0
17221,2026-05-17,s5,3.4672,ok,0
17222,1708689837,s33,1.4309,,0
17223,1778115775,s19,-1.2983,OK,0
17224,1725835607,s20,5.1662,OK,0
17225,2026-09-14,s1,-1.143,BAD,2
17226,1726383281,s31,5.9713,BAD,1
17227,1717190877,s11,-3.863,BAD,2
17228,2026-05-18,s6,0.8819,good,0
17229,2026-03-13,s22,5.0673,BAD,1
17230,2026-06-15,s6,-5.0766,good,2
17231,1748939478,s8,-4.6912,BAD,2
17232,1721260114,s40,-4.0359,,2
17233,2026-08-13,s1,6.8943,good,1
17234,2026-04-15,s10,0.5794,BAD,0
17235,1781702513,s29,2.1614,good,1
17236,2026-07-13,s15,-1.3703,,2
17237,1789199293,s21,2.7341,,0
17238,1753954221,s27,-2.9426,,2
17239,2026-07-17,s13,4.2989,BAD,1
17240,2026-08-16,s10,-0.9413,BAD,2
17241,1731996042,s39,4.1237,ok,1
17242,1784318298,s9,-0.7165,,0
17243,1770389608,s22,-3.251,ok,0
17244,2026-09-12,s25,1.6884,good,0
17245,1750382641,s19,-1.9667,good,2
17246,2026-02-10,s7,-6.5089,BAD,2
17247,2026-07-13,s31,-0.3771,,2
17248,2026-04-11,s30,-2.8516,,2
17249,1702946597,s30,4.7043,OK,1
17250,2026-07-12,s8,,,2
17251,1760745006,s15,-2.0107,OK,2
17252,2026-09-17,s17,-4.4573,good,2
17253,1787623716,s32,4.3388,good,1
17254,1734327421,s31,,good,1
17255,2026-01-14,s27,0.5471,,0
17256,1784985718,s17,0.1903,,0
17257,1746015509,s21,3.0435,ok,0
17258,2026-05-15,s18,-5.005,,2
17259,1751669681,s23,7.9694,ok,1
17260,1714819601,s35,0.1102,good,0
17261,1735286371,s26,2.451,,0
17262,2026-02-18,s30,4.6223,,1
17263,2026-04-19,s24,-0.803,good,0
17264,1729468795,s1,0.4347,OK,2
17265,1719860102,s36,-4.0325,OK,2
17266,1739678169,s2,0.321,ok,0
17267,1783776815,s36,-0.8319,good,0
17268,1778638621,s17,0.9935,ok,0
17269,2026-07-17,s40,,,0
17270,1752638941,s37,3.7236,ok,1
17271,2026-09-12,s25,0.8271,ok,0
17272,1755799495,s18,2.4672,OK,0
17273,1782921620,s27,4.9872,OK,1
17274,1786960736,s33,-0.7383,BAD,2
17275,2026-08-14,s19,6.4206,OK,1
17276,2026-02-10,s26,-0.2039,BAD,0
17277,1772287143,s32,-1.3323,,0
17278,1759960331,s14,1.0453,ok,0
17279,1716145945,s40,2.6842,OK,0
17280,1724801712,s14,-2.3647,good,0
17281,1788126624,s14,-6.1933,OK,2
17282,2026-03-10,s32,3.7609,OK,1
17283,2026-06-16,s25,-5.6884,BAD,2
17284,1712751713,s39,2.6888,BAD,0
17285,2026-03-16,s13,3.2398,,1
17286,2026-02-17,s27,5.9165,OK,1
17287,2026-02-18,s31,6.7971,good,1
17288,1718668594,s37,-3.6304,good,2
17289,1777987424,s28,0.486,BAD,0
17290,1761781984,s30,-3.0039,OK,2
17291,2026-02-10,s10,0.9468,OK,0
17292,2026-03-14,s27,1.1701,ok,1
17293,2026-03-18,s22,-3.5871,,2
17294,2026-06-14,s35,-0.6742,BAD,0
17295,2026-01-11,s40,5.0459,,1
17296,2026-02-12,s9,-2.0236,good,2
17297,1785620924,s23,-4.7179,BAD,2
17298,2026-03-10,s26,-0.0153,,0
17299,1747441719,s21,0.3189,good,2
17300,2026-05-13,s22,0.8327,BAD,1
17301,1708048573,s27,0.3812,,0
17302,1732244000,s13,-0.2027,ok,0
17303,1754674706,s25,4.2424,ok,1
17304,2026-09-17,s13,3.6404,BAD,0
17305,1733443490,s13,-2.0959,ok,2
17306,2026-07-12,s2,6.0645,,1
17307,2026-07-15,s11,2.8586,good,0
17308,2026-08-16,s15,7.3,OK,1
17309,2026-02-16,s33,-4.8277,ok,2
17310,1722411130,s6,1.8585,ok,1
17311,2026-07-19,s5,5.9252,BAD,1
17312,1777499567,s30,-3.466,,2
17313,2026-06-16,s5,5.1842,,1
17314,2026-09-17,s10,4.0309,BAD,1
17315,1757487214,s24,2.6597,OK,1
17316,1757943916,s19,-4.5641,ok,2
17317,1739216253,s5,1.6183,,0
17318,2026-03-16,s15,1.2432,,1
17319,2026-02-19,s9,-2.3915,,2
17320,2026-06-14,s17,-2.6256,,2
17321,2026-06-16,s27,-4.4588,good,2
17322,2026-09-15,s34,-0.2811,good,2
17323,1706585786,s16,5.4804,BAD,1
17324,1710186301,s25,5.5105,good,1
17325,1789263575,s28,-2.8756,,2
17326,2026-06-11,s38,-0.3319,BAD,2
17327,2026-03-13,s29,-3.5602,,2
17328,1746987054,s29,1.7174,ok,0
17329,2026-06-19,s36,7.648,,1
17330,1723402716,s34,2.2315,ok,0
17331,1710350401,s11,1.6369,BAD,2
17332,2026-03-18,s27,4.7188,OK,1
17333,1739938161,s5,-2.1143,BAD,2
17334,1727325930,s9,5.6731,good,1
17335,2026-08-12,s16,-4.0082,BAD,2
17336,1729719780,s35,-2.664,BAD,2
17337,2026-03-15,s17,1.5779,,0
17338,2026-04-19,s18,3.7176,OK,0
17339,1789988538,s19,-0.5172,OK,0
17340,1738810708,s22,4.0909,ok,0
17341,2026-01-14,s39,,ok,1
17342,2026-06-15,s32,-4.7279,BAD,2
17343,2026-05-14,s39,-0.5457,ok,0
17344,2026-06-10,s39,-4.5243,ok,2
17345,1708518280,s11,4.1739,OK,1
17346,1740583086,s7,-3.8757,good,2
17347,2026-02-11,s11,5.1885,,1
17348,1785703551,s32,-5.3985,,2
17349,2026-07-12,s35,-1.0819,OK,2
17350,2026-09-13,s22,4.3731,good,1
17351,1710730018,s33,3.9444,good,1
17352,2026-03-12,s26,2.8804,BAD,1
17353,2026-06-18,s34,-6.7935,ok,2
17354,2026-07-18,s1,-2.2501,OK,0
17355,2026-08-19,s8,8.6538,BAD,1
17356,1786436830,s14,3.1499,OK,0
17357,1727839404,s33,-5.0953,ok,2
17358,2026-06-14,s15,1.7061,OK,1
17359,2026-04-12,s10,-4.9527,,2
17360,1785767532,s12,4.3807,OK,1
17361,2026-01-17,s38,3.6156,,0
17362,2026-02-15,s21,-2.9653,ok,2
17363,2026-08-14,s16,5.8849,,1
17364,2026-07-19,s37,5.4167,good,1
17365,1746164322,s4,5.6912,OK,1
17366,2026-02-18,s33,-2.4545,,2
17367,2026-04-10,s29,-0.3648,BAD,0
17368,1764626051,s30,4.2889,BAD,1
17369,2026-05-15,s25,-3.8336,BAD,2
17370,1718873747,s26,-4.318,good,2
17371,1776413577,s8,2.1231,OK,1
17372,1757836252,s37,5.5515,BAD,1
17373,2026-02-19,s27,-2.8978,OK,2
17374,2026-03-18,s36,-3.4184,ok,0
17375,2026-09-13,s23,0.7814,OK,0
17376,2026-02-18,s25,2.6298,,0
17377,2026-05-14,s25,2.1913,BAD,0
17378,2026-06-16,s25,2.4019,OK,0
17379,2026-06-10,s36,,BAD,2
17380,2026-01-11,s24,,,0
17381,2026-07-16,s10,,BAD,0
17382,2026-07-13,s11,6.3572,OK,1
17383,2026-05-11,s20,3.8815,,1
17384,1756409355,s5,3.4149,OK,1
17385,2026-02-16,s8,6.1189,OK,1
17386,2026-09-19,s2,-1.1551,OK,2
17387,1703881187,s40,3.2094,OK,1
17388,1746440292,s1,-3.2508,ok,2
17389,2026-04-11,s16,0.4127,ok,0
17390,1765216029,s17,-1.9533,,2
17391,1719883814,s31,2.086,,0
17392,2026-05-15,s26,-0.964,,2
17393,1720962333,s27,-1.3693,OK,0
17394,1776727688,s35,3.583,ok,1
17395,1733762279,s15,-3.6173,OK,2
17396,1727971466,s19,3.8536,good,0
17397,2026-05-14,s25,0.0406,good,2
17398,1783446588,s28,1.0351,BAD,1
17399,2026-04-10,s5,-0.9785,BAD,0
17400,2026-04-18,s39,-0.1118,OK,0
17401,2026-07-19,s12,4.1689,BAD,0
17402,2026-03-12,s30,-5.705,,2
17403,2026-04-11,s1,5.6069,OK,1
17404,1748694193,s13,-0.224,ok,2
17405,1750146616,s5,5.6556,ok,1
17406,1717940778,s21,-4.6539,good,2
17407,1761721025,s34,0.8014,BAD,0
17408,1748175937,s29,3.7425,BAD,1
17409,1788280894,s16,-6.8741,OK,2
17410,2026-02-15,s3,4.1543,good,1
17411,1739698342,s39,-1.9336,ok,2
17412,2026-08-16,s7,-0.9679,,0
17413,1721080881,s22,2.1497,,0
17414,1785451855,s2,1.646,,2
17415,2026-01-11,s18,1.5343,BAD,0
17416,1762789986,s25,-0.7611,,2
17417,2026-02-18,s20,-3.4901,ok,2
17418,1740751642,s23,6.1479,good,1
17419,1705483370,s29,4.2651,OK,1
17420,2026-05-19,s6,-4.3947,ok,2
17421,1728980762,s35,-2.2142,OK,2
17422,1786864526,s17,7.1585,ok,1
17423,2026-01-11,s30,8.1074,,1
17424,2026-02-15,s3,-1.4581,OK,2
17425,1773120015,s20,1.8182,,0
17426,2026-03-14,s34,-1.2111,good,0
17427,1771423004,s17,-2.4169,OK,2
17428,1704664477,s2,-3.315,OK,2
17429,1701298341,s3,2.7313,OK,0
17430,1744674434,s38,-2.0208,ok,2
17431,2026-06-15,s40,-3.3597,BAD,0
17432,1761900926,s19,-1.1186,good,2
17433,2026-01-18,s26,4.5959,,1
17434,1737131145,s24,3.9398,BAD,1
17435,1725183236,s8,-2.5015,,2
17436,1786650441,s15,-3.1601,,2
17437,1731457980,s32,1.4163,,0
17438,2026-09-11,s32,5.8919,OK,1
17439,1771199257,s30,0.8273,ok,1
17440,1772619470,s35,-3.8933,ok,2
17441,2026-02-14,s31,-3.8954,,2
17442,1783001901,s39,1.8387,,0
17443,1715471217,s19,4.5397,BAD,1
17444,2026-08-16,s31,-3.1868,ok,0
17445,2026-05-18,s38,-1.4681,good,2
17446,1766038817,s8,4.0837,BAD,1
17447,2026-07-19,s40,-3.0107,good,2
17448,2026-03-19,s20,-3.2923,ok,2
17449,2026-05-12,s28,1.0178,good,0
17450,1708642096,s4,2.9647,ok,0
17451,2026-02-14,s27,-3.6059,OK,2
17452,1733597788,s6,-0.3832,good,0
17453,2026-06-18,s10,3.1291,BAD,1
17454,2026-04-17,s22,-5.1766,BAD,2
17455,1717748779,s22,6.3112,OK,1
17456,1741835324,s1,2.9072,ok,1
17457,2026-01-17,s3,,good,0
17458,1759437232,s7,6.2196,,1
17459,1788737794,s19,-0.3284,good,0
17460,2026-03-18,s3,4.9886,good,1
17461,1717139753,s33,4.8023,OK,0
17462,1721135552,s27,3.1951,OK,1
17463,2026-03-11,s38,,BAD,1
17464,1743222496,s39,3.1364,good,0
17465,1708858161,s29,-3.609,,2
17466,1734904433,s5,-3.6099,,2
17467,2026-04-11,s20,5.3011,good,1
17468,2026-03-13,s7,-2.1449,BAD,2
17469,1738190309,s39,1.4884,good,0
17470,2026-08-15,s16,2.9186,good,1
17471,2026-07-13,s3,-1.9983,good,0
17472,1742620859,s11,-4.6372,BAD,2
17473,2026-02-19,s38,2.3871,good,0
17474,2026-01-12,s33,2.3216,,1
17475,1784409995,s29,2.0113,,0
17476,1706486289,s33,4.6859,ok,0
17477,2026-01-13,s37,-1.8747,good,0
17478,1729019429,s11,-0.4808,OK,0
17479,1760221467,s33,1.6264,good,1
17480,2026-04-17,s26,-4.2413,,2
17481,1731093633,s34,2.2237,good,0
17482,1776866398,s33,0.7768,BAD,0
17483,1754186393,s3,1.5632,,0
17484,2026-01-12,s38,-3.9177,,2
17485,1723699033,s2,-3.633,OK,2
17486,2026-06-18,s22,1.1697,,2
17487,2026-04-19,s30,3.1613,BAD,1
17488,1780813488,s38,-8.7008,OK,2
17489,1748260622,s23,3.5785,ok,1
17490,2026-08-18,s38,-6.3927,BAD,2
17491,2026-08-12,s8,5.556,OK,1
17492,2026-04-10,s25,-2.5248,good,2
17493,2026-02-14,s39,-0.3847,OK,0
17494,1785512664,s17,-2.2897,OK,2
17495,1742854032,s2,1.7425,,1
17496,1788316532,s14,-2.2123,OK,2
17497,1784888633,s28,0.3652,good,0
17498,1776212067,s40,3.4403,ok,1
17499,1738038447,s7,4.7726,,1
17500,2026-04-17,s29,-3.1102,ok,2
17501,1780045425,s31,-0.0142,ok,0
17502,1773996471,s4,-1.7231,ok,2
17503,2026-05-12,s1,-6.1135,,2
17504,1747476059,s20,4.3955,,0
17505,2026-03-14,s19,-5.1237,good,2
17506,2026-02-15,s35,1.039,,0
17507,2026-06-10,s14,5.3625,OK,1
17508,2026-01-16,s1,0.2605,,0
17509,2026-06-13,s26,,OK,0
17510,2026-02-16,s18,0.9129,BAD,0
17511,2026-08-19,s29,-1.8122,ok,2
17512,1727070375,s16,-1.8068,OK,2
17513,2026-07-14,s37,2.2364,good,0
17514,2026-04-19,s33,-3.1405,OK,0
17515,2026-02-11,s11,-4.1933,BAD,2
17516,2026-04-11,s27,-0.2202,OK,0
17517,1787093255,s24,5.6717,,1
17518,1747012376,s9,7.3229,OK,1
17519,1728077528,s20,6.9413,BAD,1
17520,1707542623,s23,-0.9743,,0
17521,1750089397,s29,4.9968,OK,0
17522,1769021634,s8,-2.9234,OK,2
17523,1736150348,s8,-0.591,BAD,0
17524,1754668353,s34,-1.2452,BAD,0
17525,2026-07-11,s32,-1.6801,ok,0
17526,1739358792,s10,-1.2683,,2
17527,1700067585,s25,0.3486,good,0
17528,1722540843,s10,-1.3603,OK,2
17529,1713431620,s2,-2.2043,ok,2
17530,1764372174,s9,4.4906,BAD,0
17531,1708111806,s12,-4.3201,good,2
17532,2026-04-11,s7,-4.0534,OK,2
17533,1786626593,s3,0.2778,good,0
17534,1747634403,s24,0.0371,BAD,0
17535,1729549763,s28,1.2458,,1
17536,2026-07-10,s17,-3.8458,,2
17537,1708725466,s40,-1.8211,good,2
17538,2026-02-17,s26,-2.662,BAD,2
17539,1759540669,s6,4.0137,BAD,1
17540,2026-06-12,s4,4.4483,good,1
17541,1745263571,s11,3.1137,ok,1
17542,1729610285,s1,1.5035,good,1
17543,2026-05-14,s31,1.902,,0
17544,1741099238,s14,1.8751,OK,0
17545,2026-05-10,s9,2.6369,BAD,1
17546,2026-09-10,s31,0.5019,,0
17547,1740392691,s11,1.0003,BAD,0
17548,2026-06-10,s26,1.3621,ok,0
17549,1744930846,s40,2.2418,OK,0
17550,1758029276,s5,5.9911,,1
17551,1745389841,s9,0.5969,,0
17552,2026-04-11,s2,0.1867,BAD,0
17553,2026-06-18,s9,2.5736,ok,1
17554,1774866159,s32,1.9382,BAD,0
17555,2026-04-10,s11,5.3947,,1
17556,1777216688,s12,,ok,0
17557,2026-09-13,s14,4.0331,ok,0
17558,1760264429,s12,1.5717,good,1
17559,2026-06-17,s1,-2.9891,OK,2
17560,1763219985,s38,-4.5863,,2
17561,1710213942,s37,5.3464,BAD,1
17562,2026-02-10,s31,-2.0375,,0
17563,2026-08-14,s34,7.5626,ok,1
17564,1777226735,s22,3.2786,ok,1
17565,1745993695,s9,6.3917,BAD,1
17566,2026-05-19,s18,0.5073,good,0
17567,1722539785,s5,1.5865,ok,0
17568,2026-05-12,s29,-0.7103,OK,2
17569,1755747535,s26,0.1557,BAD,1
17570,2026-05-10,s34,-1.1036,good,2
17571,2026-07-13,s8,-3.3944,OK,2
17572,1782041102,s37,4.953,BAD,1
17573,2026-06-16,s37,5.5294,ok,1
17574,1749668008,s6,-2.9957,good,2
17575,2026-03-14,s36,,,1
17576,1753389846,s19,-6.0539,BAD,2
17577,1705654142,s1,5.4396,good,1
17578,2026-08-13,s38,7.2415,OK,1
17579,1741179640,s8,-1.4456,OK,2
17580,2026-02-13,s36,5.9852,good,1
17581,1742860210,s20,1.3873,BAD,0
17582,1735249056,s10,-0.9477,good,0
17583,1769852228,s5,2.038,good,0
17584,2026-05-14,s18,-0.0887,BAD,2
17585,2026-06-10,s23,4.8206,,1
17586,1736245130,s15,-0.1314,BAD,0
17587,2026-01-19,s40,8.872,good,1
17588,1772730086,s12,1.1684,ok,0
17589,1771177343,s15,2.7804,good,0
17590,2026-08-17,s5,4.4252,good,0
17591,2026-01-18,s8,4.0671,good,0
17592,1784050376,s18,1.146,,2
17593,2026-04-16,s40,4.6634,OK,1
17594,2026-08-19,s16,1.5359,ok,0
17595,1716817843,s3,5.1344,BAD,0
17596,1785816165,s4,-3.0268,good,2
17597,2026-01-11,s6,0.962,good,0
17598,1726992350,s21,-1.2639,OK,2
17599,2026-05-12,s8,-2.0731,BAD,0
17600,1712666662,s28,1.7898,OK,0
17601,1748476969,s10,2.3631,ok,0
17602,2026-06-18,s31,-4.6364,good,2
17603,2026-06-10,s39,-2.9677,OK,2
17604,1725536578,s12,0.8754,OK,0
17605,1751192570,s16,-4.5584,ok,2
17606,1765473307,s1,-2.0847,good,2
17607,2026-09-18,s22,1.0961,BAD,0
17608,1789696891,s12,5.7499,ok,1
17609,1707822782,s2,3.0544,BAD,0
17610,2026-09-12,s30,-6.1795,good,2
17611,2026-01-12,s28,-2.5915,BAD,2
17612,2026-07-15,s39,6.4461,OK,1
17613,2026-02-13,s37,-6.3558,ok,2
17614,2026-03-18,s37,0.5206,BAD,0
17615,2026-08-10,s14,-2.2539,,2
17616,2026-05-17,s4,-2.7929,,2
17617,2026-04-18,s24,4.751,good,1
17618,1727127268,s11,-3.3268,BAD,0
17619,2026-01-10,s33,0.7752,good,1
17620,2026-05-15,s3,0.1219,BAD,0
17621,2026-02-13,s2,-2.4787,ok,0
17622,2026-06-12,s33,,ok,0
17623,1779624278,s38,,BAD,2
17624,1727254716,s18,0.1305,,0
17625,1789492999,s20,0.0195,OK,0
17626,2026-08-10,s37,-4.3415,,2
17627,1707221678,s19,-1.7093,ok,2
17628,2026-04-10,s30,-0.8134,ok,0
17629,1789686355,s10,-1.8502,,2
17630,1721497555,s2,-4.5939,BAD,2
17631,1738435182,s5,-1.9567,OK,2
17632,1705731513,s22,2.2539,good,0
17633,2026-05-19,s26,1.8027,,0
17634,2026-07-16,s34,-3.4507,ok,2
17635,2026-01-10,s40,4.99,,1
17636,2026-07-16,s25,4.2414,,0
17637,2026-02-15,s12,2.6936,,0
17638,1765378630,s36,3.6315,,1
17639,1784231002,s35,-1.0022,,0
17640,2026-06-14,s4,-1.6957,OK,0
17641,2026-02-12,s21,0.0475,ok,0
17642,2026-05-16,s20,-3.6734,BAD,2
17643,1716866552,s2,-3.2597,ok,2
17644,1778925141,s26,-0.8447,BAD,2
17645,1724486568,s29,5.777,OK,1
17646,2026-05-10,s37,-2.2908,BAD,2
17647,1700455772,s4,0.6666,,1
17648,2026-09-16,s36,,BAD,0
17649,2026-07-12,s21,2.6149,OK,1
17650,1737217588,s18,-3.7585,OK,2
17651,2026-05-19,s12,-1.5485,OK,2
17652,1783936630,s21,-3.9283,ok,2
17653,1770297481,s1,-2.5846,good,2
17654,1767327689,s7,6.1803,,1
17655,2026-01-15,s18,-2.1943,BAD,2
17656,1767617018,s37,-0.3305,good,0
17657,1716691596,s24,-5.1754,,2
17658,1756174323,s6,4.7975,good,1
17659,2026-01-11,s37,2.9581,BAD,0
17660,1726842723,s35,4.1808,good,1
17661,2026-08-13,s39,-2.2845,BAD,2
17662,1715791729,s10,3.2098,OK,1
17663,2026-08-12,s23,5.528,BAD,1
17664,1740211292,s17,-3.863,,2
17665,2026-08-17,s39,,good,0
17666,1782639957,s21,-7.3479,BAD,2
17667,1787066353,s22,5.5464,BAD,1
17668,2026-08-17,s30,4.4641,BAD,1
17669,1786792811,s25,4.8956,ok,1
17670,2026-01-14,s36,7.0728,BAD,1
17671,1753834648,s12,-2.6887,good,2
17672,1700698817,s21,5.7733,good,1
17673,1742212341,s32,,ok,2
17674,2026-06-16,s23,-3.6461,OK,2
17675,1726791707,s29,-4.3316,ok,2
17676,1728805208,s12,1.5905,good,0
17677,2026-06-13,s36,4.6379,BAD,1
17678,2026-07-11,s5,-6.8838,ok,2
17679,2026-04-18,s23,-5.6998,BAD,2
17680,2026-08-14,s15,-2.2976,BAD,0
17681,2026-03-12,s34,4.2291,good,1
17682,1709677270,s6,-4.3467,,0
17683,2026-04-12,s34,5.124,,1
17684,2026-04-18,s25,-0.871,BAD,2
17685,2026-04-18,s32,1.0436,ok,1
17686,2026-05-12,s33,2.2716,good,1
17687,2026-06-19,s12,-3.0171,OK,2
17688,2026-08-18,s6,2.8795,OK,0
17689,1710362502,s23,5.8732,OK,1
17690,1707547585,s38,-4.6819,,2
17691,1759090657,s18,-3.4224,BAD,2
17692,1729423940,s14,-1.7806,BAD,2
17693,2026-01-18,s22,-3.5307,,2
17694,1746304360,s40,4.0562,ok,1
17695,1712992537,s10,6.7414,good,1
17696,1752367667,s39,-0.0656,good,2
17697,2026-07-14,s26,-5.0695,,2
17698,1770396178,s8,4.3147,OK,1
17699,1743647605,s37,-4.2845,BAD,2
17700,1785113239,s15,4.2314,OK,1
17701,1749580197,s34,-2.405,good,2
17702,2026-01-14,s30,-3.3336,BAD,2
17703,2026-09-15,s21,-3.03,BAD,2
17704,2026-07-17,s12,-3.7147,BAD,2
17705,2026-07-12,s7,5.1473,ok,1
17706,2026-07-15,s37,2.0758,,0
17707,2026-02-15,s1,-5.0755,BAD,2
17708,2026-07-19,s4,6.0495,BAD,1
17709,1723427865,s15,-4.0003,ok,2
17710,1772006872,s22,-0.3124,good,0
17711,1738395066,s8,3.1559,OK,1
17712,2026-01-12,s19,,ok,2
17713,2026-08-19,s37,5.9178,ok,1
17714,2026-03-10,s8,-4.308,OK,2
17715,1714212170,s6,-5.308,OK,2
17716,1731319492,s23,-1.5227,BAD,2
17717,2026-04-19,s7,2.4842,BAD,0
17718,2026-09-14,s15,6.0453,OK,1
17719,1716137005,s17,1.6363,ok,0
17720,1778439522,s32,-1.7554,,0
17721,1752456721,s21,1.9327,good,0
17722,2026-01-12,s38,-5.0191,ok,2
17723,1706076114,s27,4.1649,good,1
17724,2026-09-19,s6,0.381,OK,2
17725,1788301032,s20,0.173,ok,0
17726,2026-08-15,s25,-4.7785,ok,2
17727,2026-09-10,s29,2.9917,,0
17728,1745751497,s32,6.1326,good,1
17729,1757044372,s28,2.0974,,0
17730,2026-02-17,s27,,good,1
17731,1789054202,s8,1.2282,OK,0
17732,1748019084,s10,-1.2684,ok,2
17733,1739606381,s36,2.411,,0
17734,1726990194,s2,-0.2131,BAD,0
17735,1789435853,s13,-5.9359,good,2
17736,2026-03-12,s23,3.1269,good,0
17737,2026-08-15,s11,5.5401,ok,1
17738,1759973174,s29,-2.0954,good,2
17739,1703705204,s8,-0.4159,good,2
17740,2026-01-15,s7,-5.0287,ok,2
17741,2026-07-17,s5,1.0615,BAD,0
17742,2026-06-18,s7,0.5571,OK,0
17743,2026-09-10,s13,7.2432,OK,1
17744,2026-01-14,s35,-2.2662,ok,2
17745,1711495685,s8,5.6288,BAD,1
17746,2026-09-19,s27,-3.4425,,2
17747,1702219572,s10,5.8109,ok,1
17748,2026-03-14,s31,3.054,,0
17749,1708958510,s40,2.6968,BAD,1
17750,1787109124,s23,-1.587,BAD,0
17751,1767222061,s36,3.3497,BAD,0
17752,1785371047,s27,,ok,0
17753,1706055951,s30,-3.0658,OK,2
17754,2026-08-11,s18,-0.7434,,0
17755,1771112618,s24,0.8285,OK,0
17756,1788061121,s28,-1.8842,good,2
17757,2026-08-14,s25,3.7326,OK,1
17758,2026-09-14,s16,3.4883,OK,0
17759,2026-04-19,s38,0.4123,ok,0
17760,1742801641,s25,3.5424,BAD,0
17761,1752573299,s6,2.8549,ok,0
17762,2026-02-11,s26,-1.8793,good,2
17763,1711213075,s34,5.4961,BAD,1
17764,1764475705,s15,-0.5726,good,0
17765,2026-08-18,s16,1.3474,OK,0
17766,2026-02-15,s27,,ok,1
17767,1772584204,s23,-5.3322,ok,2
17768,2026-05-11,s16,7.4644,good,1
17769,1742873842,s6,-0.7187,good,0
17770,1715310461,s8,5.937,ok,1
17771,1703736678,s29,1.0499,BAD,0
17772,1755500872,s9,2.2968,,0
17773,2026-04-15,s19,1.5851,ok,0
17774,2026-04-18,s36,0.8876,good,0
17775,1729213082,s2,6.3222,,1
17776,2026-08-15,s23,5.5402,BAD,1
17777,2026-06-17,s37,-3.3976,good,2
17778,1772622838,s29,-2.5845,good,2
17779,2026-04-14,s35,1.9035,good,1
17780,2026-03-10,s19,,,0
17781,1770602603,s20,2.4731,BAD,0
17782,1702864450,s40,3.6922,BAD,1
17783,1701087317,s11,,OK,0
17784,1719411510,s5,-0.5308,,0
17785,1712581792,s18,2.6807,good,0
17786,2026-04-18,s19,5.6601,ok,1
17787,1745464388,s21,2.311,ok,1
17788,1789716690,s3,-4.4937,,2
17789,1775998480,s28,2.0674,OK,0
17790,2026-07-10,s16,-3.3057,BAD,0
17791,2026-02-13,s28,-3.6548,good,2
17792,1755825878,s32,2.5569,OK,1
17793,2026-03-16,s38,0.9498,BAD,0
17794,1720527752,s20,4.7337,,1
17795,1775339583,s28,-4.7832,BAD,2
17796,1749140763,s8,3.6092,good,0
17797,2026-08-15,s16,6.4707,good,1
17798,1723782293,s7,6.0212,,1
17799,2026-05-18,s33,-1.4251,,2
17800,2026-01-12,s6,3.7863,ok,1
17801,2026-06-12,s38,4.2314,good,1
17802,2026-09-13,s22,6.6781,good,1
17803,2026-02-19,s35,0.727,BAD,0
17804,2026-08-16,s39,-3.5394,OK,2
17805,2026-09-13,s32,-1.5014,,2
17806,1777492382,s11,-3.1947,,2
17807,1702842551,s33,0.1598,ok,0
17808,1763867196,s4,3.5193,OK,0
17809,2026-09-16,s26,4.5878,OK,1
17810,2026-01-13,s35,5.6752,ok,1
17811,1735848524,s4,2.1929,ok,1
17812,2026-03-16,s40,1.6429,ok,1
17813,1714184890,s32,3.508,ok,1
17814,1768806364,s3,-2.9078,ok,2
17815,1773666241,s38,2.2925,ok,1
17816,2026-06-11,s17,-1.7042,,2
17817,1725091885,s14,4.383,ok,1
17818,1787012298,s33,-3.5213,,2
17819,2026-05-16,s3,-3.1845,good,2
17820,2026-05-18,s22,-1.3455,BAD,0
17821,1716301461,s23,0.0419,ok,0
17822,1726122788,s19,-1.6418,good,2
17823,1743611903,s29,-1.1559,OK,0
17824,2026-06-14,s13,-0.1959,BAD,0
17825,2026-06-14,s31,1.4866,,0
17826,1756385563,s28,1.8963,OK,1
17827,2026-05-14,s26,2.1307,BAD,0
17828,1737012517,s31,1.928,good,0
17829,2026-02-19,s32,,,2
17830,1757151998,s14,3.5711,OK,1
17831,1789553912,s14,-5.0237,good,2
17832,2026-02-15,s24,1.1342,OK,0
17833,2026-06-12,s27,0.0396,,0
17834,1711413180,s3,4.2836,ok,1
17835,2026-03-15,s14,5.7571,good,1
17836,1709431112,s17,-5.1065,BAD,2
17837,2026-06-19,s23,,,2
17838,2026-07-10,s30,-1.7287,BAD,2
17839,2026-06-16,s25,5.1018,ok,1
17840,1775657192,s19,1.5142,good,0
17841,1715917107,s20,5.9699,OK,1
17842,2026-09-17,s5,-3.8663,ok,2
17843,1778635242,s38,-1.011,ok,2
17844,2026-07-18,s33,-6.0863,good,2
17845,2026-09-12,s32,5.9051,good,1
17846,1773392847,s29,-1.1225,OK,2
17847,1742782088,s33,-5.2762,ok,2
17848,2026-05-16,s10,-2.3486,BAD,2
17849,1725041060,s28,-0.3119,,0
17850,2026-06-11,s34,-0.8151,BAD,0
17851,1705823270,s38,1.7359,good,1
17852,2026-01-12,s9,6.019,,1
17853,1777104523,s7,-0.8851,OK,2
17854,2026-08-14,s13,7.6134,ok,1
17855,2026-06-10,s7,3.7775,,0
17856,1707565650,s26,,BAD,2
17857,1770342105,s24,-0.3637,OK,0
17858,2026-02-13,s3,4.5405,,1
17859,2026-09-10,s11,0.2895,good,0
17860,1742440298,s23,,OK,2
17861,2026-03-14,s2,0.0349,OK,0
17862,2026-07-18,s19,-3.2348,OK,2
17863,1763321914,s10,2.4364,,0
17864,2026-05-13,s26,-1.7421,BAD,2
17865,2026-01-12,s27,-2.4952,OK,2
17866,1727949669,s5,-1.5117,,2
17867,2026-07-11,s23,1.0499,OK,0
17868,1758110473,s5,-1.6223,OK,0
17869,2026-05-13,s14,0.0459,good,0
17870,1749703814,s35,0.2592,OK,0
17871,1713420880,s34,5.7424,good,1
17872,2026-02-18,s5,-3.3349,OK,2
17873,2026-03-16,s16,1.4897,OK,0
17874,2026-01-10,s36,-2.7387,good,2
17875,2026-03-18,s14,-1.0017,,2
17876,1742097929,s26,-2.5991,,0
17877,2026-02-19,s35,3.8173,ok,1
17878,2026-07-10,s36,3.3901,good,1
17879,1741859653,s20,-0.3699,,2
17880,2026-02-14,s25,-4.8895,ok,2
17881,2026-08-10,s6,-0.6383,ok,0
17882,1778544410,s34,,,1
17883,1729299301,s24,-1.1519,BAD,0
17884,2026-03-14,s15,-1.8924,OK,2
17885,2026-09-18,s15,,OK,1
17886,2026-07-13,s2,-2.0988,,2
17887,2026-04-18,s5,1.7442,ok,0
17888,1745522348,s37,-4.8553,BAD,2
17889,1729482359,s7,3.3651,OK,1
17890,1740128189,s33,0.0616,BAD,0
17891,2026-07-10,s39,-2.6512,,0
17892,1715800070,s35,-3.3219,OK,2
17893,1718056963,s7,3.2983,OK,0
17894,2026-08-14,s29,5.4871,BAD,1
17895,1707007709,s21,0.3065,BAD,0
17896,1713336490,s35,-4.5706,,2
17897,2026-03-13,s11,,,1
17898,1723516067,s15,-3.6536,BAD,2
17899,1742320450,s4,2.1169,BAD,2
17900,2026-05-16,s14,-0.8064,,2
17901,2026-06-10,s4,-1.2764,ok,0
17902,1756587525,s30,1.2923,good,1
17903,1721161665,s14,1.6467,ok,1
17904,1779702605,s8,4.0724,BAD,1
17905,1781886749,s27,7.8854,good,1
17906,1751224536,s6,-1.9705,ok,0
17907,1783693929,s25,2.4527,ok,1
17908,1788416738,s35,-0.9611,ok,0
17909,1721038883,s2,-3.2653,ok,2
17910,2026-08-17,s37,4.5844,BAD,1
17911,1743397619,s25,-3.9744,,2
17912,1762404985,s21,-0.4002,OK,0
17913,1751305996,s22,3.8487,ok,1
17914,1723103212,s31,1.6806,ok,0
17915,1788421397,s16,-2.1756,,2
17916,2026-06-10,s6,0.9378,ok,1
17917,2026-02-16,s14,-4.2267,BAD,2
17918,2026-08-19,s15,1.6447,BAD,0
17919,1700476607,s3,-4.6746,good,2
17920,2026-07-17,s18,1.3962,,0
17921,2026-09-12,s28,4.8887,OK,1
17922,2026-04-13,s21,-3.1883,ok,2
17923,2026-09-11,s36,,BAD,1
17924,2026-05-13,s30,1.6935,BAD,0
17925,1728325855,s2,,good,0
17926,1711182076,s21,-0.7316,,0
17927,2026-06-12,s18,4.9504,good,1
17928,2026-07-16,s29,-2.1217,BAD,2
17929,2026-02-18,s10,-1.9731,,0
17930,1723765056,s12,0.0309,,2
17931,2026-04-16,s19,-4.5249,,2
17932,2026-03-19,s37,7.9608,BAD,1
17933,2026-04-19,s15,2.2076,BAD,0
17934,2026-02-12,s8,4.5261,ok,1
17935,2026-01-16,s18,-1.6595,OK,2
17936,2026-01-11,s30,-4.2172,,2
17937,1780925953,s23,-3.0431,ok,2
17938,1734569277,s19,1.2085,BAD,1
17939,1781523605,s11,5.6862,,1
17940,2026-07-10,s20,2.6255,ok,0
17941,1715086156,s18,1.2532,good,0
17942,2026-06-10,s29,0.6635,,0
17943,1742901886,s18,0.5959,BAD,0
17944,1781183163,s7,-6.1602,OK,2
17945,1778798632,s32,0.6472,OK,0
17946,1717413329,s19,2.043,BAD,1
17947,1732902713,s39,0.2737,ok,2
17948,1708061717,s22,-4.5212,ok,2
17949,1749844832,s16,-5.9383,BAD,2
17950,2026-03-12,s19,-1.1469,ok,0
17951,1721301120,s2,2.9951,,0
17952,1730993253,s18,3.4385,OK,1
17953,2026-03-15,s2,-3.0815,BAD,2
17954,2026-08-18,s29,-3.6247,BAD,2
17955,2026-02-16,s35,5.1895,,1
17956,2026-06-11,s29,5.3337,BAD,1
17957,1773099585,s39,0.6867,good,0
17958,1719865702,s3,-3.1022,ok,2
17959,2026-08-11,s5,7.4328,,1
17960,2026-08-14,s8,-4.9177,BAD,2
17961,1772223361,s3,-3.9919,BAD,2
17962,1751364073,s31,3.6121,good,1
17963,2026-07-13,s33,-1.3608,,0
17964,1707330407,s10,-0.0453,good,0
17965,2026-03-13,s4,0.875,BAD,0
17966,2026-01-14,s34,-3.1725,OK,2
17967,1758711712,s18,1.6781,good,1
17968,2026-04-16,s26,7.0982,ok,1
17969,2026-02-14,s32,5.1789,OK,1
17970,1727968920,s21,3.3636,,1
17971,2026-07-13,s5,6.9053,OK,1
17972,2026-08-19,s28,-1.0784,,0
17973,1773509743,s12,1.9821,,0
17974,1720902654,s9,6.743,,1
17975,1731084528,s28,6.6602,ok,1
17976,1721170716,s33,-3.4941,BAD,2
17977,1703839057,s36,1.4044,,0
17978,2026-05-19,s18,3.5735,,1
17979,2026-08-10,s17,-2.9846,good,2
17980,2026-03-18,s14,-5.7146,ok,2
17981,2026-07-13,s31,4.3041,good,1
17982,2026-07-18,s24,1.2337,BAD,1
17983,2026-03-18,s36,5.9885,ok,1
17984,1753051950,s33,-7.6152,BAD,2
17985,1782338917,s38,4.8662,ok,1
17986,2026-05-18,s11,3.9112,ok,1
17987,2026-03-17,s37,1.3798,OK,1
17988,2026-05-19,s10,1.705,,0
17989,1706883299,s31,5.6933,BAD,1
17990,1764730643,s12,0.0924,BAD,2
17991,1746811629,s15,0.5077,good,0
17992,2026-03-15,s1,,OK,0
17993,1748671561,s9,-3.4351,OK,2
17994,1763868511,s4,7.6451,good,1
17995,1735197412,s28,-5.0429,BAD,2
17996,2026-02-12,s3,1.4725,OK,0
17997,2026-01-10,s36,-0.2403,ok,0
17998,1710207617,s7,7.8304,OK,1
17999,2026-03-17,s15,-3.7359,BAD,2
18000,2026-04-15,s16,0.5773,ok,0
18001,1764492034,s29,,BAD,2
18002,2026-03-18,s20,3.8374,OK,1
18003,2026-01-11,s9,0.8346,,1
18004,1746799706,s19,-0.9005,BAD,0
18005,2026-05-13,s20,-0.1305,ok,1
18006,2026-06-17,s17,1.1316,good,0
18007,2026-03-14,s3,-3.3284,OK,2
18008,1707777572,s30,-0.0832,ok,0
18009,1752967706,s16,7.6304,OK,1
18010,1722418401,s39,-4.7573,good,2
18011,2026-07-10,s1,-3.527,ok,2
18012,2026-05-17,s4,-1.4158,ok,0
18013,2026-05-12,s27,1.6273,BAD,0
18014,1788911104,s26,1.1192,ok,0
18015,1737493588,s39,,BAD,0
18016,2026-08-16,s6,2.6187,OK,0
18017,2026-02-10,s13,5.4593,OK,1
18018,1765420564,s32,0.9238,,0
18019,2026-03-12,s1,3.7244,,1
18020,2026-02-14,s8,3.6486,OK,0
18021,1757138620,s7,-3.5401,good,0
18022,2026-02-14,s23,3.7109,BAD,1
18023,1781234859,s33,5.3959,good,1
18024,1779028970,s8,-3.0468,,2
18025,2026-04-15,s13,-0.7914,good,2
18026,1785598963,s26,2.6507,ok,0
18027,1771689156,s32,-4.0896,BAD,2
18028,1736770321,s35,-3.476,ok,0
18029,1714746667,s16,5.5897,good,1
18030,1735802929,s26,-2.2731,ok,2
18031,2026-02-13,s22,4.7531,good,1
18032,2026-08-14,s12,7.7965,OK,1
18033,1777214635,s8,3.5568,BAD,1
18034,2026-04-15,s19,-0.101,ok,0
18035,1757692438,s17,4.3673,BAD,1
18036,1774317982,s3,2.3179,,0
18037,1752903638,s18,-3.2135,good,2
18038,2026-01-12,s13,-1.6603,OK,2
18039,1789635057,s6,5.8221,ok,1
18040,2026-06-13,s13,-3.3448,OK,2
18041,1756740396,s28,4.2175,OK,1
18042,1726720365,s26,-0.3624,BAD,0
18043,2026-06-10,s26,5.6575,BAD,1
18044,1771414534,s8,-1.5218,good,2
18045,1777230379,s37,1.2377,BAD,0
18046,2026-06-13,s10,-1.432,BAD,2
18047,1705461447,s30,1.1549,,0
18048,2026-05-10,s13,3.7258,ok,1
18049,2026-06-17,s25,3.0368,BAD,1
18050,2026-04-13,s20,0.3019,good,2
18051,1742785789,s7,-1.0739,,2
18052,1740147989,s1,-4.1156,OK,2
18053,1715438549,s39,4.3651,OK,1
18054,1770509869,s33,7.7498,,1
18055,1776589639,s11,4.6355,good,1
18056,1729139443,s37,,good,2
18057,2026-02-11,s7,7.0786,BAD,1
18058,1740719960,s10,7.157,good,1
18059,2026-06-16,s15,2.8899,good,1
18060,1732621822,s3,1.1141,BAD,0
18061,2026-09-15,s40,-3.4636,OK,2
18062,2026-03-16,s40,,BAD,2
18063,1706920354,s7,-2.3106,BAD,0
18064,2026-07-13,s20,-1.7975,OK,2
18065,1713146002,s6,6.1462,OK,1
18066,1774180477,s16,,,0
18067,2026-03-10,s5,3.3249,OK,0
18068,2026-03-12,s17,-4.5062,good,2
18069,2026-03-14,s24,-2.1029,good,2
18070,2026-08-17,s15,0.2606,good,0
18071,2026-05-11,s38,0.3223,BAD,0
18072,2026-05-12,s31,-2.4704,OK,0
18073,2026-06-19,s2,3.6935,ok,1
18074,1759433227,s11,3.1971,ok,1
18075,2026-03-12,s31,6.358,OK,1
18076,2026-01-17,s35,-0.8864,OK,0
18077,2026-06-17,s9,6.2111,good,1
18078,1787411847,s35,2.2168,ok,0
18079,2026-09-17,s24,4.9362,,1
18080,2026-04-10,s28,-0.6463,OK,0
18081,1788230905,s24,2.8957,,0
18082,2026-07-19,s2,,good,2
18083,2026-03-10,s13,-0.4381,OK,0
18084,1783382253,s19,-3.0504,good,2
18085,1785991787,s26,5.1717,ok,1
18086,1754562984,s15,3.2166,good,0
18087,2026-05-11,s18,-3.8711,OK,2
18088,2026-01-19,s29,1.8068,ok,0
18089,2026-04-18,s8,-0.0128,OK,0
18090,1775737968,s25,-4.4083,,2
18091,1784212079,s26,-4.1984,,2
18092,1700580744,s19,5.3459,ok,1
18093,2026-08-15,s24,0.1125,BAD,0
18094,2026-04-10,s28,-2.3001,,2
18095,2026-04-19,s13,3.3975,OK,1
18096,2026-05-13,s2,0.6148,ok,0
18097,1705842562,s21,-1.102,good,2
18098,2026-04-12,s34,-2.1958,,2
18099,1749917740,s8,-2.2034,,2
18100,1714360325,s37,-4.413,ok,2
18101,1761015521,s34,6.4322,OK,1
18102,1703946763,s6,4.1688,,1
18103,2026-06-13,s26,1.4501,good,0
18104,1768681437,s36,-0.1416,good,0
18105,1710157375,s16,2.4581,ok,0
18106,2026-01-11,s21,,,2
18107,2026-02-17,s2,-4.6781,OK,2
18108,1764260867,s35,3.1567,BAD,1
18109,1717402618,s21,3.352,,0
18110,1750591987,s4,2.3771,,0
18111,1706871985,s37,5.8874,,1
18112,1702866521,s29,-4.8873,OK,2
18113,2026-04-11,s5,1.5966,,0
18114,2026-04-15,s21,-0.7903,OK,0
18115,2026-09-17,s31,0.1319,BAD,0
18116,2026-01-17,s10,-2.263,good,0
18117,1754790298,s18,-2.7521,OK,2
18118,2026-01-10,s13,-1.1828,good,2
18119,2026-04-15,s36,4.3359,good,1
18120,2026-06-17,s10,3.3816,,1
18121,1778172876,s11,0.3114,good,0
18122,1722399688,s4,-1.9497,BAD,2
18123,1745331004,s21,2.1863,,0
18124,2026-03-18,s12,-2.9498,ok,2
18125,1739649072,s15,1.1319,ok,0
18126,2026-03-15,s11,1.4827,OK,0
18127,2026-08-14,s30,4.9147,BAD,0
18128,2026-05-16,s5,-0.3138,OK,0
18129,1787299145,s19,2.2615,good,1
18130,2026-05-11,s39,3.5469,good,0
18131,2026-02-18,s1,4.6672,BAD,1
18132,1777395517,s17,-3.3929,BAD,2
18133,2026-07-14,s34,4.2711,BAD,1
18134,1771304466,s36,0.3714,ok,2
18135,1767414867,s12,0.1363,BAD,0
18136,2026-02-11,s13,1.1445,OK,2
18137,2026-06-15,s16,-3.7315,,2
18138,2026-03-13,s38,3.9846,BAD,1
18139,2026-09-17,s31,-2.9226,BAD,0
18140,1712463468,s3,4.7435,BAD,1
18141,1729620028,s40,0.8324,good,0
18142,2026-01-15,s13,4.5982,good,1
18143,1721814836,s39,5.1248,BAD,0
18144,1730812515,s28,0.5661,BAD,1
18145,1720684102,s10,-0.0449,ok,0
18146,2026-08-14,s40,-4.1204,good,2
18147,1730735249,s33,0.8551,BAD,0
18148,1750379411,s21,3.3316,BAD,1
18149,2026-05-17,s12,-2.0998,BAD,2
18150,2026-09-19,s8,4.589,BAD,1
18151,1789619772,s34,4.4423,BAD,1
18152,2026-07-11,s7,-5.6178,OK,2
18153,1787678400,s31,2.3326,ok,0
18154,1748170615,s22,0.9745,good,0
18155,2026-04-15,s3,-0.6568,,0
18156,1778234981,s35,-1.0712,,0
18157,1716716413,s22,-0.9312,BAD,0
18158,2026-01-12,s1,3.65,good,1
18159,1748960257,s40,,BAD,2
18160,2026-05-13,s6,7.1166,ok,1
18161,1753536925,s30,5.5092,good,1
18162,1768411407,s14,,good,2
18163,2026-02-17,s3,1.8826,,2
18164,1708178009,s30,-4.7111,,2
18165,1710559339,s11,-1.4856,OK,0
18166,2026-03-12,s18,2.1668,ok,0
18167,1728788285,s39,1.0952,ok,0
18168,2026-01-19,s31,-2.5492,BAD,2
18169,2026-08-12,s20,3.9381,OK,0
18170,2026-03-18,s20,5.7427,,0
18171,1704520423,s3,-5.5895,OK,2
18172,2026-01-17,s5,5.2453,good,1
18173,2026-05-14,s17,-0.6094,good,2
18174,1721688890,s7,5.3612,ok,1
18175,2026-09-11,s19,3.7049,OK,1
18176,1745562497,s35,-5.3529,OK,2
18177,2026-08-17,s36,-5.191,,2
18178,2026-04-16,s11,-2.9175,good,2
18179,2026-07-17,s33,2.4889,BAD,0
18180,2026-03-19,s6,1.3469,BAD,2
18181,2026-03-19,s13,-5.7093,,2
18182,2026-06-10,s4,2.6468,OK,0
18183,1739323132,s39,-0.9988,ok,0
18184,2026-02-10,s38,3.5083,BAD,0
18185,2026-02-15,s9,1.7709,OK,0
18186,1778375924,s17,-3.1074,BAD,2
18187,1764518241,s23,5.0236,OK,1
18188,2026-02-15,s21,5.0826,good,1
18189,1704938741,s4,-3.3659,,2
18190,1769359085,s26,-5.1262,BAD,2
18191,2026-04-13,s25,,ok,2
18192,1736048833,s11,-3.3741,,2
18193,1756822341,s29,-6.5018,BAD,2
18194,1783694760,s23,-3.5445,good,2
18195,2026-09-18,s27,4.3317,,1
18196,2026-06-12,s39,1.0031,OK,0
18197,2026-05-13,s17,2.6815,,1
18198,1702585733,s16,-1.082,OK,0
18199,1750685025,s10,,BAD,2
18200,2026-02-17,s8,1.6244,,0
18201,1776170855,s20,6.2821,good,1
18202,1757051372,s24,-0.6538,good,0
18203,2026-02-15,s6,6.6225,,1
18204,2026-03-12,s37,0.0877,good,0
18205,2026-04-12,s13,5.3518,,1
18206,2026-01-16,s2,3.0199,OK,1
18207,2026-02-12,s19,-1.0517,good,2
18208,1711315421,s30,2.3268,BAD,0
18209,2026-08-18,s33,-1.038,good,0
18210,1744579206,s10,4.4625,BAD,1
18211,1753189140,s30,5.6584,good,1
18212,2026-09-16,s25,-0.4531,,0
18213,2026-02-12,s24,-4.8006,,2
18214,1742347746,s32,-0.4837,BAD,0
18215,2026-06-18,s40,7.1616,,1
18216,2026-08-13,s36,-7.0251,OK,2
18217,1701511492,s35,-6.3282,,2
18218,2026-03-12,s9,1.6082,good,0
18219,1740146082,s36,-0.7206,ok,2
18220,1775365915,s12,-4.5741,good,2
18221,2026-09-14,s12,-5.6031,OK,2
18222,2026-08-10,s13,2.8032,,0
18223,2026-07-15,s4,4.503,,1
18224,2026-02-12,s19,-0.1947,OK,0
18225,2026-01-15,s1,3.0635,good,0
18226,1731344455,s15,-2.3093,,0
18227,1712520910,s18,0.8748,ok,0
18228,2026-04-13,s8,0.411,good,0
18229,2026-01-12,s13,4.4455,ok,1
18230,2026-05-18,s2,-2.5783,ok,2
18231,2026-06-11,s37,0.6835,good,0
18232,1765250933,s37,1.6771,BAD,0
18233,1709543421,s24,5.946,BAD,1
18234,2026-05-17,s25,4.4037,ok,1
18235,2026-08-14,s21,2.4579,,1
18236,1724431687,s34,-1.0123,good,0
18237,1757577238,s1,0.3494,good,0
18238,1717631846,s13,-5.7476,ok,2
18239,2026-04-14,s22,1.939,good,1
18240,2026-08-13,s18,-2.2442,BAD,2
18241,2026-05-16,s26,3.6876,BAD,0
18242,2026-05-19,s19,9.2654,,1
18243,1770975018,s37,4.4065,OK,0
18244,2026-02-15,s2,-0.5722,good,2
18245,1745328536,s32,4.4267,ok,1
18246,1700081037,s12,-0.6268,BAD,0
18247,1788750293,s38,-4.7963,OK,2
18248,2026-03-13,s17,-4.1452,ok,2
18249,2026-02-11,s5,2.8063,ok,1
18250,2026-05-19,s14,5.2789,,1
18251,2026-03-19,s4,-2.6737,ok,2
18252,2026-06-14,s32,-0.8824,ok,2
18253,2026-01-11,s3,3.4013,BAD,0
18254,2026-09-19,s27,4.1435,,1
18255,2026-02-19,s33,-3.1629,ok,0
18256,2026-01-15,s20,4.447,BAD,1
18257,1705523590,s6,-0.2211,,2
18258,1769992353,s20,2.9493,BAD,0
18259,1783190160,s11,-3.2028,ok,2
18260,2026-09-13,s15,1.2499,,1
18261,1767555299,s15,-5.7452,BAD,2
18262,1759875464,s24,-2.4798,OK,2
18263,1763489293,s7,0.852,good,0
18264,1717452987,s2,6.0767,,1
18265,1776863581,s13,-0.0707,ok,0
18266,1735750891,s31,2.7897,good,1
18267,1740386029,s27,-3.2487,OK,2
18268,1703993789,s14,2.8565,good,1
18269,1735657421,s34,0.4889,BAD,1
18270,1722314716,s37,,BAD,0
18271,1770773443,s5,-0.6085,,2
18272,2026-04-19,s11,0.8794,good,1
18273,1739194308,s8,2.9316,OK,1
18274,1757133649,s36,,,1
18275,1734640714,s19,3.0765,ok,0
18276,1714113512,s17,-1.0493,,2
18277,1745880927,s29,4.9717,BAD,1
18278,2026-03-14,s10,,,0
18279,1760031140,s28,-1.68,good,2
18280,1726318186,s22,-1.8069,ok,2
18281,2026-09-14,s30,4.8066,ok,1
18282,1771922382,s10,-3.1964,ok,2
18283,2026-05-14,s11,1.6887,OK,0
18284,2026-02-13,s15,4.6994,ok,1
18285,2026-01-10,s24,-2.7704,BAD,2
18286,2026-08-14,s33,5.1218,good,0
18287,2026-05-16,s5,5.8904,good,1
18288,2026-06-14,s28,-1.5522,good,0
18289,2026-03-18,s37,0.1966,BAD,0
18290,2026-07-18,s8,0.5644,good,0
18291,1737163075,s37,1.3778,good,0
18292,2026-05-18,s40,4.807,ok,1
18293,1765550556,s10,3.9329,BAD,0
18294,2026-05-17,s15,5.0628,,1
18295,2026-04-13,s5,-0.1621,OK,2
18296,2026-06-12,s34,-2.7623,OK,0
18297,2026-09-12,s17,5.7769,BAD,1
18298,2026-05-10,s23,4.1454,ok,1
18299,2026-01-14,s11,3.2054,ok,1
18300,1703712985,s5,2.6091,ok,0
18301,2026-05-19,s38,6.5085,BAD,1
18302,2026-09-11,s31,5.8811,good,1
18303,2026-02-16,s13,-4.8563,ok,2
18304,2026-05-13,s20,0.0726,good,0
18305,2026-03-19,s15,-2.5867,BAD,2
18306,2026-01-16,s10,8.5758,good,1
18307,2026-05-13,s7,,good,2
18308,2026-09-14,s8,5.4212,OK,1
18309,2026-04-19,s15,4.0759,BAD,1
18310,1763113272,s31,-0.0875,good,1
18311,2026-08-15,s1,2.4835,,0
18312,2026-01-13,s25,4.4999,,1
18313,1722290724,s26,6.1721,good,1
18314,2026-06-16,s1,3.5959,BAD,1
18315,2026-04-10,s27,0.0065,,0
18316,2026-03-17,s29,6.1742,ok,1
18317,2026-09-11,s1,-3.5722,,2
18318,2026-07-19,s20,-1.5836,OK,2
18319,2026-08-16,s25,4.9266,,0
18320,1748814070,s18,-2.1702,BAD,2
18321,1722494943,s7,-0.0761,OK,0
18322,2026-05-15,s2,-2.4609,BAD,2
18323,2026-06-15,s35,-0.4637,OK,0
18324,1766612900,s31,3.658,,0
18325,2026-01-14,s35,3.845,ok,0
18326,2026-06-14,s31,2.4403,OK,1
18327,1723735521,s23,-2.6305,OK,2
18328,2026-08-15,s35,5.3499,ok,1
18329,1708281147,s34,-5.3692,BAD,2
18330,1781168743,s24,-5.427,OK,2
18331,1725031200,s35,4.9336,,1
18332,1736985643,s33,1.4024,,0
18333,2026-08-10,s20,5.2037,,1
18334,1773802052,s37,-2.2964,ok,0
18335,1713583314,s28,-4.9627,good,2
18336,1777106643,s25,1.7235,,0
18337,1734243368,s15,3.3236,ok,0
18338,1754513806,s39,,OK,0
18339,1701412462,s19,1.3389,BAD,0
18340,2026-05-19,s24,-1.7094,BAD,2
18341,2026-05-16,s28,1.2121,,0
18342,1735617860,s17,4.5579,good,1
18343,1788774535,s26,-0.7047,ok,0
18344,1758418153,s15,-2.0984,ok,2
18345,1703005805,s18,,BAD,1
18346,1764636612,s24,6.3433,good,1
18347,2026-02-11,s2,-1.9972,,2
18348,2026-06-19,s11,-2.703,good,2
18349,1710631134,s39,1.8442,good,0
18350,1778994547,s14,-2.0645,ok,2
18351,2026-06-14,s30,3.3444,ok,1
18352,2026-02-13,s29,-1.7062,BAD,2
18353,2026-06-13,s14,-2.7858,BAD,2
18354,2026-03-19,s14,1.9899,OK,0
18355,2026-04-14,s1,3.6089,good,0
18356,1712792007,s17,5.2908,BAD,1
18357,1785361234,s33,-1.6134,OK,1
18358,2026-06-16,s3,-0.5325,OK,0
18359,2026-02-12,s26,-0.4155,OK,0
18360,2026-08-17,s26,6.6325,BAD,1
18361,1765131989,s22,-4.2722,OK,2
18362,1785041868,s30,-2.8539,good,2
18363,2026-05-18,s2,3.7966,OK,1
18364,2026-01-16,s19,-0.9915,ok,2
18365,1761281241,s26,2.004,,1
18366,2026-03-11,s4,0.4634,ok,0
18367,2026-04-10,s12,1.5732,OK,0
18368,2026-07-14,s39,5.0437,ok,1
18369,1782676718,s34,3.4701,ok,1
18370,1724767578,s23,4.1253,,1
18371,2026-03-13,s26,-4.3064,good,2
18372,1783113604,s38,3.5586,,1
18373,1757615095,s38,-3.8364,BAD,2
18374,1747411080,s32,4.183,OK,1
18375,1744021279,s39,-0.2292,BAD,0
18376,1706055972,s9,2.2478,good,0
18377,1749997569,s30,3.5109,OK,1
18378,2026-03-17,s13,3.9104,BAD,1
18379,2026-02-12,s23,-0.2811,ok,0
18380,2026-07-12,s20,1.7906,good,0
18381,1702771964,s10,1.2775,OK,0
18382,1737423699,s22,-2.1567,BAD,2
18383,2026-03-15,s11,-2.1746,BAD,2
18384,1736617207,s37,3.3501,OK,1
18385,1729722408,s27,0.5743,ok,0
18386,1750789834,s13,-3.041,good,2
18387,1722921912,s6,7.5551,good,1
18388,1766913861,s16,-2.4317,ok,2
18389,1747595344,s25,8.3387,OK,1
18390,2026-01-17,s40,2.903,OK,0
18391,2026-06-17,s3,-6.4035,OK,2
18392,2026-09-11,s13,-5.9467,,2
18393,1701427615,s27,0.2553,BAD,0
18394,1727792661,s23,-0.3263,ok,2
18395,1765115344,s36,-1.2705,ok,0
18396,1737092291,s37,-3.2608,good,2
18397,1750687310,s18,-2.2465,BAD,2
18398,1723396281,s4,-5.1626,good,2
18399,2026-05-17,s11,-2.7196,OK,2
18400,1752871134,s28,1.7415,,0
18401,2026-04-10,s9,5.4735,BAD,1
18402,1783981575,s37,0.9937,,0
18403,2026-08-12,s17,0.9343,OK,0
18404,1784681637,s28,2.3735,BAD,0
18405,2026-02-16,s35,1.3697,,0
18406,2026-02-11,s35,-1.842,OK,2
18407,2026-04-14,s40,5.8529,,1
18408,1753425976,s18,2.8266,OK,0
18409,1786845198,s37,-1.6264,good,2
18410,1785615749,s19,6.2819,ok,1
18411,2026-01-11,s17,,ok,0
18412,2026-05-15,s38,1.9831,BAD,1
18413,1713710856,s17,-1.5643,ok,2
18414,1703028344,s23,1.2875,,0
18415,2026-04-11,s15,5.802,OK,1
18416,1783380895,s6,3.0631,OK,0
18417,2026-05-17,s21,-4.2067,,2
18418,1784393573,s9,-3.271,OK,2
18419,2026-07-16,s14,6.4402,good,1
18420,2026-07-18,s40,2.7389,,1
18421,2026-08-16,s14,-2.1497,,2
18422,1734988559,s33,6.5803,ok,1
18423,1701782785,s7,1.8589,OK,0
18424,1788569050,s10,-4.1712,,2
18425,1702722599,s31,2.0866,OK,1
18426,2026-08-14,s18,-2.5566,good,2
18427,2026-06-10,s19,3.4041,good,1
18428,2026-08-17,s35,3.8995,good,0
18429,2026-06-19,s15,-3.4265,BAD,2
18430,2026-04-15,s37,5.7954,OK,1
18431,2026-04-17,s5,0.988,good,0
18432,2026-05-12,s13,2.356,good,0
18433,2026-09-13,s32,0.6484,ok,0
18434,1755993843,s6,0.7904,,2
18435,1757173773,s2,1.716,good,0
18436,2026-04-15,s10,6.9571,,1
18437,1776412557,s15,5.918,BAD,1
18438,1788173840,s5,1.5781,,2
18439,2026-06-15,s12,1.4447,OK,0
18440,2026-09-12,s1,2.0041,,1
18441,2026-01-12,s8,0.5062,OK,0
18442,2026-07-10,s7,6.9592,BAD,1
18443,1781020198,s21,-5.1522,OK,2
18444,1764464853,s16,3.544,good,1
18445,1784615699,s39,0.0915,good,0
18446,2026-07-18,s5,5.5542,,1
18447,1785139587,s3,2.1981,,2
18448,2026-01-18,s11,2.5058,,1
18449,1776416587,s13,-1.0837,ok,0
18450,1706110797,s4,2.3489,ok,1
18451,1751027193,s37,2.5194,OK,0
18452,2026-02-15,s14,-3.7249,BAD,2
18453,2026-08-19,s39,5.9637,OK,1
18454,1735580158,s31,,ok,2
18455,1768917451,s18,1.8817,BAD,1
18456,1759281755,s38,2.3966,OK,0
18457,2026-08-11,s35,-2.8041,good,2
18458,1783435654,s12,-2.3366,BAD,2
18459,2026-01-13,s32,0.741,OK,0
18460,2026-01-10,s23,3.926,,1
18461,2026-08-13,s37,0.6121,BAD,1
18462,2026-05-16,s13,-2.6176,,2
18463,2026-08-18,s16,,ok,0
18464,2026-02-10,s13,2.3254,ok,1
18465,2026-03-14,s4,-4.9108,good,2
18466,2026-08-12,s23,-4.7453,good,2
18467,1704545325,s28,-0.4353,good,0
18468,1725173269,s16,-2.7195,,2
18469,1734978204,s7,-0.2461,BAD,0
18470,2026-05-16,s5,-2.0152,good,0
18471,1711153483,s25,-5.2728,,2
18472,2026-01-10,s32,-1.8853,,2
18473,1717315909,s4,7.2345,,1
18474,1738286678,s36,,ok,2
18475,1778243302,s5,1.9892,,0
18476,2026-06-10,s23,-2.991,OK,2
18477,2026-04-15,s11,0.158,good,2
18478,2026-04-10,s11,2.1803,ok,1
18479,1733003067,s18,1.6638,BAD,1
18480,1768755818,s7,-3.0559,ok,0
18481,1728713111,s29,0.6203,,0
18482,2026-06-15,s2,6.9552,ok,1
18483,2026-09-13,s17,3.226,,1
18484,1745845967,s1,-2.9226,ok,2
18485,2026-02-13,s28,-5.4878,BAD,2
18486,1786238099,s5,-3.4404,good,2
18487,2026-08-13,s8,-3.3251,OK,2
18488,1749456124,s11,-0.0788,,0
18489,1753622767,s3,3.3648,ok,1
18490,1760565218,s17,-1.0916,ok,0
18491,2026-05-15,s16,-0.0246,good,0
18492,2026-08-10,s1,-1.217,BAD,2
18493,2026-04-19,s11,-1.9789,BAD,0
18494,1700451332,s22,-0.3657,ok,2
18495,2026-08-12,s37,4.765,good,1
18496,2026-09-17,s26,0.8581,OK,1
18497,1728005632,s30,0.0757,,2
18498,2026-05-17,s33,0.1215,,0
18499,1710434759,s3,,ok,2
18500,2026-08-11,s17,3.3696,BAD,1
18501,1712587568,s10,-3.8789,BAD,2
18502,1741232785,s37,-2.5363,,2
18503,2026-07-12,s19,3.9379,ok,1
18504,1772518810,s11,-2.1307,OK,2
18505,1709889870,s36,2.0253,OK,1
18506,1756540708,s30,5.0865,,1
18507,1706380433,s3,0.455,BAD,0
18508,1755353138,s9,-1.7147,OK,0
18509,1751248538,s20,3.0498,OK,0
18510,1766529443,s31,-2.4069,ok,2
18511,1758591482,s7,3.0536,BAD,1
18512,2026-05-13,s6,2.1469,,0
18513,2026-05-18,s15,2.6662,OK,0
18514,2026-04-17,s33,,,2
18515,1757571821,s26,5.7998,ok,1
18516,1711386711,s14,-6.6517,ok,2
18517,1764070752,s8,3.4536,BAD,0
18518,1705122488,s7,-3.353,BAD,2
18519,2026-09-16,s17,-2.0522,OK,0
18520,2026-06-19,s13,1.5241,BAD,0
18521,1765820785,s6,-2.6323,ok,2
18522,1775129200,s30,2.8309,ok,1
18523,1787187260,s16,-0.0106,good,0
18524,2026-06-16,s12,4.0506,good,1
18525,2026-06-12,s2,-0.8318,BAD,2
18526,2026-09-11,s39,-2.3802,BAD,2
18527,2026-04-14,s27,,BAD,1
18528,2026-05-14,s38,0.8586,good,0
18529,2026-07-14,s1,-5.7648,BAD,2
18530,2026-07-11,s23,0.8955,,0
18531,2026-01-12,s22,-4.6187,OK,2
18532,2026-03-19,s37,1.3875,,0
18533,2026-08-19,s20,,good,0
18534,2026-05-19,s27,3.9601,good,1
18535,2026-05-19,s23,4.0186,,0
18536,1777290761,s22,-3.7419,good,2
18537,1712349161,s10,0.3538,good,0
18538,1742125862,s35,-1.7925,OK,2
18539,2026-09-19,s23,-0.4048,good,0
18540,2026-09-18,s39,-1.9071,BAD,2
18541,2026-02-14,s38,-4.5993,good,2
18542,2026-05-12,s35,-0.1459,OK,0
18543,1754220683,s3,,ok,1
18544,2026-03-13,s17,-1.8066,BAD,0
18545,2026-09-17,s21,5.8643,ok,0
18546,2026-06-12,s4,-0.0936,,0
18547,2026-01-14,s22,3.9226,ok,1
18548,1746669831,s16,,BAD,1
18549,1778604669,s40,5.1949,BAD,1
18550,1762891405,s3,3.7508,,1
18551,1743450179,s16,-0.7874,OK,0
18552,2026-06-18,s29,6.2021,good,1
18553,1721522985,s20,,OK,2
18554,2026-05-12,s5,3.0496,OK,1
18555,2026-09-12,s38,6.3824,,1
18556,1767801185,s37,-3.2844,,2
18557,2026-07-15,s10,0.814,BAD,0
18558,1768006266,s22,2.2459,ok,0
18559,2026-06-17,s9,4.0774,OK,0
18560,1757978836,s27,2.239,ok,1
18561,1753430029,s5,-6.0391,BAD,2
18562,2026-01-15,s14,5.1441,BAD,1
18563,2026-07-14,s33,-2.4703,OK,2
18564,1716215157,s17,2.051,,1
18565,1771790028,s32,3.7661,good,1
18566,2026-07-12,s6,6.9901,good,1
18567,1766420110,s15,-3.6322,ok,2
18568,2026-08-16,s29,,,1
18569,1756033385,s30,-2.5061,OK,0
18570,2026-09-10,s25,,good,1
18571,2026-04-19,s38,1.9292,,1
18572,2026-07-11,s2,-0.0901,BAD,0
18573,2026-01-13,s7,-3.3308,good,2
18574,2026-06-13,s36,-5.0755,,2
18575,2026-07-12,s31,0.37,good,1
18576,1777010504,s22,-2.0584,good,2
18577,1780945485,s33,-5.1141,,2
18578,2026-03-16,s13,-4.2774,BAD,2
18579,2026-07-15,s28,-3.992,ok,2
18580,2026-07-19,s15,0.7719,OK,0
18581,2026-07-10,s13,5.0962,OK,0
18582,2026-04-13,s1,2.0504,BAD,1
18583,2026-04-10,s12,5.1771,BAD,1
18584,1779163485,s22,0.8026,ok,0
18585,1704407798,s22,-1.749,BAD,2
18586,2026-02-13,s22,2.9306,good,0
18587,1760138945,s11,5.0554,BAD,0
18588,1735417229,s12,-1.1322,BAD,0
18589,1743890106,s25,-2.0716,ok,0
18590,2026-01-16,s27,-1.6562,,2
18591,1767513204,s14,0.965,BAD,0
18592,1753412720,s38,5.3402,ok,1
18593,1735263728,s35,1.9067,good,0
18594,1734352242,s2,0.5637,BAD,0
18595,2026-01-10,s4,4.9044,BAD,1
18596,1771890979,s8,0.0594,good,0
18597,2026-02-17,s28,-1.2971,good,2
18598,2026-05-19,s23,-3.6153,,2
18599,2026-02-13,s9,-1.6905,BAD,2
18600,2026-09-11,s12,-2.7597,,2
18601,1723585728,s10,-0.313,,0
18602,2026-02-12,s26,-0.2502,,0
18603,2026-01-18,s9,-2.1401,good,0
18604,2026-07-16,s22,2.3557,ok,1
18605,2026-02-16,s40,1.6402,,0
18606,2026-01-18,s27,-2.1362,OK,0
18607,1773819734,s5,4.3184,,1
18608,2026-08-17,s8,1.7971,good,0
18609,2026-05-16,s1,2.8036,BAD,1
18610,2026-01-16,s40,2.2766,BAD,1
18611,1708005002,s39,-5.7381,BAD,2
18612,1714106117,s36,-4.1772,BAD,2
18613,1746422257,s13,2.1783,good,0
18614,1777416048,s34,-1.4555,,0
18615,2026-03-17,s34,5.235,ok,1
18616,1759808587,s17,-1.892,good,2
18617,2026-07-11,s34,5.5561,good,1
18618,1754755880,s6,2.9024,ok,0
18619,1713736802,s13,3.7981,BAD,1
18620,1747715461,s31,,,2
18621,1788467037,s21,4.6084,good,1
18622,2026-09-19,s32,4.7749,BAD,1
18623,2026-08-18,s27,1.6339,good,1
18624,1746904930,s30,-4.2672,,2
18625,1776975551,s30,-3.6984,OK,2
18626,1772530172,s29,4.5235,good,1
18627,2026-06-11,s11,-3.0843,,2
18628,1713457320,s24,-1.5688,OK,2
18629,1739390236,s4,-1.0864,OK,0
18630,1709821890,s6,-5.0443,BAD,2
18631,1770090542,s39,3.8406,ok,1
18632,2026-02-14,s37,6.0308,ok,1
18633,2026-06-19,s36,1.7937,ok,1
18634,1774926190,s22,2.1665,OK,0
18635,1775026827,s31,-6.255,ok,2
18636,1744039832,s7,-2.2917,ok,2
18637,2026-03-17,s16,6.0208,OK,1
18638,1725200368,s4,3.1908,,1
18639,1715091607,s24,0.4697,ok,0
18640,2026-01-14,s40,3.3454,BAD,1
18641,1731590672,s18,-1.8049,BAD,2
18642,1711280704,s29,-0.2688,BAD,0
18643,1730574181,s34,1.9469,BAD,0
18644,1732969556,s38,3.8869,ok,1
18645,1731314968,s12,-5.9734,,2
18646,1771136325,s15,3.4647,ok,0
18647,2026-01-19,s14,-4.3585,OK,2
18648,1744195565,s39,5.2478,good,1
18649,1736291558,s8,3.7404,,1
18650,1707065715,s1,-3.5636,good,2
18651,1708806319,s18,4.3873,,1
18652,2026-03-19,s12,-0.9094,ok,2
18653,2026-03-14,s25,0.2197,good,0
18654,2026-07-14,s31,-1.5499,BAD,2
18655,2026-07-19,s8,-1.5092,good,2
18656,1729050960,s38,7.5442,ok,1
18657,1761195488,s29,2.5029,ok,1
18658,1702071102,s23,6.5649,ok,1
18659,2026-03-12,s31,4.6915,BAD,1
18660,2026-07-19,s35,-1.2837,,2
18661,2026-05-17,s15,-0.6986,good,0
18662,1751053309,s26,,good,2
18663,2026-01-13,s28,-0.5787,,0
18664,2026-04-18,s37,1.912,,1
18665,1779762841,s3,-4.7335,ok,2
18666,1721771530,s26,4.7146,good,1
18667,2026-08-10,s39,6.8588,,1
18668,2026-04-12,s17,4.0858,OK,1
18669,1721764161,s6,6.2638,OK,1
18670,2026-07-15,s7,2.7387,OK,0
18671,1741730339,s38,4.3148,BAD,1
18672,2026-03-14,s17,1.957,,0
18673,2026-01-11,s21,-1.3118,BAD,0
18674,1749293957,s16,-3.8419,good,2
18675,2026-06-18,s21,-1.9168,,0
18676,2026-08-12,s5,2.2687,,0
18677,2026-03-13,s31,-0.8761,ok,0
18678,1781119677,s25,1.0438,good,2
18679,1777105841,s8,-0.759,,0
18680,2026-05-17,s16,-2.3885,good,2
18681,1701902997,s37,5.4737,good,1
18682,1722203226,s39,2.0076,BAD,1
18683,1724667010,s34,-1.764,BAD,0
18684,2026-04-15,s13,4.525,ok,1
18685,2026-01-13,s31,1.3411,ok,1
18686,1709179419,s10,-0.0422,ok,2
18687,2026-01-17,s29,6.4237,,1
18688,2026-03-18,s33,-0.5104,,0
18689,1771972156,s5,3.2281,BAD,1
18690,1771583425,s20,5.3099,,1
18691,2026-03-19,s25,7.0828,,1
18692,1749075966,s13,1.5988,good,0
18693,2026-07-19,s33,-0.4994,ok,0
18694,2026-09-17,s39,0.8393,,0
18695,1718535188,s25,-3.9766,good,2
18696,2026-09-17,s1,-1.7273,BAD,2
18697,1778966037,s29,-1.878,ok,2
18698,2026-07-13,s30,2.8366,BAD,0
18699,1788996791,s6,-2.7867,OK,2
18700,1707755830,s27,2.0934,,1
18701,2026-04-10,s12,3.0789,ok,1
18702,1776848159,s19,-3.1908,,2
18703,2026-04-13,s16,-1.1748,good,2
18704,2026-04-14,s17,6.5761,OK,1
18705,1709894730,s25,2.6016,,1
18706,1750398425,s14,3.5883,good,0
18707,2026-01-19,s40,-2.9985,,2
18708,2026-09-15,s20,6.4039,good,1
18709,2026-09-13,s1,5.022,ok,1
18710,2026-06-19,s9,-0.1312,BAD,0
18711,1707950213,s30,4.9525,,1
18712,2026-03-14,s33,7.597,BAD,1
18713,2026-04-19,s19,-1.7875,BAD,2
18714,2026-09-17,s11,3.9785,,1
18715,1740475521,s37,6.1204,ok,1
18716,2026-05-18,s40,,,1
18717,1786687443,s13,5.469,OK,1
18718,2026-01-13,s3,1.9113,good,0
18719,1757095135,s11,-1.5794,,0
18720,2026-03-15,s29,1.0459,ok,0
18721,2026-09-19,s25,1.4623,,0
18722,1728649734,s28,,,0
18723,2026-02-15,s16,-3.1408,,2
18724,1736269293,s20,0.4239,BAD,0
18725,1726703649,s31,6.0093,good,1
18726,2026-04-17,s32,-2.142,ok,2
18727,1766629050,s6,-3.9401,BAD,2
18728,1710465992,s20,5.2207,,1
18729,2026-01-15,s7,-2.75,ok,0
18730,2026-02-17,s29,,OK,2
18731,1786080042,s12,1.8497,BAD,0
18732,2026-01-19,s19,0.4897,BAD,1
18733,1754508521,s16,1.5465,BAD,0
18734,1777782401,s18,-0.5487,BAD,0
18735,1745106025,s24,7.5862,OK,1
18736,1773698161,s32,5.0038,ok,1
18737,2026-08-17,s38,5.0808,BAD,1
18738,1713490073,s23,-2.4561,,2
18739,2026-06-13,s36,7.1925,good,1
18740,1758909343,s37,1.5791,ok,1
18741,2026-09-13,s11,4.0445,BAD,1
18742,2026-03-19,s38,0.4296,,0
18743,1738134729,s5,-0.2769,ok,0
18744,2026-01-13,s4,2.4187,ok,0
18745,1788304981,s35,-0.3833,,2
18746,1788704221,s33,3.4831,good,0
18747,1747154900,s11,0.0853,good,0
18748,2026-03-13,s11,5.069,OK,1
18749,2026-02-11,s3,0.9493,BAD,1
18750,1703310309,s39,-3.1929,OK,2
18751,2026-01-14,s5,-3.6474,OK,0
18752,2026-09-17,s22,6.3957,OK,1
18753,1716229211,s38,1.9211,good,0
18754,2026-05-17,s26,-1.1147,good,2
18755,1724826582,s16,3.1809,,0
18756,1725199920,s9,3.3959,,1
18757,2026-07-12,s34,0.104,OK,0
18758,1779421748,s37,-1.7867,OK,0
18759,1751075698,s34,4.9315,good,1
18760,1765680665,s30,,BAD,1
18761,2026-08-14,s27,-1.895,,0
18762,2026-04-10,s36,0.6002,BAD,0
18763,1778289204,s36,1.9012,BAD,0
18764,1701577998,s33,-2.5729,,2
18765,2026-08-10,s25,3.5385,BAD,1
18766,2026-04-13,s22,-3.7867,,2
18767,1734393024,s33,1.6336,,0
18768,1760170738,s30,4.5337,OK,1
18769,1778824557,s30,-4.6064,OK,2
18770,1749497866,s40,4.6284,,1
18771,1744713868,s8,,good,0
18772,2026-06-18,s27,7.1775,ok,1
18773,2026-06-15,s14,5.1014,BAD,1
18774,1760493658,s24,0.2892,BAD,0
18775,1784281313,s22,3.1426,OK,0
18776,1756112891,s38,-0.8813,OK,2
18777,1741082936,s35,-0.0521,,0
18778,1725913618,s11,3.2636,good,0
18779,2026-03-19,s24,-3.3339,BAD,2
18780,2026-04-12,s25,5.3933,good,1
18781,1750604047,s25,0.7176,ok,0
18782,1757249648,s30,3.0205,good,1
18783,1745937152,s8,-1.1449,good,2
18784,1704357867,s23,-0.7701,BAD,0
18785,1721253644,s22,-3.7709,ok,2
18786,1703014733,s17,2.9256,OK,0
18787,1727401007,s40,-0.4371,,2
18788,1701296985,s28,4.5168,BAD,1
18789,2026-06-11,s1,-2.8337,,2
18790,1715446246,s26,1.9768,,1
18791,1740672807,s27,3.4383,,1
18792,2026-03-17,s6,-2.8664,,2
18793,1778286611,s6,-0.9565,ok,2
18794,1706682598,s10,-2.8964,ok,2
18795,2026-01-16,s39,1.4645,ok,0
18796,2026-09-19,s11,2.0357,,1
18797,2026-07-12,s32,6.4193,,1
18798,1782501997,s32,-1.4972,BAD,2
18799,1708206037,s24,-1.1887,BAD,0
18800,1729497647,s38,0.0877,good,0
18801,2026-09-11,s19,-3.058,,2
18802,1789486864,s17,-4.3161,OK,2
18803,2026-08-18,s3,1.6801,good,0
18804,2026-02-12,s4,5.5412,BAD,1
18805,1715582095,s33,0.1442,OK,0
18806,1781779154,s36,2.3239,ok,0
18807,1749050598,s13,3.9927,ok,1
18808,2026-05-15,s23,3.2972,,1
18809,2026-01-11,s24,7.1752,OK,1
18810,1724320719,s1,-6.3981,OK,2
18811,1767740718,s4,-3.4804,good,2
18812,2026-01-19,s1,3.751,ok,0
18813,1702342660,s40,-4.2072,BAD,2
18814,2026-05-11,s19,-2.1404,BAD,2
18815,1775540460,s15,4.892,BAD,1
18816,2026-04-19,s25,-3.8345,OK,2
18817,1731077409,s29,4.3422,,1
18818,2026-05-12,s26,0.7742,good,0
18819,1727308201,s24,1.8606,ok,0
18820,1712622085,s40,-1.3933,OK,2
18821,1710201844,s26,5.0612,,1
18822,1739880918,s32,-4.7176,,2
18823,2026-08-19,s5,2.9424,good,1
18824,2026-09-19,s5,1.058,OK,0
18825,2026-03-12,s23,5.5271,,1
18826,2026-03-10,s13,-4.0978,,2
18827,1735117553,s19,-4.4126,,2
18828,1751356919,s6,-1.0742,OK,2
18829,1751346461,s13,3.9017,OK,1
18830,2026-06-11,s13,6.1037,good,1
18831,2026-06-13,s11,-1.6356,ok,2
18832,1755848819,s5,-3.5996,OK,2
18833,2026-07-16,s27,2.5415,good,0
18834,2026-05-15,s28,-1.8988,,2
18835,2026-04-13,s36,5.7278,good,1
18836,1742415304,s30,3.6701,good,1
18837,1768668986,s26,3.2927,BAD,1
18838,1711310981,s24,-1.1038,ok,0
18839,2026-09-12,s38,5.5038,BAD,1
18840,2026-01-11,s18,-1.5065,OK,2
18841,2026-03-19,s5,-1.7202,good,2
18842,2026-06-10,s16,-0.587,,2
18843,1717856125,s31,-1.03,good,2
18844,2026-08-11,s37,-0.1802,,2
18845,2026-03-14,s13,6.7008,OK,1
18846,2026-08-15,s30,0.3506,OK,0
18847,1712655225,s1,-2.5776,ok,2
18848,2026-05-12,s32,,BAD,0
18849,2026-04-13,s15,4.4318,,1
18850,2026-07-18,s10,-1.4468,OK,0
18851,1782209362,s30,1.5568,BAD,0
18852,2026-06-10,s40,4.2928,OK,1
18853,1768614079,s21,-6.9495,BAD,2
18854,2026-08-16,s32,-1.8214,,0
18855,2026-02-17,s17,5.4728,BAD,1
18856,1731321285,s21,-2.5941,ok,2
18857,1743871369,s1,6.9297,BAD,1
18858,1733055478,s31,-3.1589,BAD,2
18859,2026-09-14,s23,0.9567,good,0
18860,1763165329,s13,1.9076,ok,0
18861,2026-01-16,s2,-3.6211,ok,2
18862,2026-08-19,s40,2.8907,OK,0
18863,1771581866,s35,-1.7138,good,2
18864,1780186808,s39,1.6564,BAD,0
18865,1768409395,s40,5.6674,BAD,1
18866,2026-08-11,s25,3.8414,good,1
18867,1723165491,s6,4.866,BAD,1
18868,2026-03-16,s31,5.0837,good,1
18869,1752117118,s27,,OK,1
18870,1736593711,s3,3.1371,ok,0
18871,2026-04-10,s27,-1.235,good,0
18872,2026-06-10,s10,-2.226,BAD,2
18873,2026-05-11,s39,-0.7621,,2
18874,1751957516,s31,2.741,good,1
18875,2026-09-17,s28,-0.9586,good,2
18876,1739223551,s40,1.0715,ok,0
18877,2026-06-12,s13,,ok,2
18878,2026-04-17,s14,-6.1686,ok,2
18879,2026-06-11,s3,7.1009,ok,1
18880,1720264745,s40,2.7985,OK,0
18881,2026-06-15,s39,6.638,,1
18882,2026-08-13,s9,3.3035,OK,1
18883,1772229301,s9,-4.093,BAD,2
18884,1758921514,s28,2.3831,OK,0
18885,2026-09-16,s25,-2.7983,,2
18886,2026-03-15,s36,-2.1347,BAD,2
18887,1757780233,s21,,ok,0
18888,1734342161,s15,-1.638,OK,2
18889,2026-07-12,s40,0.3039,ok,0
18890,1704852237,s10,1.5342,ok,1
18891,2026-01-19,s36,0.2029,OK,0
18892,1743583873,s33,4.5952,good,1
18893,2026-07-12,s39,-1.496,ok,0
18894,2026-08-10,s25,6.662,OK,1
18895,1761295284,s18,5.1149,ok,0
18896,2026-07-10,s14,2.4777,,0
18897,1705397200,s31,-5.9371,ok,2
18898,1737941457,s32,-0.6438,ok,2
18899,1764268556,s32,4.0896,good,1
18900,2026-05-15,s39,-1.8466,OK,2
18901,1785581699,s31,2.7856,,0
18902,1759537149,s35,-3.2367,,2
18903,1727759407,s18,1.6314,ok,1
18904,2026-04-14,s12,-1.2896,,0
18905,2026-07-14,s18,,OK,1
18906,2026-02-16,s11,-0.0848,good,0
18907,1723764179,s38,-3.0664,OK,2
18908,2026-02-19,s13,-3.4561,,2
18909,2026-09-16,s29,-1.3326,OK,2
18910,2026-02-14,s17,-1.2801,OK,2
18911,2026-09-18,s13,1.2801,,0
18912,2026-06-15,s23,2.9309,BAD,1
18913,2026-02-14,s8,1.8896,ok,0
18914,1768372015,s36,-1.3054,ok,1
18915,2026-03-12,s21,1.3481,good,0
18916,1788690503,s30,3.5831,BAD,1
18917,1753474341,s20,-1.7597,BAD,2
18918,2026-05-18,s39,3.9393,,1
18919,1763434032,s26,3.1909,BAD,0
18920,1731721244,s29,-0.1973,,0
18921,1780817826,s10,-1.4601,ok,2
18922,1702350270,s36,3.4584,,1
18923,1730187263,s8,4.0103,BAD,1
18924,1779499161,s40,2.1756,good,1
18925,2026-09-16,s34,-3.6722,OK,2
18926,1725776499,s24,3.4032,ok,0
18927,1779277393,s8,-3.2232,ok,2
18928,1706489940,s36,6.8216,good,1
18929,1752094092,s12,1.3214,,0
18930,1707181707,s17,5.1934,,1
18931,2026-04-18,s39,0.7319,ok,1
18932,1737115680,s7,5.4262,OK,1
18933,1764729594,s36,3.7452,good,1
18934,2026-01-15,s23,6.4504,good,1
18935,1731657980,s28,1.2569,OK,1
18936,1740698882,s18,-6.9029,good,2
18937,1765401832,s31,2.0428,ok,0
18938,1729504283,s19,-1.3498,BAD,2
18939,2026-05-19,s6,0.9357,OK,0
18940,2026-02-15,s19,-1.8755,OK,2
18941,1759170286,s4,3.7411,ok,1
18942,2026-09-16,s14,5.0138,,1
18943,2026-05-13,s9,1.2252,BAD,0
18944,2026-01-18,s39,2.8803,,1
18945,2026-06-14,s16,-3.312,good,0
18946,2026-07-13,s13,2.3868,ok,1
18947,1711682235,s33,1.4819,ok,0
18948,1707312319,s25,0.1281,good,0
18949,1702168611,s21,3.7996,,1
18950,1782357620,s5,-0.8408,ok,0
18951,2026-03-16,s13,3.4687,ok,1
18952,1725694938,s2,5.2608,ok,1
18953,2026-05-18,s31,-0.0019,good,0
18954,2026-06-18,s8,3.2819,ok,1
18955,2026-08-14,s14,-0.4341,,0
18956,1778471343,s26,,,1
18957,1789303804,s31,3.9971,BAD,1
18958,1789783267,s3,3.8613,OK,0
18959,2026-02-18,s1,-1.4679,OK,0
18960,2026-09-18,s7,-3.5957,BAD,2
18961,1777705038,s2,2.2321,BAD,0
18962,2026-01-12,s7,-4.6825,,2
18963,2026-02-16,s26,-3.745,good,2
18964,2026-08-14,s10,-4.4835,good,2
18965,2026-09-17,s33,3.3883,OK,0
18966,1709498679,s31,2.4533,OK,1
18967,1710929872,s18,7.5033,good,1
18968,2026-03-10,s7,3.3275,,1
18969,1704387845,s16,1.7106,ok,0
18970,1721617741,s8,2.0626,OK,0
18971,2026-08-18,s2,0.7922,,0
18972,1769599898,s11,4.1868,,1
18973,2026-02-15,s8,0.9845,BAD,0
18974,2026-07-18,s11,4.0389,good,1
18975,1715731859,s39,-2.694,BAD,2
18976,2026-04-16,s34,5.7481,good,0
18977,2026-03-17,s17,7.0687,OK,1
18978,2026-05-10,s36,0.066,,2
18979,1770748697,s29,-2.6746,good,2
18980,2026-04-17,s32,0.5828,,0
18981,1705105427,s35,-1.7378,BAD,2
18982,1720881092,s6,7.2153,BAD,1
18983,2026-04-17,s23,2.2064,OK,1
18984,2026-05-12,s16,0.8924,BAD,0
18985,1712180379,s25,1.5483,,1
18986,2026-02-12,s2,-1.741,OK,0
18987,1782435619,s29,3.3297,BAD,0
18988,1758052191,s19,0.7606,OK,2
18989,2026-03-15,s24,-4.4968,BAD,2
18990,1705064088,s37,4.6178,,1
18991,2026-09-15,s25,4.4276,good,1
18992,1743069571,s39,1.9471,,1
18993,1717790092,s34,-0.9539,OK,2
18994,1712784884,s20,3.1993,OK,0
18995,2026-08-13,s18,0.0514,OK,0
18996,1716792647,s29,2.0505,OK,0
18997,1745377144,s26,5.4852,OK,1
18998,2026-07-18,s23,3.7302,OK,1
18999,1766913386,s18,-1.9902,,2
19000,1714515739,s38,-5.2453,good,2
19001,2026-04-12,s12,-0.1583,OK,0
19002,2026-07-11,s36,-0.8963,BAD,0
19003,1725406623,s6,0.1484,ok,0
19004,2026-04-15,s26,-0.2853,,2
19005,1736950154,s20,2.2637,,1
19006,2026-05-14,s18,0.7613,OK,1
19007,1755859243,s5,,,2
19008,2026-03-12,s38,-1.9459,,2
19009,2026-09-14,s20,4.504,ok,1
19010,2026-09-15,s14,-6.952,ok,2
19011,2026-02-15,s16,3.7186,OK,1
19012,1767568678,s39,-1.3266,OK,2
19013,1723537855,s31,-1.9653,,0
19014,2026-01-12,s29,-2.0358,BAD,2
19015,2026-06-13,s12,5.4221,good,1
19016,2026-04-19,s5,8.1392,ok,1
19017,1718607108,s37,-0.8247,BAD,2
19018,2026-05-13,s39,5.7418,OK,0
19019,2026-03-19,s3,5.8157,OK,1
19020,2026-08-10,s18,-2.909,ok,2
19021,2026-06-15,s32,0.3741,good,0
19022,2026-09-13,s14,-1.9222,BAD,0
19023,1762688747,s15,1.5225,OK,0
19024,2026-02-15,s19,0.5884,good,0
19025,2026-01-14,s12,-4.2144,good,2
19026,1729266943,s23,-5.2395,ok,2
19027,2026-07-15,s14,1.6887,,1
19028,2026-09-15,s13,-4.6333,ok,2
19029,1755686508,s22,1.1539,ok,0
19030,2026-04-12,s5,-4.3844,,2
19031,1770665595,s11,3.7821,,0
19032,1772776040,s14,4.8426,good,1
19033,2026-01-14,s30,-0.9472,BAD,0
19034,2026-03-19,s11,-0.395,,0
19035,1772868938,s3,3.3976,,0
19036,1743514514,s20,0.1205,,0
19037,1763188904,s8,4.4625,,1
19038,2026-08-15,s18,3.5976,BAD,0
19039,2026-06-16,s24,5.4811,,1
19040,2026-07-18,s3,6.5584,good,1
19041,1711415279,s21,4.3682,ok,1
19042,1782031063,s40,2.0874,BAD,1
19043,1746309714,s2,5.2315,ok,1
19044,1740106876,s27,5.727,ok,1
19045,1774300415,s22,-3.0383,OK,2
19046,1759406053,s2,1.8449,,1
19047,2026-02-15,s34,-1.413,OK,2
19048,1705472837,s15,,ok,1
19049,2026-03-13,s1,,ok,1
19050,1718235476,s2,-0.0621,,0
19051,1786430767,s22,-2.6097,good,2
19052,1726350603,s33,3.2938,OK,1
19053,1760350573,s28,,ok,2
19054,1720742704,s34,-0.7191,,0
19055,1770338308,s37,4.0675,OK,1
19056,2026-01-11,s33,1.8141,good,0
19057,1718549734,s18,-2.9482,,2
19058,1780653419,s24,-2.7845,ok,2
19059,2026-06-18,s5,-2.4554,OK,2
19060,2026-08-11,s22,3.5506,good,1
19061,1726750440,s36,0.776,ok,0
19062,1703968016,s6,-0.4766,OK,0
19063,1713094422,s13,-4.4878,OK,2
19064,2026-06-15,s12,-4.7215,,2
19065,2026-02-17,s14,1.3791,BAD,0
19066,1765211165,s12,-0.2941,ok,0
19067,1768243831,s9,-1.4503,good,0
19068,1730465507,s7,1.0213,,0
19069,2026-08-11,s24,1.7706,,1
19070,1736968201,s11,6.8372,ok,1
19071,2026-08-12,s7,-4.2097,OK,2
19072,2026-03-11,s28,2.4469,good,0
19073,1750384188,s38,0.6177,,0
19074,1758385378,s4,1.8381,BAD,1
19075,2026-08-12,s29,3.0023,OK,0
19076,2026-04-13,s5,3.0625,BAD,0
19077,1730152865,s1,,BAD,2
19078,1732756149,s8,-2.1712,OK,2
19079,2026-06-12,s11,-4.1274,,2
19080,1769878455,s17,0.3734,OK,0
19081,1745845881,s34,0.4771,BAD,0
19082,2026-01-19,s25,2.0989,,0
19083,2026-07-17,s25,-0.2201,BAD,2
19084,1784155583,s15,-4.1689,good,2
19085,2026-02-16,s5,-5.4263,good,2
19086,1768161629,s15,-0.8219,OK,2
19087,2026-08-16,s11,-2.4431,BAD,2
19088,2026-06-13,s38,-1.2334,,0
19089,2026-01-18,s37,-5.7773,ok,2
19090,1784745398,s6,-2.0241,good,2
19091,2026-05-19,s3,3.0241,good,0
19092,1739865182,s18,-0.159,,0
19093,1714448368,s39,1.6703,BAD,0
19094,2026-02-13,s38,,good,1
19095,2026-06-16,s29,5.7202,BAD,1
19096,2026-07-18,s20,1.1096,good,0
19097,2026-05-18,s29,1.4506,BAD,1
19098,1706271707,s19,5.9086,good,1
19099,1727878350,s15,0.4337,good,0
19100,2026-09-12,s3,-1.8562,ok,2
19101,1743359847,s2,6.1601,good,1
19102,1725900171,s17,2.5284,BAD,0
19103,1774289146,s21,3.5545,,1
19104,2026-07-16,s22,-2.4858,ok,2
19105,1769431396,s13,0.7833,BAD,0
19106,1730994569,s12,-2.5684,,2
19107,2026-03-14,s37,-0.1488,BAD,2
19108,1722803510,s1,-1.3078,ok,0
19109,1769102689,s19,-4.0559,BAD,2
19110,2026-09-15,s23,5.4694,ok,1
19111,2026-06-11,s25,-1.7095,ok,0
19112,1754500611,s28,0.6198,ok,0
19113,2026-04-17,s34,-0.1926,BAD,0
19114,2026-02-10,s2,3.3731,,1
19115,2026-05-16,s7,,,2
19116,2026-05-11,s2,-4.4115,,2
19117,1757295671,s17,-3.078,OK,2
19118,1745714125,s37,-3.353,OK,2
19119,2026-02-11,s10,-1.5612,ok,2
19120,2026-03-10,s23,4.8661,ok,1
19121,2026-02-15,s11,2.3025,ok,0
19122,2026-02-18,s25,4.7607,OK,1
19123,2026-01-17,s23,4.805,OK,1
19124,2026-05-15,s28,3.0032,good,1
19125,2026-03-13,s22,,OK,0
19126,2026-03-15,s3,,good,2
19127,2026-07-15,s7,-1.6476,OK,2
19128,1753905590,s24,2.2482,,1
19129,1770012025,s1,-3.8115,,2
19130,1735250077,s12,1.2151,,0
19131,1776771086,s36,-1.3718,good,0
19132,1776568809,s39,-1.431,ok,2
19133,1756439958,s31,5.8394,good,1
19134,1709055562,s40,-0.633,BAD,0
19135,1737750429,s28,-5.9039,good,2
19136,1772777834,s15,1.6397,good,0
19137,2026-01-14,s8,-1.9838,good,2
19138,1740496493,s11,3.4549,OK,1
19139,2026-01-12,s30,1.1641,ok,1
19140,2026-02-15,s13,1.9943,BAD,0
19141,1759654694,s23,-0.0637,ok,0
19142,2026-02-16,s28,-3.2816,BAD,2
19143,2026-08-16,s25,3.3081,ok,1
19144,1777598560,s24,6.8211,OK,1
19145,2026-08-12,s37,0.9687,,0
19146,2026-04-10,s32,2.3591,BAD,0
19147,2026-05-10,s13,,ok,0
19148,2026-06-12,s2,-0.4606,,0
19149,2026-09-14,s15,-0.1855,BAD,0
19150,1745942843,s8,-4.7484,BAD,2
19151,1719145470,s24,-1.6246,,0
19152,1786161740,s7,-4.5672,ok,2
19153,2026-01-10,s30,-2.9543,good,2
19154,2026-09-17,s30,0.5808,,2
19155,1735302744,s10,-5.0727,,2
19156,2026-02-19,s40,-4.4696,good,2
19157,1722846574,s38,-5.1,BAD,2
19158,1714270368,s32,3.3715,good,1
19159,2026-04-13,s40,-2.0602,ok,2
19160,2026-02-15,s26,1.7551,ok,0
19161,1775624626,s36,-2.4242,,2
19162,2026-09-10,s31,1.3766,,0
19163,1715032824,s35,7.8698,,1
19164,2026-07-13,s22,-1.9035,BAD,2
19165,1767582807,s7,-2.157,,0
19166,1771529043,s20,3.3455,,1
19167,1782055229,s3,0.9703,good,0
19168,1708949625,s17,-3.7703,BAD,2
19169,2026-08-19,s33,0.6234,good,0
19170,1714906203,s8,2.699,OK,0
19171,2026-02-12,s23,1.1158,good,0
19172,2026-07-13,s1,0.029,ok,0
19173,1781722288,s34,-2.3069,,2
19174,1727585428,s29,-2.0376,ok,2
19175,2026-05-11,s35,2.3704,BAD,0
19176,1743560514,s26,-0.389,OK,2
19177,2026-09-12,s15,6.2112,BAD,1
19178,2026-01-10,s9,0.9987,,0
19179,2026-06-17,s14,3.468,good,1
19180,1749538445,s29,,OK,2
19181,2026-04-12,s11,,OK,1
19182,1764619605,s3,8.1168,OK,1
19183,1712405118,s15,1.3605,OK,0
19184,2026-07-18,s27,1.6847,BAD,0
19185,1719636068,s5,0.598,good,0
19186,1746422516,s33,5.9527,BAD,1
19187,1704015601,s39,1.5407,,0
19188,2026-03-12,s12,-3.0729,good,2
19189,1749137380,s38,4.695,BAD,1
19190,2026-01-17,s10,6.638,OK,1
19191,1728807964,s10,-2.5507,OK,2
19192,2026-05-18,s2,,,2
19193,1702505894,s9,7.5204,good,1
19194,2026-06-19,s40,3.0031,ok,0
19195,2026-07-16,s38,-2.5568,,2
19196,1781783471,s12,-3.5366,good,0
19197,2026-01-16,s33,-1.1295,good,2
19198,2026-06-18,s5,-2.749,,2
19199,2026-04-13,s40,,good,2
19200,2026-04-17,s38,-2.9902,ok,2
19201,2026-03-18,s22,7.1119,good,1
19202,2026-07-12,s37,6.4829,OK,1
19203,1750779710,s38,4.397,good,1
19204,1789792809,s25,3.1698,OK,0
19205,1734303805,s12,3.519,BAD,1
19206,1730639443,s29,-1.6077,BAD,0
19207,2026-04-15,s37,-2.2481,BAD,2
19208,1710353958,s36,3.037,OK,0
19209,1766737668,s18,,ok,1
19210,1775703314,s10,-2.1959,,2
19211,2026-09-19,s36,-3.6457,BAD,2
19212,1725739399,s7,4.559,,1
19213,2026-01-17,s38,3.1492,good,1
19214,1736079071,s5,-2.444,OK,2
19215,2026-08-19,s27,1.0528,OK,0
19216,2026-07-14,s16,-2.4122,ok,0
19217,2026-04-12,s39,3.6487,BAD,0
19218,1710470795,s17,2.1725,BAD,1
19219,1720909049,s18,2.7287,good,1
19220,1754863642,s17,5.3214,ok,1
19221,1768485099,s24,5.013,,1
19222,1768051406,s4,-2.0196,good,0
19223,2026-06-15,s20,4.1441,,1
19224,1738741629,s26,2.6921,BAD,1
19225,2026-05-17,s26,-1.9837,,2
19226,2026-09-10,s11,-0.3321,good,0
19227,2026-09-12,s18,6.4672,,1
19228,1763747808,s26,3.122,,1
19229,2026-09-14,s4,4.2911,,0
19230,2026-02-14,s13,0.2553,ok,0
19231,1706540622,s30,1.4002,ok,1
19232,2026-03-18,s37,5.7667,OK,1
19233,2026-08-15,s29,0.5596,BAD,0
19234,1756324977,s15,,ok,2
19235,1775864211,s30,-4.4204,BAD,2
19236,2026-09-15,s22,1.8334,,0
19237,1700345466,s7,-3.2028,,2
19238,2026-09-16,s20,3.8694,ok,0
19239,2026-03-12,s18,3.5888,good,1
19240,2026-06-14,s24,5.404,OK,1
19241,1728131235,s32,0.516,ok,2
19242,1752575851,s31,-2.7083,BAD,2
19243,2026-09-17,s30,-2.3541,BAD,2
19244,2026-03-17,s20,2.4954,OK,1
19245,1735114028,s13,-5.0147,ok,2
19246,1739700502,s17,1.6108,good,0
19247,1717762436,s13,-6.7087,BAD,2
19248,1706289923,s30,0.688,ok,0
19249,2026-05-11,s25,2.8682,ok,1
19250,2026-07-12,s35,-3.9245,OK,2
19251,2026-09-14,s23,1.3632,OK,0
19252,1703623587,s37,2.4893,OK,0
19253,1700683152,s3,1.8291,,1
19254,2026-03-12,s9,-6.9352,,2
19255,1703772478,s38,-3.9675,ok,2
19256,1727765106,s26,-4.7787,ok,2
19257,1755747214,s14,3.0913,,1
19258,1727339628,s39,0.8601,OK,0
19259,1779962366,s13,5.4909,,1
19260,1782748256,s21,2.4943,ok,0
19261,1701084762,s30,1.908,ok,0
19262,2026-01-11,s25,0.708,good,0
19263,2026-09-13,s26,1.9541,ok,0
19264,2026-02-19,s27,-0.822,ok,0
19265,1728950401,s1,-4.9671,ok,2
19266,2026-02-15,s22,-3.5986,ok,2
19267,1741146680,s22,0.8217,ok,2
19268,1708557947,s35,2.1425,ok,1
19269,1721165406,s29,-3.8366,good,0
19270,2026-07-11,s24,2.2227,good,0
19271,2026-08-11,s38,-5.2759,good,2
19272,1734974837,s4,3.0301,BAD,1
19273,2026-08-19,s39,-4.1219,BAD,2
19274,2026-01-15,s18,0.1321,,0
19275,2026-03-19,s33,-3.5613,good,2
19276,1734816357,s14,4.6867,BAD,1
19277,1724456581,s31,-0.6359,BAD,0
19278,1701132230,s18,-5.2629,ok,2
19279,1717908640,s14,-0.5402,ok,0
19280,1737644883,s17,2.1022,BAD,1
19281,2026-09-10,s24,-2.9119,OK,2
19282,2026-06-17,s5,-0.2692,,2
19283,2026-02-10,s21,-4.2946,ok,2
19284,1788224355,s35,-0.886,OK,0
19285,2026-05-18,s35,4.1104,BAD,1
19286,1709026958,s18,2.227,OK,1
19287,1736972154,s12,-5.3395,,2
19288,1724696816,s20,0.8006,,0
19289,1768932904,s5,6.2247,BAD,1
19290,1788943576,s22,1.0737,good,0
19291,2026-01-18,s18,-3.4865,BAD,2
19292,2026-09-10,s4,1.037,OK,1
19293,1710208979,s24,-0.0275,OK,2
19294,1770213412,s31,-3.6086,OK,2
19295,2026-05-10,s21,-3.1735,OK,2
19296,2026-02-18,s31,1.5532,OK,0
19297,2026-01-14,s40,1.473,BAD,0
19298,2026-03-11,s26,5.6124,OK,1
19299,1702365281,s23,2.8029,BAD,1
19300,1780231558,s26,1.7544,BAD,0
19301,2026-02-11,s4,2.0745,OK,1
19302,1710702606,s25,3.0278,ok,0
19303,2026-03-18,s12,7.0554,BAD,1
19304,1774750347,s38,-6.5752,BAD,2
19305,2026-07-14,s38,-3.8908,BAD,2
19306,2026-01-19,s33,0.1723,OK,0
19307,2026-06-14,s29,-3.4906,,2
19308,1717468585,s39,-2.6906,BAD,2
19309,2026-02-18,s17,-2.5174,OK,2
19310,2026-08-14,s31,3.284,BAD,1
19311,1771084402,s15,,ok,2
19312,2026-01-15,s12,-1.0002,OK,2
19313,1741687853,s1,3.775,ok,1
19314,2026-03-12,s35,6.9852,BAD,1
19315,1713140719,s18,3.7365,BAD,1
19316,1764800002,s8,-2.3862,OK,0
19317,1717487561,s4,4.7811,,0
19318,2026-08-12,s28,6.6875,good,1
19319,1758134656,s37,5.35,OK,1
19320,1762056526,s36,3.2944,OK,0
19321,2026-02-17,s27,-4.0402,good,2
19322,2026-04-19,s32,-3.8742,good,2
19323,1747480472,s14,7.601,,1
19324,2026-01-13,s36,-3.3057,,2
19325,1708268234,s8,-1.3385,ok,0
19326,1721277897,s36,4.2594,BAD,1
19327,1715743680,s16,-2.8838,,2
19328,1727608067,s13,-3.2204,good,2
19329,1780737347,s18,-0.7752,BAD,0
19330,2026-04-18,s11,-0.7041,BAD,0
19331,1723377090,s35,-6.235,,2
19332,1766211974,s2,-4.0458,OK,2
19333,2026-05-13,s27,-3.3453,,2
19334,2026-05-10,s9,7.1534,,1
19335,2026-05-12,s37,1.1666,BAD,0
19336,1759337990,s3,1.7289,BAD,1
19337,1758416138,s31,-2.1269,good,2
19338,2026-01-12,s8,6.2231,OK,1
19339,1741749201,s9,2.1261,,0
19340,2026-03-15,s21,-6.0115,good,2
19341,1772068538,s29,8.2617,BAD,1
19342,1785654915,s15,-2.2628,BAD,2
19343,1767283600,s38,-5.2143,OK,2
19344,1739885999,s22,1.8446,BAD,0
19345,2026-08-13,s25,-0.1505,ok,0
19346,1781050625,s14,-1.3871,ok,0
19347,2026-06-19,s9,-4.7419,ok,2
19348,1729721670,s13,4.3096,OK,1
19349,2026-07-11,s10,-3.6253,,2
19350,1730616142,s38,-1.7588,OK,2
19351,2026-01-10,s2,,OK,2
19352,1787726674,s6,4.9856,BAD,1
19353,2026-09-11,s22,3.0567,,1
19354,2026-05-11,s34,-2.7106,OK,2
19355,1768094247,s2,5.9527,ok,1
19356,2026-08-17,s3,3.0484,ok,0
19357,1761786293,s26,5.0524,OK,1
19358,1762185413,s4,5.6143,,1
19359,2026-03-16,s26,-1.0585,ok,2
19360,2026-01-17,s38,3.3059,good,1
19361,1754248001,s16,-2.0958,ok,2
19362,2026-02-17,s5,1.3478,ok,0
19363,2026-08-17,s34,2.2482,OK,1
19364,2026-04-16,s16,3.7619,good,1
19365,1775342418,s36,-5.479,,2
19366,2026-09-17,s24,-4.0455,BAD,2
19367,2026-04-19,s1,-0.9224,ok,2
19368,2026-01-10,s3,5.8214,BAD,1
19369,1770641030,s2,3.6782,good,1
19370,1717843151,s33,0.6489,ok,2
19371,1744527207,s30,1.5453,BAD,2
19372,1777903178,s21,-4.0789,good,2
19373,2026-05-12,s22,-0.5516,,0
19374,1766285070,s20,-2.9918,BAD,2
19375,2026-03-16,s12,5.1693,OK,1
19376,1735619757,s33,7.9165,,1
19377,1716706196,s5,0.1456,good,0
19378,1762230588,s3,0.8351,BAD,0
19379,2026-03-10,s36,2.4581,BAD,1
19380,2026-07-12,s23,-1.7483,OK,2
19381,1744238533,s19,4.0445,OK,0
19382,2026-09-11,s8,-4.8527,,0
19383,1733738362,s6,0.6554,BAD,0
19384,2026-09-13,s35,-1.941,OK,2
19385,2026-06-14,s24,-2.2437,,2
19386,1722011870,s7,-1.4007,,2
19387,1786184251,s40,-1.8695,BAD,2
19388,2026-09-12,s7,-0.6905,BAD,2
19389,1709686186,s37,-7.1023,,2
19390,1747144375,s2,,,2
19391,1764784058,s26,-1.191,BAD,0
19392,1722710048,s4,5.93,good,1
19393,1741117180,s1,-3.3046,,2
19394,1754165829,s12,-4.9466,,2
19395,1708757927,s21,5.7615,good,1
19396,2026-02-12,s36,3.084,,1
19397,1783239130,s20,-1.2142,,2
19398,2026-04-15,s21,-0.6821,,2
19399,2026-02-16,s31,8.0831,ok,1
19400,1740671105,s17,-1.571,,2
19401,2026-04-13,s3,3.0547,,0
19402,2026-04-19,s24,0.4423,ok,0
19403,1730504541,s19,-3.8803,good,2
19404,1716304969,s3,0.8831,good,0
19405,2026-07-19,s23,7.4239,,1
19406,2026-06-13,s33,3.5519,OK,0
19407,2026-08-15,s23,1.6296,ok,0
19408,1718485420,s26,-1.8794,good,2
19409,1763747477,s6,5.2452,BAD,1
19410,2026-04-13,s12,4.3052,OK,1
19411,2026-07-17,s7,4.0835,good,0
19412,1766070352,s19,-0.2265,OK,0
19413,2026-08-17,s32,-5.388,,2
19414,1730853623,s20,-5.3542,ok,2
19415,2026-07-12,s23,-1.2201,OK,2
19416,2026-08-12,s26,-2.2017,BAD,0
19417,1751272949,s15,-5.4545,OK,2
19418,1719072530,s27,-3.1571,BAD,2
19419,1758269378,s13,-2.9247,ok,0
19420,1718007041,s23,-0.0745,,2
19421,2026-02-11,s15,-2.1862,ok,2
19422,1728705855,s38,-4.8504,good,2
19423,2026-03-17,s28,3.6524,good,1
19424,2026-09-12,s28,4.985,good,1
19425,2026-03-19,s31,0.5552,BAD,2
19426,2026-01-12,s36,1.2501,good,0
19427,1766524755,s4,2.9049,BAD,0
19428,2026-09-10,s37,-6.6713,good,2
19429,1738798378,s15,4.4775,ok,1
19430,2026-06-16,s29,0.2974,OK,0
19431,1705539065,s29,-0.0437,BAD,0
19432,2026-04-12,s10,-1.3894,good,0
19433,1755785110,s25,-2.0057,good,0
19434,2026-04-17,s23,-4.0132,BAD,2
19435,1711288081,s30,3.4168,OK,0
19436,1777681833,s10,-2.1081,BAD,2
19437,1727622705,s1,3.9439,OK,1
19438,1789844558,s10,-1.6092,,2
19439,1739538717,s25,5.3076,BAD,1
19440,2026-02-13,s13,-0.1642,ok,2
19441,1704755063,s28,-3.2025,,2
19442,2026-05-19,s1,-2.3227,good,2
19443,2026-07-12,s37,,good,1
19444,2026-04-14,s22,3.7744,OK,1
19445,1720683424,s21,0.9363,OK,0
19446,1774547365,s31,-1.7779,BAD,0
19447,1763539699,s30,-3.4777,OK,2
19448,1726085021,s29,0.2165,good,0
19449,1718907406,s4,1.3954,OK,0
19450,1727523311,s15,4.5499,ok,1
19451,2026-01-15,s11,2.463,,1
19452,1755734645,s23,0.3135,ok,2
19453,1755850666,s37,2.6187,OK,0
19454,1700594152,s20,,,2
19455,1755838026,s27,0.9338,OK,1
19456,2026-08-18,s25,0.0743,,2
19457,1787890126,s12,1.1994,,0
19458,1723388250,s37,0.8371,good,0
19459,1763205837,s24,5.4193,OK,1
19460,2026-08-11,s12,-3.532,BAD,2
19461,2026-01-17,s7,-5.2403,ok,2
19462,2026-08-19,s20,-2.4039,,2
19463,2026-09-10,s30,0.9768,BAD,0
19464,2026-07-18,s36,4.6445,ok,1
19465,2026-07-10,s8,6.5174,,1
19466,1782403138,s13,,BAD,1
19467,1740776361,s28,2.3986,ok,1
19468,1738056597,s32,-4.5982,good,2
19469,1753370392,s37,-5.2102,,2
19470,1710099567,s40,-3.3345,good,2
19471,1783576985,s33,4.6638,ok,1
19472,2026-06-14,s29,-1.2028,,2
19473,1753709254,s32,-0.4993,ok,0
19474,1713477048,s13,1.2931,good,0
19475,2026-05-15,s40,0.2623,good,0
19476,2026-03-12,s36,-3.5633,good,2
19477,2026-02-11,s5,0.1778,,0
19478,2026-05-19,s21,-0.1622,good,0
19479,2026-06-15,s29,-2.9231,BAD,2
19480,1720811929,s23,4.5446,ok,1
19481,2026-07-13,s8,-0.6945,good,2
19482,2026-02-19,s19,-2.0426,BAD,2
19483,1782561947,s23,0.9727,good,0
19484,1771414143,s22,-1.8049,OK,2
19485,1754117764,s6,3.26,good,1
19486,1754709183,s7,-7.0327,BAD,2
19487,1717809512,s4,1.3885,BAD,0
19488,1717488986,s13,-2.0317,good,2
19489,1772216691,s38,-0.9237,ok,2
19490,1789152997,s16,2.0953,ok,0
19491,1767662098,s13,4.1261,BAD,1
19492,2026-05-10,s28,-3.6191,,2
19493,2026-05-14,s28,2.6628,ok,0
19494,2026-07-16,s7,5.3569,BAD,1
19495,1761709373,s37,-5.2472,good,2
19496,2026-05-17,s10,4.7764,OK,1
19497,2026-09-17,s6,-1.5384,,2
19498,1777523383,s15,-3.8612,ok,2
19499,1706681128,s36,-5.506,good,2
19500,1779194421,s19,-2.0652,BAD,2
19501,2026-05-14,s22,7.3014,BAD,1
19502,2026-06-17,s18,,ok,0
19503,1762589782,s7,1.3202,OK,0
19504,2026-04-17,s27,2.8049,,1
19505,1779755767,s8,5.42,OK,1
19506,2026-02-12,s37,8.8552,ok,1
19507,2026-08-15,s34,3.3207,,1
19508,1710574084,s4,-3.0241,good,2
19509,2026-09-19,s2,3.058,good,1
19510,1773679996,s10,-2.4049,good,2
19511,2026-08-14,s39,3.7545,BAD,1
19512,1772556243,s30,0.8887,,1
19513,2026-07-19,s35,-4.9895,BAD,2
19514,2026-03-16,s11,2.1191,ok,0
19515,2026-02-19,s35,2.5704,ok,2
19516,2026-08-19,s21,5.3636,BAD,1
19517,2026-04-16,s24,-3.0557,OK,0
19518,2026-01-19,s26,-2.5228,,2
19519,2026-08-16,s31,2.7169,ok,1
19520,1756216473,s38,0.6593,ok,0
19521,1773197209,s23,-4.5251,ok,2
19522,1719896763,s28,3.7391,OK,1
19523,1733607751,s28,4.8854,good,1
19524,1724027270,s35,-0.6902,,0
19525,1760446557,s20,-4.9346,good,2
19526,2026-06-12,s31,5.7636,,1
19527,2026-05-16,s33,-3.4818,ok,2
19528,2026-09-13,s36,,OK,1
19529,1713466331,s29,0.8739,OK,0
19530,1760379242,s40,-1.3221,BAD,0
19531,1748384705,s36,4.0587,OK,0
19532,2026-08-12,s30,2.5641,ok,1
19533,1764713244,s12,5.5703,OK,1
19534,2026-03-16,s11,0.7504,ok,1
19535,1718975905,s5,6.016,,1
19536,2026-01-13,s26,4.7779,OK,1
19537,2026-02-18,s5,2.842,OK,0
19538,2026-06-19,s21,4.3753,,1
19539,2026-07-18,s4,-2.5797,good,2
19540,1774003252,s40,5.0853,ok,0
19541,1729957644,s37,7.2077,ok,1
19542,1723727548,s9,-2.9567,,2
19543,1772037755,s9,-1.8672,,2
19544,2026-07-15,s16,-3.3719,ok,2
19545,2026-02-10,s4,1.2662,good,0
19546,2026-05-16,s28,8.0688,,1
19547,2026-02-15,s21,-0.3447,OK,2
19548,1717426389,s14,3.5843,,1
19549,2026-04-18,s19,2.6234,BAD,1
19550,2026-02-18,s4,2.4631,OK,0
19551,1714149471,s21,0.8454,good,0
19552,1743112394,s35,-1.4965,ok,2
19553,2026-04-13,s3,0.8581,OK,0
19554,2026-05-11,s39,4.7339,OK,1
19555,2026-01-13,s38,-5.7409,good,2
19556,1721606166,s37,-0.1173,,2
19557,2026-03-19,s37,-0.0022,,0
19558,1716799399,s4,-4.7737,BAD,2
19559,1789151751,s22,2.8962,ok,1
19560,1728906551,s8,2.5199,ok,0
19561,2026-04-12,s23,2.1082,OK,0
19562,2026-02-12,s12,-2.8018,OK,2
19563,2026-01-19,s38,2.4186,ok,0
19564,1712096219,s18,1.5917,BAD,0
19565,2026-07-18,s11,4.1253,good,0
19566,2026-04-11,s26,3.1353,ok,1
19567,1705163216,s27,2.3925,good,0
19568,1726097061,s3,5.7881,good,1
19569,1782281227,s32,3.7048,ok,1
19570,1711746155,s30,,OK,2
19571,1740855082,s20,-2.6158,BAD,2
19572,2026-03-15,s8,-3.3793,ok,2
19573,2026-04-17,s40,-5.633,ok,2
19574,2026-03-12,s1,1.1991,good,0
19575,1763285857,s27,-3.6178,OK,0
19576,1788720938,s11,6.3984,ok,1
19577,2026-04-12,s23,-0.7747,,2
19578,1750905938,s4,-0.5791,,2
19579,2026-09-15,s6,-3.1984,BAD,2
19580,1707382392,s17,-0.3048,ok,0
19581,1777736208,s2,6.0914,BAD,1
19582,1770028561,s12,3.287,,0
19583,1717597494,s19,0.0508,ok,0
19584,1768104328,s11,-4.9901,good,2
19585,2026-02-17,s2,-2.1246,BAD,2
19586,1774237358,s8,2.6298,OK,0
19587,1723556945,s1,2.0718,,0
19588,1753200609,s4,-0.4073,good,2
19589,1769185831,s30,7.7819,ok,1
19590,2026-02-10,s30,6.7729,good,1
19591,2026-09-13,s9,-2.7521,OK,2
19592,2026-06-16,s10,-0.6356,ok,0
19593,1705052217,s31,2.3676,OK,0
19594,1706993634,s10,-1.4316,BAD,2
19595,1709666929,s12,1.8657,good,0
19596,2026-02-17,s26,-1.903,ok,0
19597,1732659111,s22,-3.2428,ok,2
19598,1716598922,s31,1.4768,OK,0
19599,1719238501,s8,-1.2393,BAD,0
19600,2026-01-19,s33,6.6062,BAD,1
19601,1728425265,s5,-6.556,OK,2
19602,2026-09-16,s6,4.76,OK,1
19603,1710419073,s26,3.1726,,0
19604,1764584946,s38,-1.6518,,2
19605,1781833907,s24,1.5907,OK,1
19606,2026-05-15,s20,-1.8653,good,2
19607,2026-08-12,s18,-1.2836,BAD,2
19608,1721014115,s37,3.9783,good,1
19609,2026-05-11,s5,6.235,BAD,1
19610,1788246142,s37,5.1482,BAD,1
19611,1718624000,s24,2.5389,,1
19612,1743503274,s7,-2.4957,ok,2
19613,1741844203,s33,3.5376,OK,1
19614,2026-04-19,s6,2.8457,,1
19615,1713665899,s11,-3.377,BAD,0
19616,1716010233,s14,1.2744,ok,1
19617,1763205375,s26,-7.1796,good,2
19618,1741675277,s30,3.0156,,0
19619,2026-04-11,s20,6.4811,good,1
19620,1788272132,s38,-3.3273,OK,2
19621,2026-09-14,s6,4.3771,,0
19622,2026-04-16,s1,0.0856,OK,2
19623,2026-04-10,s32,4.9862,good,1
19624,1773185833,s19,0.0362,,2
19625,2026-04-16,s40,1.1623,BAD,0
19626,1784331178,s26,-3.3498,OK,2
19627,1789848127,s15,1.4219,OK,0
19628,2026-08-12,s22,6.1205,BAD,1
19629,1701965373,s31,-1.2734,ok,2
19630,1758970153,s31,4.6887,BAD,1
19631,2026-01-19,s36,5.1079,,1
19632,2026-02-16,s12,2.0815,BAD,0
19633,2026-07-19,s15,-0.6595,ok,2
19634,1755378164,s20,5.4903,BAD,1
19635,1723407466,s19,4.8788,OK,1
19636,1765753528,s1,-4.3627,BAD,2
19637,2026-01-12,s18,4.6932,OK,1
19638,2026-09-16,s27,-4.521,OK,2
19639,1784139774,s8,,ok,2
19640,1749998274,s22,-1.8386,BAD,2
19641,2026-09-15,s40,2.3695,ok,0
19642,2026-03-10,s36,-1.2505,,2
19643,1756825483,s8,-3.4771,BAD,2
19644,1720356379,s25,2.125,good,0
19645,1761936934,s7,-4.4992,,2
19646,2026-03-19,s13,1.3696,,2
19647,2026-05-18,s2,5.232,,1
19648,1708320118,s1,3.17,good,1
19649,1771911167,s4,0.9827,OK,0
19650,2026-01-16,s40,0.652,,0
19651,2026-08-13,s37,-2.2353,good,2
19652,1789941024,s28,-8.4603,BAD,2
19653,1774386150,s1,-3.8034,good,2
19654,2026-09-14,s14,-0.1775,OK,0
19655,2026-04-16,s38,1.2003,OK,0
19656,1778663597,s38,-1.4842,,2
19657,1783058150,s2,-2.6377,ok,2
19658,2026-01-10,s28,-4.3467,good,2
19659,2026-09-17,s35,-7.3388,BAD,2
19660,1749404996,s29,-2.1121,good,2
19661,2026-08-17,s35,-0.9794,good,2
19662,2026-04-18,s28,1.8866,ok,1
19663,2026-02-14,s19,5.6823,,1
19664,1729587210,s24,1.3584,BAD,1
19665,2026-08-19,s4,-3.2972,,2
19666,2026-07-13,s5,-5.2142,good,2
19667,2026-04-14,s12,2.2806,good,0
19668,1754796675,s29,-0.3358,,0
19669,1740851057,s5,1.0138,OK,0
19670,2026-06-16,s14,-3.4689,good,2
19671,2026-01-17,s2,3.1813,BAD,1
19672,1702630483,s30,1.7534,,0
19673,1778371784,s21,1.301,,0
19674,1732318197,s1,4.3401,ok,1
19675,2026-06-15,s24,5.0027,,1
19676,1745662246,s8,2.7959,BAD,0
19677,1766612259,s23,3.1346,,1
19678,1780809378,s31,4.6614,ok,1
19679,1748777212,s37,4.2863,,0
19680,2026-03-17,s8,-0.8334,OK,2
19681,2026-04-17,s10,2.9754,BAD,1
19682,2026-09-11,s16,3.76,OK,0
19683,2026-06-10,s10,3.1061,ok,1
19684,1747252105,s4,-0.8754,good,0
19685,2026-07-11,s5,0.6111,,0
19686,2026-05-15,s16,7.9442,OK,1
19687,2026-01-12,s2,1.1174,,0
19688,1777656627,s7,2.4945,BAD,1
19689,2026-06-18,s4,4.7989,ok,1
19690,2026-09-19,s11,-0.5976,BAD,0
19691,1770868424,s30,3.7908,,0
19692,2026-02-11,s10,-0.4388,OK,0
19693,2026-01-17,s30,-3.0341,ok,2
19694,2026-08-14,s26,-0.3705,BAD,2
19695,1707368063,s13,3.7291,good,1
19696,2026-09-10,s16,2.5061,,0
19697,2026-08-13,s37,-1.5473,ok,2
19698,2026-04-18,s19,2.4337,OK,1
19699,1770624620,s5,1.7507,,0
19700,1748271772,s29,-0.6472,BAD,2
19701,2026-03-17,s7,-1.6551,,0
19702,2026-03-17,s6,-0.4912,BAD,2
19703,1761676959,s21,0.3545,ok,0
19704,2026-03-10,s5,4.0788,ok,1
19705,1708396329,s26,-3.5193,ok,2
19706,2026-09-19,s4,-4.5306,good,2
19707,2026-08-10,s26,1.8658,BAD,0
19708,1706815730,s1,-4.6024,,2
19709,1760276011,s2,-2.3625,,2
19710,2026-04-15,s38,5.4173,ok,1
19711,1746833954,s35,6.6007,,1
19712,1770532969,s24,-0.9192,ok,2
19713,2026-05-16,s29,6.384,good,1
19714,1787914373,s20,4.079,,1
19715,1734573783,s5,8.7556,,1
19716,2026-01-12,s37,6.2291,good,1
19717,1706989815,s19,-2.7047,ok,2
19718,1741701007,s24,,,2
19719,1722196108,s29,-1.7634,good,2
19720,2026-09-18,s15,5.1136,OK,1
19721,1749907972,s37,2.7011,ok,0
19722,1774126802,s20,,OK,1
19723,2026-02-17,s30,-4.9684,ok,2
19724,1762470058,s11,3.8983,,0
19725,2026-05-12,s23,1.7759,BAD,0
19726,1729350662,s1,-3.2752,ok,2
19727,2026-09-19,s1,6.7735,ok,1
19728,2026-03-11,s34,-5.8457,,2
19729,1762780388,s6,5.8839,OK,1
19730,2026-04-18,s13,4.498,,1
19731,1787037205,s9,-3.5374,ok,2
19732,1713764371,s3,-1.0383,,2
19733,1764646040,s40,5.4893,BAD,1
19734,2026-09-16,s27,-4.9658,OK,2
19735,1735182022,s13,-1.1743,BAD,2
19736,2026-03-12,s33,2.3583,OK,0
19737,2026-03-13,s4,-1.6816,,2
19738,2026-01-11,s1,5.6476,OK,1
19739,1712038362,s10,4.855,OK,1
19740,1727231362,s11,1.0512,ok,0
19741,1783493583,s6,1.6108,ok,0
19742,1702323343,s38,-3.0003,good,2
19743,1746032730,s27,5.58,good,1
19744,2026-08-19,s39,-0.9511,ok,0
19745,2026-07-16,s26,-2.4542,ok,2
19746,2026-09-12,s32,-0.3052,good,0
19747,1708875822,s24,-0.7663,BAD,0
19748,1777531600,s5,-6.7882,OK,2
19749,2026-05-15,s24,-1.6683,OK,2
19750,1701923582,s40,5.812,BAD,1
19751,1773119714,s24,-1.246,good,2
19752,2026-03-15,s34,1.56,,0
19753,2026-01-14,s31,-3.297,BAD,2
19754,1778090140,s26,-1.9707,ok,0
19755,1705281038,s21,0.2073,BAD,0
19756,2026-06-10,s4,1.2874,BAD,0
19757,2026-07-17,s21,-4.0391,BAD,2
19758,1705850322,s28,-4.5368,good,2
19759,2026-08-11,s6,5.6742,OK,1
19760,1788555414,s2,7.0404,good,1
19761,1718477365,s34,2.4317,BAD,0
19762,1765211498,s8,0.0221,BAD,0
19763,1746063971,s21,4.3393,,1
19764,1715082222,s8,3.7907,ok,1
19765,2026-04-12,s16,-0.254,ok,0
19766,1758461721,s2,-1.096,,2
19767,2026-04-17,s23,4.1531,BAD,0
19768,2026-01-11,s9,4.5837,BAD,1
19769,1718392637,s10,6.8689,ok,1
19770,2026-03-16,s12,-3.4237,BAD,2
19771,1712327205,s11,4.5485,,0
19772,1716452611,s3,3.3388,good,0
19773,1749154012,s23,2.4163,BAD,0
19774,1749779750,s29,2.2968,good,0
19775,2026-05-11,s34,-3.229,good,2
19776,1777725619,s1,7.0213,OK,1
19777,1729319033,s35,-1.8479,good,0
19778,1705146364,s10,0.8597,,1
19779,1789132680,s27,0.2055,ok,0
19780,1759010194,s29,-2.6132,ok,2
19781,1770600748,s15,-3.5465,BAD,2
19782,2026-09-12,s12,1.9115,ok,0
19783,2026-09-12,s33,3.2,good,1
19784,1737682534,s12,-4.7722,BAD,2
19785,2026-04-16,s24,0.7435,OK,0
19786,1741023676,s36,-3.4347,OK,2
19787,2026-02-13,s26,-1.4354,,2
19788,2026-07-16,s15,2.4104,OK,0
19789,1700027713,s34,1.2964,good,0
19790,2026-07-14,s8,2.4154,ok,0
19791,1728611918,s25,7.2388,good,1
19792,1733462527,s21,-6.2386,,2
19793,2026-06-14,s36,1.6709,,0
19794,1773766775,s4,2.5179,,1
19795,2026-03-18,s22,4.999,OK,1
19796,2026-09-15,s28,3.8103,BAD,1
19797,1720852677,s29,-1.607,BAD,0
19798,1759934514,s18,3.7448,OK,1
19799,2026-09-13,s22,4.782,BAD,1
19800,1734711881,s15,0.7166,OK,0
19801,1725857114,s15,-5.5597,,2
19802,2026-03-14,s26,3.3549,BAD,0
19803,1767643883,s16,-0.7249,good,2
19804,1759888078,s8,0.6357,good,0
19805,2026-08-11,s35,-2.9862,OK,2
19806,1717391738,s15,-0.0223,ok,0
19807,2026-02-14,s5,5.164,OK,1
19808,2026-09-18,s16,2.9877,good,1
19809,2026-05-19,s11,-1.1653,ok,0
19810,1777187976,s5,3.2288,BAD,0
19811,2026-04-17,s38,-2.4143,,2
19812,2026-06-19,s1,2.2179,BAD,0
19813,2026-09-16,s34,0.5112,,0
19814,2026-02-18,s11,-2.3124,OK,2
19815,1708717723,s35,-1.9508,ok,2
19816,2026-01-14,s5,-1.4133,good,0
19817,2026-08-14,s2,2.5589,good,0
19818,1706553484,s9,3.5748,OK,1
19819,2026-03-14,s23,,good,0
19820,2026-01-11,s18,3.5066,BAD,0
19821,2026-07-18,s35,6.0609,,1
19822,1731370554,s30,1.7083,BAD,1
19823,1726226970,s7,-0.2449,OK,0
19824,2026-07-16,s27,1.705,OK,0
19825,2026-09-10,s29,3.414,BAD,0
19826,2026-09-11,s6,-4.922,BAD,2
19827,2026-06-17,s32,-0.1458,,0
19828,1740989568,s31,4.6066,OK,1
19829,2026-05-17,s12,1.075,,0
19830,1724235481,s3,3.0675,BAD,1
19831,1709372534,s35,-5.9655,OK,2
19832,1741665753,s1,1.863,BAD,1
19833,1715886592,s13,3.564,,1
19834,2026-03-15,s25,0.7558,,0
19835,1745873975,s10,3.6703,,1
19836,2026-02-10,s10,-1.2567,,2
19837,2026-08-16,s23,3.9764,OK,1
19838,1740584422,s40,3.581,ok,1
19839,2026-01-18,s7,4.2052,OK,0
19840,1716551777,s12,1.7734,BAD,0
19841,1742032774,s13,-3.5792,ok,2
19842,2026-06-16,s22,-6.038,,2
19843,2026-01-19,s19,3.3276,ok,0
19844,2026-04-11,s24,6.6473,BAD,1
19845,1727536782,s11,-5.4781,OK,2
19846,2026-02-18,s30,1.482,BAD,0
19847,2026-04-10,s28,,,2
19848,2026-03-19,s18,3.8906,,0
19849,1758429553,s16,-0.5579,good,2
19850,2026-07-19,s1,-2.2459,good,2
19851,1749571710,s35,5.7417,OK,1
19852,2026-03-19,s14,,,1
19853,1750614849,s6,1.7653,good,1
19854,1710608980,s6,2.6624,OK,0
19855,2026-09-15,s11,-6.6565,good,2
19856,1786548984,s8,-5.9213,good,2
19857,2026-07-13,s3,1.3272,OK,0
19858,1779193656,s25,-4.4953,good,2
19859,2026-08-18,s8,-1.4573,,0
19860,1704160337,s24,0.7239,OK,0
19861,2026-07-14,s31,2.8458,ok,1
19862,1761077991,s16,,BAD,2
19863,2026-07-10,s12,7.0315,good,1
19864,2026-07-14,s11,-0.9365,BAD,0
19865,2026-07-11,s17,4.4435,OK,1
19866,1726582255,s25,0.053,BAD,2
19867,1719532987,s18,4.1836,,1
19868,1779566290,s40,-4.6584,good,2
19869,1762925688,s21,-2.9947,,2
19870,2026-02-17,s6,-3.7571,ok,2
19871,1752564859,s23,4.8221,good,1
19872,2026-08-10,s15,2.897,ok,1
19873,1745267231,s14,3.2425,OK,0
19874,2026-03-18,s27,2.5152,OK,0
19875,2026-05-14,s36,0.9995,good,0
19876,1715633196,s32,3.3023,BAD,1
19877,1767578342,s39,3.7029,good,1
19878,1778209704,s6,-4.0382,ok,2
19879,1723664521,s17,2.1459,OK,1
19880,1733368466,s2,-0.9988,ok,2
19881,1734163696,s17,-0.6928,ok,0
19882,1711292147,s21,3.6709,BAD,1
19883,2026-03-17,s17,2.6822,OK,0
19884,2026-01-15,s15,3.9206,OK,1
19885,2026-04-16,s25,-0.8588,good,0
19886,2026-06-17,s31,1.9324,BAD,0
19887,1708040173,s12,3.9859,good,0
19888,2026-01-15,s3,6.432,,1
19889,2026-07-19,s11,4.1672,BAD,1
19890,1769190727,s24,-0.6388,ok,0
19891,1724660597,s37,2.3847,good,0
19892,2026-08-18,s19,2.7565,ok,1
19893,2026-09-12,s7,7.2772,good,1
19894,1764068071,s13,-4.9344,ok,2
19895,2026-07-18,s13,-1.4306,BAD,2
19896,2026-01-18,s1,0.625,OK,2
19897,1757704451,s24,0.1917,BAD,2
19898,1780031660,s30,,,0
19899,2026-03-13,s29,2.6978,,1
19900,2026-01-12,s2,-4.5572,OK,2
19901,1733430334,s4,-1.7087,ok,0
19902,1752486612,s24,-1.0732,ok,2
19903,2026-08-10,s8,2.4538,,1
19904,1769076550,s10,0.1218,BAD,2
19905,2026-01-10,s3,-4.7529,BAD,2
19906,2026-03-19,s6,3.7465,,1
19907,2026-01-17,s17,-1.4434,,0
19908,2026-07-13,s24,6.0194,OK,1
19909,1742506963,s26,-4.0459,ok,2
19910,1770009566,s26,2.8014,BAD,1
19911,1720899286,s22,,BAD,0
19912,1717089322,s10,1.9326,,1
19913,2026-01-13,s28,2.4237,OK,0
19914,2026-05-15,s20,5.338,ok,1
19915,2026-07-11,s7,6.8465,ok,1
19916,2026-06-15,s16,-5.0245,good,2
19917,1743692088,s14,2.9187,ok,1
19918,1767420985,s1,9.6696,BAD,1
19919,2026-08-17,s34,-1.1575,,0
19920,2026-05-19,s12,3.7957,,1
19921,1775188468,s22,-3.0947,,2
19922,2026-09-17,s8,-1.9811,,2
19923,1789013313,s29,1.884,OK,0
19924,2026-01-17,s29,2.3773,,0
19925,1747833606,s23,-0.9004,BAD,2
19926,2026-05-16,s34,3.0506,BAD,1
19927,1788345244,s27,4.6178,BAD,1
19928,1741856145,s2,,,0
19929,2026-02-11,s4,1.513,,0
19930,2026-06-12,s1,-4.7585,,2
19931,1706802411,s27,-5.1051,ok,2
19932,2026-01-11,s7,1.1777,good,0
19933,2026-09-12,s27,2.1885,,1
19934,2026-04-16,s23,-4.3735,ok,2
19935,2026-09-18,s4,1.8023,BAD,0
19936,1710045493,s39,4.203,good,1
19937,1708755346,s32,-1.0063,,1
19938,1742452792,s14,0.3777,,0
19939,2026-03-14,s28,8.3475,BAD,1
19940,2026-07-13,s4,0.9254,OK,0
19941,1752623493,s27,5.6209,,1
19942,2026-05-15,s13,-1.8616,BAD,2
19943,1724039699,s16,,BAD,2
19944,2026-04-11,s1,3.5112,BAD,1
19945,1726548785,s9,5.376,good,1
19946,1744684225,s23,-3.0737,,2
19947,2026-04-10,s13,5.6047,good,1
19948,2026-01-16,s37,-1.9555,,2
19949,1732481057,s16,4.7649,OK,0
19950,1707470587,s32,-1.5807,BAD,2
19951,1772786467,s26,1.6628,OK,0
19952,1762146004,s31,-4.8206,OK,2
19953,2026-07-14,s31,5.9171,OK,1
19954,2026-09-18,s40,3.9786,BAD,1
19955,2026-02-18,s16,1.9256,good,1
19956,1750267142,s5,-4.7904,BAD,2
19957,2026-04-13,s28,2.232,,0
19958,2026-08-14,s17,-2.0878,BAD,2
19959,1779717258,s9,-4.34,BAD,2
19960,1710971599,s32,,,0
19961,2026-02-14,s4,-5.5964,,2
19962,2026-06-10,s6,-1.0136,BAD,0
19963,2026-07-11,s26,5.3986,good,1
19964,2026-09-16,s33,5.1059,OK,1
19965,2026-02-16,s10,3.4457,ok,1
19966,1765025498,s11,2.6645,BAD,0
19967,1734424228,s13,-1.6198,good,0
19968,2026-08-11,s6,3.0579,OK,0
19969,1768684309,s7,3.4666,BAD,0
19970,1729546947,s32,-0.935,good,1
19971,1782919467,s27,4.1493,good,1
19972,2026-04-14,s34,4.0658,BAD,1
19973,1783334370,s15,-0.6837,BAD,2
19974,2026-02-19,s29,1.5214,BAD,0
19975,1720993447,s39,3.7508,BAD,1
19976,1778812331,s17,,BAD,1
19977,2026-09-15,s40,2.882,OK,1
19978,2026-06-10,s16,-4.6083,BAD,2
19979,2026-09-10,s22,-1.8511,OK,2
19980,1728868773,s14,-3.9102,ok,2
19981,1730631981,s33,-3.9286,ok,2
19982,1739305684,s18,-2.1255,ok,0
19983,2026-07-12,s7,3.7872,OK,1
19984,2026-08-18,s39,6.0436,,1
19985,2026-07-14,s39,1.9694,BAD,0
19986,1749975471,s29,-2.0848,,2
19987,2026-03-10,s19,3.1657,OK,1
19988,1763727074,s20,-8.2447,OK,2
19989,1719647290,s24,-1.2146,good,0
19990,1735961265,s26,-0.8394,ok,2
19991,2026-09-17,s6,-3.4071,OK,2
19992,2026-02-10,s13,7.5709,OK,1
19993,1725021019,s8,3.7845,BAD,1
19994,2026-03-14,s28,1.7833,BAD,0
19995,1749064128,s35,-0.8859,ok,0
19996,1744727109,s33,-1.507,ok,2
19997,2026-04-17,s23,-3.8788,ok,2
19998,1712221022,s27,0.9312,OK,0
19999,1701059182,s28,-0.8939,OK,2
2147,1762000270,s27,1.6984,BAD,1
14238,2026-07-10,s12,-5.8936,BAD,2
5374,1772364745,s9,3.3838,,0
7587,1772361988,s16,4.0872,good,1
16663,1727897247,s33,3.0337,OK,1
11753,1739368078,s2,0.8861,good,0
10357,1763819034,s3,-3.5525,good,2
3314,1710721894,s17,-4.5635,,2
12048,2026-07-19,s17,4.9118,good,1
1302,2026-08-12,s28,6.0118,OK,1
15414,1770450520,s19,5.0171,,0
2350,2026-01-11,s23,1.3489,good,0
5179,2026-05-10,s10,-0.0949,ok,0
18935,1731657980,s28,1.2569,OK,1
8121,1727256433,s38,0.4771,ok,0
9294,2026-01-10,s31,-6.3376,,2
4075,1754408126,s13,4.6738,good,1
14844,1708349592,s12,3.9685,BAD,1
8099,2026-08-11,s1,3.0633,ok,1
3131,2026-08-13,s23,1.1371,OK,1
11197,2026-08-14,s3,5.6016,,1
9334,1736842238,s2,3.2213,OK,0
232,1744733735,s38,0.8971,ok,0
18340,2026-05-19,s24,-1.7094,BAD,2
3574,1788478441,s21,-4.6897,good,2
18674,1749293957,s16,-3.8419,good,2
13695,2026-04-16,s17,1.5173,OK,1
5809,1743871196,s33,1.6569,good,0
2155,2026-05-11,s38,5.6871,ok,1
14464,1714409539,s18,-2.3115,good,2
2403,2026-07-14,s19,2.5232,BAD,1
5935,2026-03-13,s3,-4.9643,good,2
10307,2026-04-12,s23,0.6461,,0
8988,1713424566,s23,7.3017,good,1
10482,2026-06-16,s26,1.4727,ok,0
5593,2026-04-10,s35,-3.8448,OK,2
10009,2026-05-12,s7,1.6,,0
9181,2026-06-10,s18,0.5765,OK,0
12599,2026-04-19,s9,-4.8084,good,2
2684,2026-03-13,s26,0.8047,good,0
3366,1722957103,s19,3.885,ok,1
16741,1706669083,s28,0.9802,ok,1
3176,2026-06-13,s16,0.3242,BAD,0
17189,1740793371,s9,-1.4705,OK,2
3700,2026-05-19,s22,0.0201,,0
4808,1735687044,s13,1.8864,ok,1
16393,1781959712,s26,-2.7556,OK,2
11760,2026-08-15,s27,,ok,1
17572,1782041102,s37,4.953,BAD,1
354,2026-08-10,s7,5.3965,OK,1
3929,1783175498,s38,1.4333,good,0
17678,2026-07-11,s5,-6.8838,ok,2
1457,2026-05-13,s11,4.2526,,1
9395,1753157881,s20,-0.1461,,0
18386,1750789834,s13,-3.041,good,2
3673,2026-08-18,s20,7.828,,1
14846,1745208774,s38,6.0046,ok,1
2760,2026-02-13,s25,-4.015,good,2
17314,2026-09-17,s10,4.0309,BAD,1
10577,1759097321,s36,-0.7879,,2
5802,2026-03-11,s17,4.6783,OK,1
19780,1759010194,s29,-2.6132,ok,2
9968,2026-06-13,s33,1.0666,OK,0
8421,2026-06-19,s8,2.0509,ok,0
12330,1779558784,s13,-6.842,,2
17371,1776413577,s8,2.1231,OK,1
19169,2026-08-19,s33,0.6234,good,0
4444,2026-02-15,s4,3.5707,BAD,1
555,1754640285,s29,7.9267,ok,1
1898,2026-03-12,s18,-1.1772,OK,2
7083,2026-09-12,s38,-1.2977,,2
740,1773317274,s28,3.6871,OK,1
10320,2026-07-15,s21,-2.5196,ok,0
14704,2026-05-13,s28,0.664,good,0
5400,2026-05-11,s12,-3.5324,good,2
11154,2026-02-12,s21,2.7973,BAD,1
11076,1769685561,s3,-3.9754,OK,2
3226,2026-04-18,s23,-1.729,,0
16913,2026-03-14,s12,4.0162,OK,1
8350,1721912706,s26,6.3293,ok,1
15281,2026-09-17,s12,-5.8638,ok,2
347,1728993258,s18,,BAD,0
4297,1711527053,s1,-0.4186,ok,0
13484,1775115356,s15,6.4503,OK,1
15433,1750990174,s19,2.9195,OK,0
6928,2026-04-15,s11,2.2639,good,0
13859,1780039385,s28,-4.6779,BAD,2
6594,1737894533,s25,,good,0
6453,2026-05-14,s1,1.1372,BAD,0
19034,2026-03-19,s11,-0.395,,0
9983,2026-08-16,s39,0.1322,,0
11849,1786822310,s25,-0.2807,ok,0
7695,1788667370,s14,1.5367,BAD,1
14391,1717547956,s16,-0.1475,ok,2
1986,1753979221,s21,-1.481,,2
12453,1742834770,s31,3.1596,good,1
11283,1766814543,s27,-0.9229,,0
16820,1713516749,s8,-1.6903,ok,2
1578,2026-01-15,s26,-7.1006,,2
18318,2026-07-19,s20,-1.5836,OK,2
5822,1774112963,s36,-2.5753,good,2
5774,1784846361,s20,-4.7852,OK,2
11410,1716431135,s16,-0.8863,,0
8307,2026-03-14,s17,3.7676,,1
5779,2026-06-17,s31,-0.5134,OK,2
13691,2026-06-13,s26,0.7383,OK,0
10235,2026-09-15,s5,-5.0292,BAD,2
14333,2026-08-14,s15,2.5688,BAD,0
19673,1778371784,s21,1.301,,0
16552,1704867012,s31,2.0889,good,0
776,1744642437,s20,-2.1809,BAD,2
103,1764356209,s32,-0.2843,good,0
966,1719531540,s5,-0.9916,,2
2312,2026-09-10,s15,-3.6973,,2
6392,1759810657,s13,4.0773,,0
577,1718128612,s39,5.0781,good,1
16298,1740158232,s14,0.6442,,0
10387,1755094974,s16,-1.8229,BAD,2
15076,2026-03-18,s40,-0.1183,good,0
13170,2026-07-10,s23,-4.1859,,2
15455,2026-01-11,s40,-4.8554,,2
4678,2026-02-15,s11,2.4728,OK,0
14546,2026-07-18,s21,-6.5622,ok,2
2155,2026-05-11,s38,5.6871,ok,1
715,2026-09-14,s40,0.4448,BAD,1
16432,1709341942,s40,-1.2118,BAD,0
10093,1741752568,s28,-0.7741,BAD,2
17083,1770990062,s6,4.9691,ok,1
13764,2026-06-15,s20,-3.6111,,2
3209,2026-03-13,s29,4.8483,BAD,1
15384,1746718627,s31,-3.1433,good,0
13296,2026-09-17,s20,-2.6049,good,2
13474,1702204926,s31,-9.08,,2
11435,1731498826,s2,3.4474,ok,1
12003,1787874597,s38,,OK,0
1475,1745024481,s35,3.2244,good,1
49,2026-09-15,s27,0.3805,,0
13503,2026-04-15,s7,2.923,good,0
19813,2026-09-16,s34,0.5112,,0
9668,2026-07-11,s15,4.8187,ok,1
5866,1781612534,s33,4.1727,OK,1
11693,2026-03-14,s36,,OK,0
19584,1768104328,s11,-4.9901,good,2
2491,2026-06-18,s39,6.3657,,1
14427,1755791875,s29,7.1035,OK,1
2249,1758021346,s35,3.6591,OK,1
17832,2026-02-15,s24,1.1342,OK,0
18353,2026-06-13,s14,-2.7858,BAD,2
15271,2026-06-15,s5,,,1
19190,2026-01-17,s10,6.638,OK,1
13974,1783500753,s26,7.2299,ok,1
14430,2026-09-13,s7,1.7017,good,0
3116,1742757476,s19,3.9837,BAD,1
17463,2026-03-11,s38,,BAD,1
6758,2026-07-12,s4,4.2063,OK,1
17632,1705731513,s22,2.2539,good,0
6771,1753033769,s30,-1.2818,ok,2
15071,1760046013,s30,0.2243,OK,0
13375,1746949911,s18,0.7864,ok,0
5174,1753656979,s24,3.7147,good,1
5697,2026-09-17,s1,-4.0155,ok,2
3693,1738567462,s20,-0.7086,good,2
2559,1705308354,s6,-0.9745,good,2
18540,2026-09-18,s39,-1.9071,BAD,2
2358,2026-01-19,s25,0.0863,OK,0
8566,2026-05-12,s11,-0.8742,good,0
5209,1769314484,s13,,OK,0
17198,2026-01-13,s28,4.1158,good,0
18655,2026-07-19,s8,-1.5092,good,2
14517,1742659221,s20,-1.8838,BAD,2
17379,2026-06-10,s36,,BAD,2
18678,1781119677,s25,1.0438,good,2
11095,2026-09-19,s15,5.3877,good,1
410,1718781305,s16,-2.7316,ok,2
2068,2026-04-12,s22,-0.2615,good,2
6044,1722014158,s18,1.8197,good,0
11709,1768831878,s4,-4.2721,BAD,2
967,1748748668,s28,4.766,ok,1
18236,1724431687,s34,-1.0123,good,0
7977,2026-03-11,s20,1.3495,,0
16901,2026-04-10,s11,-1.3764,OK,2
11488,2026-04-18,s17,8.9349,BAD,1
9786,2026-04-10,s11,-2.4489,ok,2
7262,2026-05-11,s24,-0.9832,OK,2
4554,1754389277,s33,2.3237,,1
3726,2026-03-15,s11,2.2983,ok,1
555,1754640285,s29,7.9267,ok,1
19032,1772776040,s14,4.8426,good,1
10137,2026-05-10,s29,4.4554,BAD,1
9495,2026-09-12,s8,-1.6192,ok,2
12562,1701871767,s27,-2.1501,BAD,0
11345,2026-01-14,s2,2.7258,BAD,1
8583,1703489724,s40,5.1433,good,1
14643,2026-01-17,s34,-3.0239,ok,2
1708,1760091642,s15,2.6836,OK,0
9382,1712616607,s16,2.0872,good,0
8372,1723638141,s30,1.4597,BAD,1
9574,2026-09-11,s22,0.9441,good,0
19069,2026-08-11,s24,1.7706,,1
16960,1749907561,s30,-1.3204,,0
2006,1723558986,s29,-6.7505,ok,2
2935,2026-03-15,s18,1.8602,,0
555,1754640285,s29,7.9267,ok,1
12922,1724137920,s11,-1.6927,BAD,2
7437,1726206285,s24,-3.8541,ok,0
15372,1723536786,s35,9.0016,OK,1
10180,2026-06-15,s4,1.9269,ok,0
2118,1765170824,s22,4.4489,BAD,1
8693,2026-07-19,s12,-4.2073,ok,2
13455,1752355632,s24,-3.8091,OK,2
10727,1702754009,s3,-4.0839,,2
18154,1748170615,s22,0.9745,good,0
15978,1764311448,s24,3.6904,ok,0
16396,2026-08-16,s33,3.5362,good,1
4449,2026-03-19,s9,-1.705,ok,2
16358,2026-09-10,s15,-1.6432,ok,2
16414,1787111529,s7,0.4289,good,0
9002,2026-07-19,s20,-4.5776,good,0
6223,2026-07-15,s21,3.7865,good,1
5551,2026-06-11,s15,4.0408,BAD,1
1945,1709033442,s21,6.5247,OK,1
17055,2026-08-13,s30,-4.0779,BAD,2
5219,1701595005,s29,5.6414,OK,1
4015,1708884660,s19,3.5581,good,1
5127,2026-04-18,s32,-3.3648,ok,2
14884,2026-08-18,s25,2.0613,,0
19771,1712327205,s11,4.5485,,0
6389,2026-01-10,s14,1.6482,BAD,0
14961,1776842880,s22,6.0157,OK,1
8449,2026-01-15,s12,5.056,,1
3521,1748444720,s29,4.8788,,1
14958,2026-03-17,s12,5.203,BAD,1
9893,2026-06-10,s8,2.8189,OK,0
7452,1700615584,s7,-5.7149,ok,2
10856,2026-05-15,s12,3.1424,,0
4522,2026-03-18,s31,-2.7778,BAD,2
19332,1766211974,s2,-4.0458,OK,2
9325,1707093131,s17,-5.2583,BAD,2
5153,2026-09-10,s17,3.2352,,1
5810,1703747225,s9,-6.4431,,2
4894,2026-04-19,s24,6.4289,OK,1
19398,2026-04-15,s21,-0.6821,,2
2426,1745275509,s4,-5.1194,BAD,2
12725,2026-05-17,s34,-3.6707,BAD,2
3865,1708333126,s6,3.0131,,1
19198,2026-06-18,s5,-2.749,,2
4840,1782599894,s12,-0.0529,OK,2
2974,1744061131,s17,4.173,OK,1
17184,1723064844,s33,-3.3989,ok,2
18973,2026-02-15,s8,0.9845,BAD,0
172,2026-07-18,s7,2.129,OK,0
1587,1780073229,s22,4.1282,ok,1
14095,2026-05-12,s13,5.7454,good,1
581,1784232212,s7,-0.6364,ok,0
4608,2026-04-11,s16,3.1582,,0
4550,1776445151,s19,-3.7853,BAD,2
8888,2026-04-15,s24,-2.0642,,2
118,1716657516,s27,2.2531,OK,0
6044,1722014158,s18,1.8197,good,0
5835,1771507802,s16,3.7344,ok,0
8162,1747665217,s7,0.1441,good,0
13528,2026-06-11,s37,5.1413,OK,1
13146,2026-03-13,s8,0.1479,good,0
8282,1784539738,s13,2.2849,good,1
11048,2026-02-18,s30,-1.5373,OK,2
16490,1735253772,s12,-4.1031,ok,2
14485,2026-09-11,s8,-0.1855,ok,2
18081,1788230905,s24,2.8957,,0
4243,1709578429,s34,-0.2639,OK,0
16028,2026-08-14,s18,7.8287,,1
10649,2026-09-17,s10,4.0709,BAD,0
3746,2026-04-17,s26,4.852,good,1
236,1709736221,s11,6.8611,ok,1
14652,1772579329,s24,5.6064,ok,1
14821,1756814010,s8,1.3527,ok,1
7636,2026-04-19,s19,-0.0415,ok,0
18780,2026-04-12,s25,5.3933,good,1
19186,1746422516,s33,5.9527,BAD,1
5543,1746654999,s26,-0.2297,good,0
3686,2026-05-14,s27,0.0643,OK,0
5691,1774582506,s40,-5.858,,2
11309,2026-09-19,s31,-3.2574,BAD,2
1287,2026-07-14,s4,4.1678,,1
13481,1758506206,s20,-7.322,BAD,2
149,1704511240,s38,5.8361,ok,1
17177,1753256493,s11,1.237,ok,0
16039,1723269028,s40,-0.8884,ok,0
5748,2026-02-11,s25,0.6266,OK,1
11218,2026-05-11,s32,,ok,0
10472,2026-07-15,s32,2.3767,ok,0
6290,1724013713,s8,-5.8708,OK,2
8990,2026-04-15,s31,4.5965,BAD,1
19525,1760446557,s20,-4.9346,good,2
17067,2026-05-15,s22,0.9638,OK,0
7920,1770678184,s4,6.2873,ok,1
5846,1722983786,s29,8.0606,BAD,1
13130,2026-05-12,s39,2.4193,ok,1
9959,1735096507,s35,3.9821,ok,1
12596,1736824602,s17,2.7477,good,1
15272,2026-09-19,s7,4.1789,good,1
15835,2026-02-18,s36,-1.4551,OK,2
3959,1783949305,s18,4.6418,BAD,1
13614,1731087227,s26,-1.498,OK,2
7673,2026-09-14,s37,3.9052,OK,0
16060,1789623667,s4,-2.6473,BAD,2
14742,1743011652,s1,2.9507,ok,0
12773,2026-08-11,s21,3.5039,BAD,1
12727,1755446022,s9,0.2668,,2
13202,1748457674,s37,0.1058,OK,0
16701,2026-05-10,s20,1.0041,BAD,0
5696,1730334093,s24,4.8315,,0
1322,2026-07-15,s13,1.5683,BAD,0
2286,1783718848,s38,3.285,good,1
18252,2026-06-14,s32,-0.8824,ok,2
11145,2026-06-18,s21,-3.815,,2
15273,1743065216,s14,3.1291,,0
14333,2026-08-14,s15,2.5688,BAD,0
8404,2026-06-19,s29,6.483,ok,1
13452,2026-09-11,s5,3.2915,ok,1
555,1754640285,s29,7.9267,ok,1
12658,1746860884,s28,-3.1309,BAD,2
6095,1710590546,s22,2.688,good,1
6305,2026-01-19,s15,-1.0141,BAD,0
1971,1717131792,s28,6.0783,good,1
4776,1747449205,s1,-4.1834,ok,2
16977,2026-05-18,s23,3.664,good,0
15194,1788847171,s36,-1.8372,OK,2
10571,2026-08-12,s4,1.8493,BAD,0
11289,1721515537,s20,4.891,ok,0
3181,2026-02-16,s26,0.5302,good,0
10875,1757951221,s29,7.1809,OK,1
8311,1729247479,s29,-0.1708,OK,0
13672,1710890490,s1,3.1026,good,0
3505,1746566797,s14,7.6446,OK,1
18397,1750687310,s18,-2.2465,BAD,2
2516,1732418888,s5,-5.0397,,2
8922,1726849312,s5,-0.9164,BAD,2
2038,2026-03-10,s30,-3.609,ok,2
7887,1749301072,s12,-2.0962,ok,2
9455,1758966356,s3,-1.1391,BAD,0
1552,1761573232,s23,-3.5617,good,2
18324,1766612900,s31,3.658,,0
6331,1720137100,s15,-4.8982,ok,2
13315,1727344000,s9,-0.4259,good,2
5765,1719807834,s19,3.0791,ok,1
14875,2026-07-14,s8,,,2
15913,2026-07-16,s35,6.6962,,1
11874,2026-06-13,s14,-2.0601,BAD,0
8896,1702457492,s8,1.2444,,1
16487,2026-01-12,s2,-2.8867,,2
2097,2026-08-11,s6,-3.0862,ok,0
10023,2026-03-18,s11,-3.5235,,2
13415,1765190423,s38,-0.8781,good,0
6660,2026-07-14,s4,1.0754,BAD,0
15541,2026-01-12,s1,3.7694,ok,1
18176,1745562497,s35,-5.3529,OK,2
7920,1770678184,s4,6.2873,ok,1
18900,2026-05-15,s39,-1.8466,OK,2
8874,1727013098,s33,1.5287,OK,1
5372,2026-06-17,s27,1.9848,OK,0
5492,1707593632,s25,-3.9988,,2
4443,1753499027,s34,0.5206,,2
4039,2026-07-12,s21,0.8917,good,0
19828,1740989568,s31,4.6066,OK,1
13627,2026-05-13,s24,-1.4931,,2
8490,1780779944,s11,2.5653,,1
8032,2026-05-13,s30,8.5282,BAD,1
17779,2026-04-14,s35,1.9035,good,1
15793,1776582829,s24,3.2685,,0
19962,2026-06-10,s6,-1.0136,BAD,0
132,1765201531,s27,-1.6749,BAD,2
19504,2026-04-17,s27,2.8049,,1
14345,1777496877,s20,-1.8822,good,2
10816,1754475239,s14,-1.6547,good,0
8122,2026-03-16,s40,4.3154,good,1
5211,1750975970,s9,-0.8209,BAD,0
8970,1717742560,s1,2.8982,ok,0
457,2026-05-10,s14,-4.5293,good,2
388,2026-08-19,s4,1.9497,,1
10780,1784539109,s14,-0.8603,ok,2
3905,2026-05-15,s17,0.5979,ok,0
1125,2026-08-14,s7,1.6861,ok,0
18436,2026-04-15,s10,6.9571,,1
803,2026-03-11,s6,1.5209,BAD,0
13595,2026-05-19,s2,-1.5726,ok,2
13616,1730029802,s19,2.713,BAD,1
14183,1747075864,s29,3.0337,,1
6013,1787479979,s32,1.8744,ok,0
19139,2026-01-12,s30,1.1641,ok,1
10050,2026-08-14,s26,0.1074,ok,0
3370,1738681501,s18,7.8826,ok,1
9860,2026-04-15,s33,4.0828,OK,0
833,2026-08-12,s28,4.6731,ok,1
11139,2026-06-14,s20,-0.1973,ok,0
19292,2026-09-10,s4,1.037,OK,1
5252,1750026106,s36,-2.5081,good,2
14214,1701026717,s8,-1.687,BAD,2
11717,2026-07-10,s4,-1.3426,good,2
4009,2026-04-10,s9,0.6296,good,0
10961,2026-08-15,s7,3.8625,,1
12815,1705652731,s12,-6.2505,ok,2
19682,2026-09-11,s16,3.76,OK,0
17706,2026-07-15,s37,2.0758,,0
15668,1733533862,s14,6.6003,good,1
16383,2026-09-12,s12,,BAD,0
14035,2026-04-18,s20,,,0
18880,1720264745,s40,2.7985,OK,0
19884,2026-01-15,s15,3.9206,OK,1
2322,1716630304,s20,0.2848,good,0
8973,1776253023,s26,4.8127,OK,1
10928,1740791884,s24,3.548,good,1
4186,1765707659,s19,0.5103,OK,1
4639,2026-05-11,s13,-0.6799,OK,0
11600,1768447395,s38,0.8431,ok,0
7274,2026-07-19,s18,,,1
10887,1730329616,s30,1.968,BAD,0
11796,1722902820,s22,-4.1387,,2
17351,1710730018,s33,3.9444,good,1
18204,2026-03-12,s37,0.0877,good,0
19535,1718975905,s5,6.016,,1
10418,2026-09-16,s37,2.0248,BAD,0
5057,2026-06-17,s29,2.7686,BAD,0
16695,2026-06-17,s1,-3.5328,good,2
12627,2026-02-19,s3,-2.6746,BAD,2
5281,2026-01-12,s39,5.9892,good,1
1825,2026-01-11,s33,3.6564,ok,0
16282,2026-04-19,s33,0.0595,,0
16580,2026-06-11,s24,3.863,BAD,1
8854,2026-09-18,s17,7.5074,good,1
14071,1769584527,s5,3.4975,ok,1
18432,2026-05-12,s13,2.356,good,0
11242,2026-02-17,s32,-0.1262,BAD,0
674,2026-03-17,s23,-1.7778,good,2
15771,1721117028,s35,-1.3109,BAD,2
9259,2026-01-14,s32,-0.6496,OK,2
12985,2026-02-19,s28,5.2149,OK,0
3994,2026-03-16,s12,0.7741,,0
13612,2026-06-13,s37,2.1264,BAD,0
14873,2026-06-15,s34,2.1537,good,2
3965,1785761894,s30,-0.768,OK,2
674,2026-03-17,s23,-1.7778,good,2
1869,2026-06-16,s22,2.3984,BAD,0
13165,2026-05-10,s30,-2.4361,ok,2
1200,2026-07-14,s3,-4.195,ok,2
4629,1735097235,s39,-1.1181,OK,0
4550,1776445151,s19,-3.7853,BAD,2
16513,2026-04-13,s36,-2.6674,BAD,2
18464,2026-02-10,s13,2.3254,ok,1
1839,2026-01-11,s14,-0.9529,OK,0
284,2026-09-12,s39,4.4518,OK,1
7820,1778794343,s7,-2.4986,,2
14361,2026-07-10,s35,7.4545,OK,1
15166,1725222187,s33,-0.4561,,2
257,2026-02-11,s17,2.8475,BAD,1
5378,2026-07-10,s6,-1.1463,good,0
7111,1700262345,s2,3.8534,OK,1
3639,1745849761,s8,4.3154,good,1
9449,2026-03-17,s30,-0.9143,,2
6084,1740865738,s16,-5.7093,ok,2
15301,2026-08-18,s9,4.8584,ok,1
11472,1714685121,s10,2.0683,BAD,0
5781,1779273473,s36,-2.6821,ok,0
9650,2026-07-11,s24,0.754,good,0
17574,1749668008,s6,-2.9957,good,2
2842,1735604390,s11,-1.5242,OK,2
13004,2026-07-13,s30,-2.75,OK,2
3314,1710721894,s17,-4.5635,,2
1784,1702752851,s7,3.7125,,1
6394,1778477124,s26,0.0559,OK,0
13527,1759005120,s25,-6.6567,BAD,2
11873,2026-04-12,s30,-3.5463,OK,2
10609,2026-03-17,s28,-6.3325,OK,2
10010,1736300260,s23,-3.5557,good,2
4942,1754546814,s13,4.1642,OK,1
8600,1703169633,s11,-1.6478,OK,0
2584,1720874063,s5,-0.2602,good,0
3905,2026-05-15,s17,0.5979,ok,0
962,2026-06-18,s24,-0.6226,ok,0
6961,2026-01-13,s33,0.7461,good,0
309,1745598821,s7,-3.6544,BAD,2
16373,2026-06-15,s29,3.7914,OK,1
12605,2026-08-14,s22,1.5896,BAD,0
10955,2026-05-14,s10,1.1472,,0
5635,1705804204,s35,1.323,OK,0
433,2026-03-15,s19,-2.3202,,0
13206,2026-09-13,s24,6.6058,ok,1
19532,2026-08-12,s30,2.5641,ok,1
14123,1709267698,s1,2.6553,BAD,0
5838,1763934673,s20,-2.9679,,2
13686,2026-08-16,s40,5.0052,good,1
9789,1774568604,s1,-3.4368,good,2
17524,1754668353,s34,-1.2452,BAD,0
6852,1744951936,s34,3.378,ok,0
6734,2026-02-10,s35,4.1886,good,1
11109,1722692694,s32,0.3525,BAD,0
13267,2026-04-18,s38,0.3617,,0
15124,1780826047,s10,3.3169,ok,0
15203,2026-01-19,s26,-1.6935,,2
6329,2026-06-17,s28,3.7738,ok,1
8412,1768474626,s34,-2.7542,good,2
6601,1752520036,s15,4.6365,ok,0
16258,2026-03-14,s37,6.4577,BAD,1
14508,1710595030,s26,-4.466,,2
3910,2026-06-19,s36,-0.2341,OK,2
2873,1785432790,s29,-0.2852,,0
19802,2026-03-14,s26,3.3549,BAD,0
577,1718128612,s39,5.0781,good,1
3843,2026-05-17,s36,-1.9104,,2
4552,1707603268,s24,2.7442,OK,1
8557,1766829662,s5,-3.4277,,2
10088,2026-09-12,s14,7.1496,OK,1
8896,1702457492,s8,1.2444,,1
5846,1722983786,s29,8.0606,BAD,1
11534,2026-07-18,s35,1.9865,BAD,1
10003,2026-02-14,s22,4.1928,ok,1
13204,1783319934,s19,-2.5425,good,0
16913,2026-03-14,s12,4.0162,OK,1
9774,1779690795,s40,-2.0553,,2
14742,1743011652,s1,2.9507,ok,0
15625,2026-09-19,s37,0.3768,,0
17737,2026-08-15,s11,5.5401,ok,1
3182,1701660454,s9,6.8916,BAD,1
16126,2026-08-17,s18,6.1253,ok,1
14532,1780689817,s24,-2.4856,good,0
15979,2026-05-16,s9,2.0642,good,0
4579,1728996336,s22,-1.2659,OK,0
12048,2026-07-19,s17,4.9118,good,1
5179,2026-05-10,s10,-0.0949,ok,0
14851,1714176228,s2,0.0293,,0
2246,2026-04-12,s29,-0.9305,OK,0
17649,2026-07-12,s21,2.6149,OK,1
15693,1769420031,s23,3.6823,ok,1
16080,1748070715,s21,0.325,,2
19834,2026-03-15,s25,0.7558,,0
8408,1729210607,s26,-1.3285,BAD,2
15642,1711942010,s39,-1.9167,good,2
16014,1706075540,s19,-0.7655,BAD,2
4925,1748255328,s36,0.6615,good,0
11159,2026-08-14,s9,-2.0186,BAD,2
6073,2026-06-13,s14,4.1411,OK,1
19605,1781833907,s24,1.5907,OK,1
16274,2026-06-12,s10,3.165,,0
9579,1728166309,s4,0.1691,good,0
7272,1748036818,s29,6.0677,,1
2131,2026-04-11,s5,5.9934,BAD,1
12488,1738439318,s22,,,0
9844,1781227669,s8,0.0742,OK,0
13875,1781149241,s32,3.5789,good,1
5912,2026-08-16,s13,5.0714,BAD,1
2353,2026-03-16,s5,-0.8343,,0
8309,1717249515,s16,2.3907,OK,0
17171,1740703960,s37,1.2873,ok,0
18559,2026-06-17,s9,4.0774,OK,0
11594,1788502365,s35,5.7458,ok,1
5419,1736861247,s5,-2.2181,good,2
19637,2026-01-12,s18,4.6932,OK,1
10594,2026-06-13,s17,5.9366,ok,1
4526,1763955468,s14,1.6992,,1
17848,2026-05-16,s10,-2.3486,BAD,2
8667,1738357505,s23,2.1765,ok,2
19052,1726350603,s33,3.2938,OK,1
259,2026-06-10,s38,-2.7921,OK,2
13416,2026-06-14,s21,-2.5634,ok,2
397,2026-08-13,s38,1.2815,ok,0
2459,1756167184,s35,-3.4074,,2
11113,1751883686,s6,-2.3583,OK,2
18362,1785041868,s30,-2.8539,good,2
7552,2026-06-18,s24,-0.4569,BAD,0
19128,1753905590,s24,2.2482,,1
463,2026-07-16,s10,5.5954,ok,1
8165,1716057828,s36,4.5068,good,1
12905,2026-07-12,s16,-0.9425,BAD,2
19978,2026-06-10,s16,-4.6083,BAD,2
10049,1743499972,s15,,BAD,2
17240,2026-08-16,s10,-0.9413,BAD,2
6367,2026-05-13,s36,5.2676,ok,1
6702,2026-09-19,s20,1.7109,OK,0
19115,2026-05-16,s7,,,2
16624,2026-06-16,s15,6.4876,ok,1
10785,2026-09-19,s16,-4.7659,,2
15778,2026-02-19,s3,0.7602,OK,0
14913,2026-09-12,s34,1.9529,,1
7289,1740981191,s19,6.0851,ok,1
4321,2026-04-19,s7,-1.9963,,2
549,2026-04-17,s37,1.9435,BAD,1
674,2026-03-17,s23,-1.7778,good,2
14249,1722698348,s37,2.9088,ok,0
5373,2026-05-10,s21,0.7388,OK,0
16064,2026-09-15,s23,0.2985,good,0
15885,1776003561,s1,-2.7352,good,2
992,1759202615,s29,-1.8229,ok,2
19450,1727523311,s15,4.5499,ok,1
3502,1702818215,s40,7.4142,good,1
13412,1727078797,s11,-0.3452,ok,0
9785,2026-07-13,s9,-2.6041,ok,2
3652,1762154888,s1,-1.2799,ok,2
6748,2026-09-15,s22,5.4568,BAD,1
16211,1705645687,s10,-3.316,ok,2
14314,1726794233,s16,3.9689,ok,1
16876,2026-04-16,s31,0.1035,OK,0
2058,2026-01-18,s6,4.3898,BAD,1
1858,2026-06-15,s14,4.6974,ok,1
8427,2026-04-17,s7,7.0861,ok,1
10137,2026-05-10,s29,4.4554,BAD,1
14868,2026-08-11,s17,3.5683,ok,0
18057,2026-02-11,s7,7.0786,BAD,1
13389,2026-06-15,s2,1.918,,0
2686,1733772509,s12,-4.108,ok,2
14729,1783942427,s15,,OK,2
16763,2026-04-14,s2,6.4711,OK,1
3278,2026-03-13,s38,-3.2977,good,2
19071,2026-08-12,s7,-4.2097,OK,2
5013,2026-02-11,s37,-3.4029,OK,2
3622,1704739604,s22,-5.3961,OK,2
1187,1733103341,s17,-0.5791,ok,0
15578,2026-03-11,s3,-2.2355,ok,2
2110,1769378345,s26,0.1437,OK,1
5553,2026-03-17,s2,-2.5721,good,2
1438,1702592435,s11,-5.5057,OK,2
1689,2026-09-16,s18,,good,1
3155,2026-06-19,s18,-0.2176,good,2
8329,2026-06-13,s32,9.012,,1
14634,1745842809,s12,0.036,ok,0
6665,2026-06-16,s30,-3.2838,good,2
1658,1722453721,s1,0.3395,OK,1
7017,2026-04-19,s32,5.1569,,0
1007,1711307671,s13,2.2894,ok,1
12555,1782409792,s35,-0.4691,good,0
6746,2026-05-12,s34,-1.4266,OK,2
1315,2026-08-17,s20,2.1602,ok,1
19213,2026-01-17,s38,3.1492,good,1
18046,2026-06-13,s10,-1.432,BAD,2
9944,1745632191,s22,2.4709,ok,1
1404,1719336900,s26,1.2073,ok,0
9916,1776161635,s39,2.9877,BAD,1
13524,2026-07-18,s18,7.1575,BAD,1
12170,2026-03-19,s10,1.3896,,0
17928,2026-07-16,s29,-2.1217,BAD,2
13335,1773548038,s9,,good,0
9510,1738176340,s17,-3.2124,,2
7157,2026-05-17,s35,-2.4023,good,2
9659,2026-07-10,s18,5.4379,BAD,1
17604,1725536578,s12,0.8754,OK,0
13072,1784442291,s34,-3.6745,OK,2
2788,1785714762,s34,-4.8827,ok,2
6729,1744623495,s3,2.9473,good,1
285,2026-06-12,s3,5.766,BAD,1
12557,2026-03-13,s18,0.9837,,0
7808,2026-06-17,s8,-0.8099,ok,0
980,1731165103,s4,-0.2922,BAD,2
85,2026-06-14,s28,5.5871,BAD,1
4389,1703268441,s40,2.4212,BAD,0
14494,2026-09-15,s18,4.0227,OK,1
12751,2026-07-10,s26,1.8903,OK,1
8385,1757141120,s9,-6.6233,good,2
10439,1733286904,s8,-0.121,,0
17854,2026-08-14,s13,7.6134,ok,1
8115,1776504213,s3,,ok,1
18698,2026-07-13,s30,2.8366,BAD,0
12594,2026-03-15,s7,-4.6178,good,2
11590,2026-01-13,s1,0.3157,ok,0
16402,2026-02-12,s15,-4.06,BAD,2
13891,2026-01-15,s10,-3.4206,good,2
14414,1755238293,s33,1.8394,,0
11515,2026-05-15,s34,3.7289,ok,0
18149,2026-05-17,s12,-2.0998,BAD,2
3172,2026-03-16,s38,0.513,ok,2
1672,1781690703,s29,0.4551,BAD,0
8664,1702968054,s14,4.2521,ok,1
136,1789349183,s35,0.1151,,2
6227,2026-04-10,s27,,,0
12900,1719390786,s3,-6.0259,ok,2
15733,1730536590,s14,-2.1336,,2
19997,2026-04-17,s23,-3.8788,ok,2
6663,2026-08-10,s31,3.8562,OK,1
430,1726514883,s1,5.1088,BAD,1
6656,2026-02-15,s38,-2.6279,OK,2
9847,2026-07-17,s30,4.2206,good,1
16970,1775588331,s37,-2.2812,ok,2
3555,1752111988,s37,3.926,BAD,1
14333,2026-08-14,s15,2.5688,BAD,0
7663,2026-04-14,s25,3.0532,,0
5365,1707599951,s13,3.0146,,1
560,2026-07-17,s37,5.0513,BAD,1
15268,2026-07-10,s30,-3.4535,OK,2
11048,2026-02-18,s30,-1.5373,OK,2
3617,2026-01-13,s17,6.8352,,1
9479,1787547534,s16,2.6857,good,0
4039,2026-07-12,s21,0.8917,good,0
19611,1718624000,s24,2.5389,,1
5340,1778754392,s10,4.0576,OK,1
3251,2026-02-18,s21,1.6843,good,0
4856,1760936965,s32,0.6373,OK,1
18508,1755353138,s9,-1.7147,OK,0
14413,2026-05-19,s12,3.3847,ok,1
1836,1773043311,s32,-3.2297,good,2
6606,2026-06-12,s25,-2.2913,,0
19058,1780653419,s24,-2.7845,ok,2
6606,2026-06-12,s25,-2.2913,,0
17693,2026-01-18,s22,-3.5307,,2
389,1781447349,s13,0.704,good,1
11612,2026-05-12,s14,0.4696,OK,0
11823,2026-01-12,s9,5.8485,good,1
16648,2026-04-19,s15,4.7007,BAD,0
12211,1703605026,s21,-5.6115,,2
1466,2026-02-15,s27,-2.1238,BAD,0
1169,2026-02-18,s40,-2.8195,ok,2
13364,1742126181,s25,3.7099,BAD,1
13646,2026-09-12,s8,5.3742,ok,1
18523,1787187260,s16,-0.0106,good,0
1607,1732169751,s28,1.9526,good,0
1226,1788784699,s23,6.1152,ok,1
10968,1740082870,s11,3.1156,BAD,1
9015,2026-02-16,s40,1.311,BAD,0
17156,2026-05-13,s19,2.4255,,2
16648,2026-04-19,s15,4.7007,BAD,0
2247,1785225047,s25,0.38,,0
10144,1755854984,s7,-0.559,BAD,0
7974,2026-01-12,s13,3.9236,,1
2199,2026-08-16,s32,-4.6579,ok,2
5396,2026-09-17,s19,3.2747,,1
8170,1735030456,s3,-2.725,BAD,2
3937,2026-07-16,s27,0.1,BAD,1
13310,2026-03-18,s3,-3.7678,ok,2
15826,1752366261,s37,5.4285,ok,1
9439,2026-09-18,s19,-2.3345,ok,2
12674,1767601469,s24,4.9994,BAD,1
1013,1730040105,s18,2.2566,ok,0
1495,2026-03-11,s1,-0.8488,ok,2
1131,1710791409,s20,-3.7729,,2
8511,1772115778,s40,1.1039,good,0
19192,2026-05-18,s2,,,2
674,2026-03-17,s23,-1.7778,good,2
13109,1773127574,s15,2.0226,OK,0
9446,2026-04-19,s5,5.1983,good,1
6097,1761476752,s8,5.0721,BAD,1
17795,1775339583,s28,-4.7832,BAD,2
13563,2026-08-11,s29,1.486,,0
14845,1718301187,s36,4.0905,,1
5191,2026-01-19,s37,5.05,BAD,1
8086,1731647301,s10,4.9801,ok,0
19706,2026-09-19,s4,-4.5306,good,2
14571,2026-09-14,s13,-2.4546,BAD,2
19162,2026-09-10,s31,1.3766,,0
7280,1716722961,s8,-0.1663,,0
10282,1781014809,s4,5.2278,BAD,1
14874,2026-07-15,s19,-2.0415,OK,0
8201,1737229810,s25,6.2529,BAD,1
5559,1770786317,s1,1.1901,ok,0
961,1720846637,s20,2.4913,ok,0
12999,1786971443,s7,0.3418,good,0
18241,2026-05-16,s26,3.6876,BAD,0
9246,1721260825,s24,-1.7422,,2
19376,1735619757,s33,7.9165,,1
19986,1749975471,s29,-2.0848,,2
16005,2026-02-19,s24,1.0767,OK,0
4840,1782599894,s12,-0.0529,OK,2
1467,2026-07-16,s19,-2.0808,good,2
8333,1786863076,s14,1.7828,ok,0
18147,1730735249,s33,0.8551,BAD,0
6606,2026-06-12,s25,-2.2913,,0
2575,2026-03-18,s36,-2.1281,ok,2
9837,1737877786,s37,-3.9436,good,2
11637,2026-04-14,s11,6.3478,BAD,1
18279,1760031140,s28,-1.68,good,2
1407,2026-07-13,s17,2.9195,BAD,1
8996,1707831829,s39,4.1069,BAD,1
15787,2026-08-19,s7,-2.1857,good,2
10827,1717760567,s34,1.5067,OK,0
12385,2026-02-12,s37,6.2,good,1
833,2026-08-12,s28,4.6731,ok,1
8816,1786595421,s14,-2.1288,BAD,2
1939,2026-08-15,s40,-5.4924,good,2
3368,1722919742,s31,-1.6634,,2
995,2026-09-12,s37,-4.3146,BAD,2
17689,1710362502,s23,5.8732,OK,1
15149,1729422762,s37,-0.2167,good,2
1489,2026-03-19,s35,-6.0872,ok,2
8870,2026-01-10,s39,-4.0505,OK,2
8515,2026-01-11,s19,-0.1453,good,0
12396,2026-08-19,s29,4.0465,OK,1
8894,2026-06-19,s7,-3.0067,OK,2
2983,1758459805,s12,1.9307,OK,0
896,1753187135,s10,-0.9737,OK,0
17470,2026-08-15,s16,2.9186,good,1
17203,2026-03-19,s5,1.9099,OK,0
2386,2026-01-17,s20,-0.919,good,2
15333,1744484227,s36,1.835,OK,1
18252,2026-06-14,s32,-0.8824,ok,2
5552,1701038757,s37,4.3135,good,1
13569,2026-04-13,s11,1.3932,OK,1
19367,2026-04-19,s1,-0.9224,ok,2
18440,2026-09-12,s1,2.0041,,1
2275,1755066408,s9,5.4119,,1
18926,1725776499,s24,3.4032,ok,0
14543,1746896945,s7,,ok,1
3924,1768512911,s15,4.0172,,1
2931,1733674639,s38,4.4188,OK,1
2623,2026-01-14,s33,,OK,2
14332,1748071227,s21,-5.8647,BAD,2